cell_id,lat,lon,distance_km,G_WSM,G_CMT,G_v04b_total,slab2_covered,slab2_node_count,slab2_regions,slab2_depth_km,slab2_dip_deg,slab2_strike_deg,slab2_uncertainty_km,slab2_strike_coherence,Q_slab,A_slab,G_slab,G_v04c_total,T13_exact_none_%,T18_exact_none_%,T13_ever_none_%,T18_ever_none_%,T13_first_none_%,T18_first_none_%,T13_exact_v03_%,T18_exact_v03_%,T13_ever_v03_%,T18_ever_v03_%,T13_first_v03_%,T18_first_v03_%,T13_exact_v04a_%,T18_exact_v04a_%,T13_ever_v04a_%,T18_ever_v04a_%,T13_first_v04a_%,T18_first_v04a_%,T13_exact_v04b_%,T18_exact_v04b_%,T13_ever_v04b_%,T18_ever_v04b_%,T13_first_v04b_%,T18_first_v04b_%,T13_exact_v04c_%,T18_exact_v04c_%,T13_ever_v04c_%,T18_ever_v04c_%,T13_first_v04c_%,T18_first_v04c_%,DeltaEver_v04c_vs_v04b_T18_pp,DeltaExact_v04c_vs_v04b_T18_pp,Rank_first_v04c_T18,Rank_ever_v04c_T18
0,-57.5,-177.5,11124.825946233463,1.1103994093899012,1.0,1.1103994093899012,False,0,,,,,,0.0,0.0,0.5,1.0,1.1103994093899012,0.0,0.0,0.0,0.02,0.0,0.02,0.0,0.0,0.0,0.02,0.0,0.02,0.0,0.0,0.0,0.02,0.0,0.02,0.0,0.0,0.0,0.02,0.0,0.02,0.0,0.0,0.0,0.02,0.0,0.02,0.0,0.0,818,918
1,-57.5,-172.5,11332.953071394806,1.078190094863802,1.0,1.078190094863802,False,0,,,,,,0.0,0.0,0.5,1.0,1.078190094863802,0.0,0.04,0.02,0.08,0.02,0.05,0.0,0.05,0.02,0.1,0.02,0.06,0.0,0.05,0.02,0.1,0.02,0.06,0.0,0.05,0.02,0.1,0.02,0.06,0.0,0.05,0.02,0.1,0.02,0.06,0.0,0.0,240,83
2,-57.5,-167.5,11554.904231721755,1.069558434688545,1.0,1.069558434688545,False,0,,,,,,0.0,0.0,0.5,1.0,1.069558434688545,0.0,0.01,0.0,0.05,0.0,0.04,0.0,0.01,0.0,0.05,0.0,0.04,0.0,0.01,0.0,0.05,0.0,0.04,0.0,0.01,0.0,0.05,0.0,0.04,0.0,0.01,0.0,0.05,0.0,0.04,0.0,0.0,526,618
3,-57.5,-162.5,11789.577093409838,1.085113422495883,1.0,1.085113422495883,False,0,,,,,,0.0,0.0,0.5,1.0,1.085113422495883,0.0,0.03,0.0,0.1,0.0,0.08,0.0,0.05,0.0,0.12,0.0,0.1,0.0,0.05,0.0,0.12,0.0,0.1,0.0,0.05,0.0,0.12,0.0,0.1,0.0,0.05,0.0,0.12,0.0,0.1,0.0,0.0,13,18
4,-57.5,-157.5,12035.862474628648,1.105243739061074,1.0,1.105243739061074,False,0,,,,,,0.0,0.0,0.5,1.0,1.105243739061074,0.0,0.04,0.01,0.08,0.01,0.04,0.0,0.04,0.01,0.08,0.01,0.04,0.0,0.04,0.01,0.08,0.01,0.04,0.0,0.04,0.01,0.08,0.01,0.04,0.0,0.04,0.01,0.08,0.01,0.04,0.0,0.0,526,221
5,-57.5,-152.5,12292.647799265778,1.105305820769323,1.0,1.105305820769323,False,0,,,,,,0.0,0.0,0.5,1.0,1.105305820769323,0.01,0.01,0.02,0.06,0.02,0.06,0.01,0.02,0.02,0.07,0.02,0.07,0.01,0.02,0.02,0.07,0.02,0.07,0.01,0.02,0.02,0.07,0.02,0.07,0.01,0.02,0.02,0.07,0.02,0.07,0.0,0.0,135,339
6,-57.5,-147.5,12558.81725172667,1.0859617707278522,1.0,1.0859617707278522,False,0,,,,,,0.0,0.0,0.5,1.0,1.0859617707278522,0.0,0.03,0.0,0.05,0.0,0.03,0.0,0.03,0.0,0.05,0.0,0.04,0.0,0.03,0.0,0.05,0.0,0.04,0.0,0.03,0.0,0.05,0.0,0.04,0.0,0.03,0.0,0.05,0.0,0.04,0.0,0.0,526,618
7,-57.5,-142.5,12833.24852254519,1.0575072681332889,1.0,1.0575072681332889,False,0,,,,,,0.0,0.0,0.5,1.0,1.0575072681332889,0.01,0.02,0.03,0.06,0.03,0.05,0.01,0.01,0.03,0.06,0.03,0.05,0.01,0.01,0.03,0.06,0.03,0.05,0.01,0.01,0.03,0.06,0.03,0.05,0.01,0.01,0.03,0.06,0.03,0.05,0.0,0.0,366,472
8,-57.5,-137.5,13114.805953329425,1.0260415324107834,1.0,1.0260415324107834,False,0,,,,,,0.0,0.0,0.5,1.0,1.0260415324107834,0.0,0.03,0.01,0.1,0.01,0.07,0.0,0.03,0.01,0.1,0.01,0.07,0.0,0.03,0.01,0.1,0.01,0.07,0.0,0.03,0.01,0.1,0.01,0.07,0.0,0.03,0.01,0.1,0.01,0.07,0.0,0.0,135,83
9,-57.5,-132.5,13402.32974842689,0.9981863841072924,1.0,0.9981863841072924,False,0,,,,,,0.0,0.0,0.5,1.0,0.9981863841072924,0.02,0.05,0.03,0.08,0.02,0.05,0.02,0.05,0.03,0.08,0.02,0.05,0.02,0.05,0.03,0.08,0.02,0.05,0.02,0.05,0.03,0.08,0.02,0.05,0.02,0.05,0.03,0.08,0.02,0.05,0.0,0.0,366,221
10,-57.5,-127.5,13694.620715769184,0.9664111140600861,1.0,0.9664111140600861,False,0,,,,,,0.0,0.0,0.5,1.0,0.9664111140600861,0.0,0.02,0.0,0.07,0.0,0.07,0.0,0.02,0.0,0.07,0.0,0.07,0.0,0.02,0.0,0.07,0.0,0.07,0.0,0.02,0.0,0.07,0.0,0.07,0.0,0.02,0.0,0.07,0.0,0.07,0.0,0.0,135,339
11,-57.5,-122.5,13990.419724341744,0.9321843368427412,1.0,0.9321843368427412,False,0,,,,,,0.0,0.0,0.5,1.0,0.9321843368427412,0.0,0.01,0.0,0.04,0.0,0.03,0.0,0.01,0.0,0.04,0.0,0.03,0.0,0.01,0.0,0.04,0.0,0.03,0.0,0.01,0.0,0.04,0.0,0.03,0.0,0.01,0.0,0.04,0.0,0.03,0.0,0.0,665,762
12,-57.5,-117.5,14288.380714017383,0.896955833147756,1.0,0.896955833147756,False,0,,,,,,0.0,0.0,0.5,1.0,0.896955833147756,0.0,0.03,0.01,0.07,0.01,0.06,0.0,0.04,0.01,0.08,0.01,0.07,0.0,0.04,0.01,0.08,0.01,0.07,0.0,0.04,0.01,0.08,0.01,0.07,0.0,0.04,0.01,0.08,0.01,0.07,0.0,0.0,135,221
13,-57.5,-112.5,14587.03566479773,0.8578898833662366,1.0,0.8578898833662366,False,0,,,,,,0.0,0.0,0.5,1.0,0.8578898833662366,0.01,0.07,0.01,0.09,0.0,0.04,0.01,0.07,0.01,0.09,0.0,0.04,0.01,0.07,0.01,0.09,0.0,0.04,0.01,0.07,0.01,0.09,0.0,0.04,0.01,0.07,0.01,0.09,0.0,0.04,0.0,0.0,526,146
14,-57.5,-107.5,14884.749448648645,0.8181440312915549,1.0,0.8181440312915549,False,0,,,,,,0.0,0.0,0.5,1.0,0.8181440312915549,0.0,0.0,0.0,0.01,0.0,0.01,0.0,0.0,0.0,0.01,0.0,0.01,0.0,0.0,0.0,0.01,0.0,0.01,0.0,0.0,0.0,0.01,0.0,0.01,0.0,0.0,0.0,0.01,0.0,0.01,0.0,0.0,913,950
15,-57.5,-102.5,15179.662026552174,0.8150184567775685,1.0,0.8150184567775685,False,0,,,,,,0.0,0.0,0.5,1.0,0.8150184567775685,0.0,0.03,0.0,0.04,0.0,0.03,0.0,0.03,0.0,0.04,0.0,0.02,0.0,0.03,0.0,0.04,0.0,0.02,0.0,0.03,0.0,0.04,0.0,0.02,0.0,0.03,0.0,0.04,0.0,0.02,0.0,0.0,818,762
16,-57.5,-97.5,15469.615222060622,1.0139954837833711,1.0,1.0139954837833711,False,0,,,,,,0.0,0.0,0.5,1.0,1.0139954837833711,0.0,0.02,0.01,0.05,0.01,0.05,0.0,0.02,0.01,0.05,0.01,0.05,0.0,0.02,0.01,0.05,0.01,0.05,0.0,0.02,0.01,0.05,0.01,0.05,0.0,0.02,0.01,0.05,0.01,0.05,0.0,0.0,366,618
17,-57.5,-92.5,15752.06176999897,1.0405237617016234,1.0,1.0405237617016234,False,0,,,,,,0.0,0.0,0.5,1.0,1.0405237617016234,0.01,0.03,0.02,0.07,0.02,0.05,0.01,0.03,0.02,0.07,0.02,0.05,0.01,0.03,0.02,0.07,0.02,0.05,0.01,0.03,0.02,0.07,0.02,0.05,0.01,0.03,0.02,0.07,0.02,0.05,0.0,0.0,366,339
18,-57.5,-87.5,16023.956474734003,1.0561257730341025,1.0,1.0561257730341025,False,0,,,,,,0.0,0.0,0.5,1.0,1.0561257730341025,0.0,0.09,0.01,0.16,0.01,0.1,0.0,0.09,0.01,0.16,0.01,0.09,0.0,0.09,0.01,0.16,0.01,0.09,0.0,0.09,0.01,0.16,0.01,0.09,0.0,0.09,0.01,0.16,0.01,0.09,0.0,0.0,29,1
19,-57.5,-82.5,16281.634926522527,0.9727333382416697,1.0,0.9727333382416697,False,0,,,,,,0.0,0.0,0.5,1.0,0.9727333382416697,0.0,0.0,0.0,0.02,0.0,0.02,0.0,0.0,0.0,0.02,0.0,0.02,0.0,0.0,0.0,0.02,0.0,0.02,0.0,0.0,0.0,0.02,0.0,0.02,0.0,0.0,0.0,0.02,0.0,0.02,0.0,0.0,818,918
20,-57.5,-77.5,16520.69723500195,0.7670638223383446,1.0,0.7670638223383446,False,0,,,,,,0.0,0.0,0.5,1.0,0.7670638223383446,0.0,0.01,0.01,0.04,0.01,0.04,0.0,0.01,0.01,0.04,0.01,0.03,0.0,0.01,0.01,0.04,0.01,0.03,0.0,0.01,0.01,0.04,0.01,0.03,0.0,0.01,0.01,0.04,0.01,0.03,0.0,0.0,665,762
21,-57.5,-72.5,16735.93613931766,0.7760144646810943,1.0,0.7760144646810943,False,0,,,,,,0.0,0.0,0.5,1.0,0.7760144646810943,0.0,0.01,0.0,0.04,0.0,0.03,0.0,0.01,0.0,0.04,0.0,0.03,0.0,0.01,0.0,0.04,0.0,0.03,0.0,0.01,0.0,0.04,0.0,0.03,0.0,0.01,0.0,0.04,0.0,0.03,0.0,0.0,665,762
22,-57.5,-67.5,16921.38149535282,0.9718146375303914,1.0,0.9718146375303914,False,0,,,,,,0.0,0.0,0.5,1.0,0.9718146375303914,0.0,0.03,0.0,0.06,0.0,0.04,0.0,0.03,0.0,0.06,0.0,0.04,0.0,0.03,0.0,0.06,0.0,0.04,0.0,0.03,0.0,0.06,0.0,0.04,0.0,0.03,0.0,0.06,0.0,0.04,0.0,0.0,526,472
23,-57.5,97.5,10489.867287393989,1.1528184382432531,1.0,1.1528184382432531,False,0,,,,,,0.0,0.0,0.5,1.0,1.1528184382432531,0.0,0.03,0.01,0.09,0.01,0.09,0.0,0.02,0.01,0.09,0.01,0.07,0.0,0.01,0.01,0.09,0.01,0.08,0.0,0.02,0.01,0.09,0.01,0.07,0.0,0.02,0.01,0.09,0.01,0.07,0.0,0.0,135,146
24,-57.5,102.5,10361.14494146551,1.1327037587272304,1.0,1.1327037587272304,False,0,,,,,,0.0,0.0,0.5,1.0,1.1327037587272304,0.01,0.04,0.01,0.06,0.01,0.04,0.01,0.03,0.01,0.06,0.01,0.04,0.01,0.03,0.01,0.06,0.01,0.04,0.01,0.03,0.01,0.06,0.01,0.04,0.01,0.03,0.01,0.06,0.01,0.04,0.0,0.0,526,472
25,-57.5,107.5,10251.922658999956,0.9970480351020504,1.0,0.9970480351020504,False,0,,,,,,0.0,0.0,0.5,1.0,0.9970480351020504,0.0,0.02,0.0,0.05,0.0,0.05,0.0,0.02,0.0,0.05,0.0,0.05,0.0,0.02,0.0,0.05,0.0,0.05,0.0,0.02,0.0,0.05,0.0,0.05,0.0,0.02,0.0,0.05,0.0,0.05,0.0,0.0,366,618
26,-57.5,112.5,10162.950342890786,0.8120992475565199,1.0,0.8120992475565199,False,0,,,,,,0.0,0.0,0.5,1.0,0.8120992475565199,0.0,0.01,0.0,0.03,0.0,0.02,0.0,0.01,0.0,0.03,0.0,0.02,0.0,0.01,0.0,0.03,0.0,0.02,0.0,0.01,0.0,0.03,0.0,0.02,0.0,0.01,0.0,0.03,0.0,0.02,0.0,0.0,818,868
27,-57.5,117.5,10094.859543647444,0.8343323045617091,1.0,0.8343323045617091,False,0,,,,,,0.0,0.0,0.5,1.0,0.8343323045617091,0.0,0.02,0.0,0.06,0.0,0.06,0.0,0.01,0.0,0.06,0.0,0.06,0.0,0.02,0.0,0.06,0.0,0.05,0.0,0.02,0.0,0.06,0.0,0.05,0.0,0.02,0.0,0.06,0.0,0.05,0.0,0.0,366,472
28,-57.5,122.5,10048.146761323473,0.9341396659343497,1.0,0.9341396659343497,False,0,,,,,,0.0,0.0,0.5,1.0,0.9341396659343497,0.0,0.03,0.0,0.09,0.0,0.08,0.0,0.04,0.0,0.1,0.0,0.08,0.0,0.04,0.0,0.1,0.0,0.08,0.0,0.04,0.0,0.1,0.0,0.08,0.0,0.04,0.0,0.1,0.0,0.08,0.0,0.0,66,83
29,-57.5,127.5,10023.159470079992,1.2059373627729322,1.0,1.2059373627729322,False,0,,,,,,0.0,0.0,0.5,1.0,1.2059373627729322,0.01,0.03,0.01,0.07,0.01,0.05,0.0,0.03,0.01,0.08,0.01,0.05,0.0,0.03,0.01,0.08,0.01,0.05,0.0,0.03,0.01,0.08,0.01,0.05,0.0,0.03,0.01,0.08,0.01,0.05,0.0,0.0,366,221
30,-57.5,132.5,10020.085888640584,1.3142857890312687,1.0,1.3142857890312687,False,0,,,,,,0.0,0.0,0.5,1.0,1.3142857890312687,0.0,0.01,0.0,0.02,0.0,0.01,0.0,0.01,0.0,0.02,0.0,0.01,0.0,0.01,0.0,0.02,0.0,0.01,0.0,0.01,0.0,0.02,0.0,0.01,0.0,0.01,0.0,0.02,0.0,0.01,0.0,0.0,913,918
31,-57.5,137.5,10038.94928369279,1.3483948333841957,1.0,1.3483948333841957,False,0,,,,,,0.0,0.0,0.5,1.0,1.3483948333841957,0.0,0.03,0.0,0.05,0.0,0.03,0.0,0.03,0.0,0.05,0.0,0.02,0.0,0.03,0.0,0.05,0.0,0.02,0.0,0.03,0.0,0.05,0.0,0.02,0.0,0.03,0.0,0.05,0.0,0.02,0.0,0.0,818,618
32,-57.5,142.5,10079.60725808336,1.3471615907828922,1.0,1.3471615907828922,False,0,,,,,,0.0,0.0,0.5,1.0,1.3471615907828922,0.0,0.03,0.0,0.07,0.0,0.06,0.0,0.01,0.0,0.07,0.0,0.06,0.0,0.01,0.0,0.07,0.0,0.06,0.0,0.01,0.0,0.07,0.0,0.06,0.0,0.01,0.0,0.07,0.0,0.06,0.0,0.0,240,339
33,-57.5,147.5,10141.756080937885,1.3312150000098835,1.0,1.3312150000098835,False,0,,,,,,0.0,0.0,0.5,1.0,1.3312150000098835,0.0,0.03,0.02,0.06,0.02,0.06,0.0,0.02,0.02,0.06,0.02,0.06,0.0,0.02,0.02,0.06,0.02,0.06,0.0,0.02,0.02,0.06,0.02,0.06,0.0,0.02,0.02,0.06,0.02,0.06,0.0,0.0,240,472
34,-57.5,152.5,10224.93971446313,1.2953234086296685,1.0,1.2953234086296685,False,0,,,,,,0.0,0.0,0.5,1.0,1.2953234086296685,0.0,0.04,0.01,0.1,0.01,0.07,0.0,0.04,0.01,0.1,0.01,0.07,0.0,0.04,0.01,0.1,0.01,0.07,0.0,0.04,0.01,0.1,0.01,0.07,0.0,0.04,0.01,0.1,0.01,0.07,0.0,0.0,135,83
35,-57.5,157.5,10328.562835634762,1.2387321926421768,1.0,1.2387321926421768,False,0,,,,,,0.0,0.0,0.5,1.0,1.2387321926421768,0.0,0.01,0.01,0.04,0.01,0.04,0.0,0.02,0.01,0.04,0.01,0.03,0.0,0.02,0.01,0.04,0.01,0.03,0.0,0.02,0.01,0.04,0.01,0.03,0.0,0.02,0.01,0.04,0.01,0.03,0.0,0.0,665,762
36,-57.5,162.5,10451.9068841147,1.1784538567584404,1.0,1.1784538567584404,False,0,,,,,,0.0,0.0,0.5,1.0,1.1784538567584404,0.0,0.03,0.01,0.06,0.01,0.05,0.0,0.02,0.01,0.06,0.01,0.05,0.0,0.02,0.01,0.06,0.01,0.05,0.0,0.02,0.01,0.06,0.01,0.05,0.0,0.02,0.01,0.06,0.01,0.05,0.0,0.0,366,472
37,-57.5,167.5,10594.148016456853,1.129687081828119,1.0,1.129687081828119,False,0,,,,,,0.0,0.0,0.5,1.0,1.129687081828119,0.0,0.06,0.02,0.1,0.02,0.05,0.0,0.06,0.02,0.11,0.02,0.05,0.0,0.06,0.02,0.11,0.02,0.05,0.0,0.06,0.02,0.11,0.02,0.05,0.0,0.06,0.02,0.11,0.02,0.05,0.0,0.0,366,40
38,-57.5,172.5,10754.375815394553,1.1140697777778856,1.0,1.1140697777778856,False,0,,,,,,0.0,0.0,0.5,1.0,1.1140697777778856,0.0,0.02,0.01,0.06,0.01,0.04,0.0,0.02,0.01,0.06,0.01,0.04,0.0,0.02,0.01,0.06,0.01,0.04,0.0,0.02,0.01,0.06,0.01,0.04,0.0,0.02,0.01,0.06,0.01,0.04,0.0,0.0,526,472
39,-57.5,177.5,10931.611676708488,1.102223753181199,1.0,1.102223753181199,False,0,,,,,,0.0,0.0,0.5,1.0,1.102223753181199,0.01,0.02,0.03,0.07,0.03,0.05,0.01,0.02,0.03,0.07,0.03,0.05,0.01,0.02,0.03,0.07,0.03,0.05,0.01,0.02,0.03,0.07,0.03,0.05,0.01,0.02,0.03,0.07,0.03,0.05,0.0,0.0,366,339
40,-52.5,-177.5,10711.590369217289,0.9930176326753591,1.0,0.9930176326753591,False,0,,,,,,0.0,0.0,0.5,1.0,0.9930176326753591,0.0,0.01,0.0,0.04,0.0,0.04,0.0,0.01,0.0,0.04,0.0,0.04,0.0,0.02,0.0,0.04,0.0,0.03,0.0,0.01,0.0,0.04,0.0,0.04,0.0,0.01,0.0,0.04,0.0,0.04,0.0,0.0,526,762
41,-52.5,-172.5,10945.01600691436,0.9698866390510856,1.0,0.9698866390510856,False,0,,,,,,0.0,0.0,0.5,1.0,0.9698866390510856,0.0,0.01,0.0,0.05,0.0,0.04,0.0,0.01,0.0,0.05,0.0,0.04,0.0,0.01,0.0,0.05,0.0,0.04,0.0,0.01,0.0,0.05,0.0,0.04,0.0,0.01,0.0,0.05,0.0,0.04,0.0,0.0,526,618
42,-52.5,-167.5,11193.569622740279,1.019950791398091,1.0,1.019950791398091,False,0,,,,,,0.0,0.0,0.5,1.0,1.019950791398091,0.01,0.02,0.01,0.04,0.01,0.02,0.01,0.02,0.01,0.04,0.01,0.02,0.01,0.03,0.01,0.05,0.01,0.02,0.01,0.03,0.01,0.05,0.01,0.02,0.01,0.03,0.01,0.05,0.01,0.02,0.0,0.0,818,618
43,-52.5,-162.5,11456.022870819257,1.1569278135841228,1.0,1.1569278135841228,False,0,,,,,,0.0,0.0,0.5,1.0,1.1569278135841228,0.0,0.02,0.0,0.04,0.0,0.02,0.0,0.04,0.0,0.06,0.0,0.03,0.0,0.04,0.0,0.06,0.0,0.03,0.0,0.04,0.0,0.06,0.0,0.03,0.0,0.04,0.0,0.06,0.0,0.03,0.0,0.0,665,472
44,-52.5,-157.5,11731.167068417497,1.1900786066201132,1.0,1.1900786066201132,False,0,,,,,,0.0,0.0,0.5,1.0,1.1900786066201132,0.02,0.08,0.03,0.16,0.03,0.12,0.01,0.07,0.03,0.16,0.03,0.12,0.01,0.07,0.03,0.16,0.03,0.12,0.01,0.07,0.03,0.16,0.03,0.12,0.01,0.07,0.03,0.16,0.03,0.12,0.0,0.0,2,1
45,-52.5,-152.5,12017.81808043312,1.1783984212546912,1.0,1.1783984212546912,False,0,,,,,,0.0,0.0,0.5,1.0,1.1783984212546912,0.0,0.03,0.0,0.04,0.0,0.03,0.0,0.03,0.0,0.04,0.0,0.03,0.0,0.03,0.0,0.04,0.0,0.03,0.0,0.03,0.0,0.04,0.0,0.03,0.0,0.03,0.0,0.04,0.0,0.03,0.0,0.0,665,762
46,-52.5,-147.5,12314.817381510067,1.1699566205311422,1.0,1.1699566205311422,False,0,,,,,,0.0,0.0,0.5,1.0,1.1699566205311422,0.0,0.02,0.0,0.07,0.0,0.07,0.0,0.03,0.0,0.08,0.0,0.08,0.0,0.03,0.0,0.08,0.0,0.08,0.0,0.03,0.0,0.08,0.0,0.08,0.0,0.03,0.0,0.08,0.0,0.08,0.0,0.0,66,221
47,-52.5,-142.5,12621.029432338699,1.1537947461159832,1.0,1.1537947461159832,False,0,,,,,,0.0,0.0,0.5,1.0,1.1537947461159832,0.0,0.06,0.01,0.12,0.01,0.09,0.0,0.06,0.01,0.12,0.01,0.09,0.0,0.06,0.01,0.12,0.01,0.09,0.0,0.06,0.01,0.12,0.01,0.09,0.0,0.06,0.01,0.12,0.01,0.09,0.0,0.0,29,18
48,-52.5,-137.5,12935.335386277215,1.1404564061922862,1.0,1.1404564061922862,False,0,,,,,,0.0,0.0,0.5,1.0,1.1404564061922862,0.0,0.02,0.01,0.08,0.01,0.07,0.0,0.04,0.01,0.08,0.01,0.05,0.0,0.04,0.01,0.08,0.01,0.05,0.0,0.04,0.01,0.08,0.01,0.05,0.0,0.04,0.01,0.08,0.01,0.05,0.0,0.0,366,221
49,-52.5,-132.5,13256.622942474274,1.1214206918394207,1.0,1.1214206918394207,False,0,,,,,,0.0,0.0,0.5,1.0,1.1214206918394207,0.0,0.01,0.0,0.04,0.0,0.04,0.0,0.03,0.0,0.06,0.0,0.05,0.0,0.03,0.0,0.06,0.0,0.05,0.0,0.03,0.0,0.06,0.0,0.05,0.0,0.03,0.0,0.06,0.0,0.05,0.0,0.0,366,472
50,-52.5,-127.5,13583.771871574665,1.0887448774710236,1.0,1.0887448774710236,False,0,,,,,,0.0,0.0,0.5,1.0,1.0887448774710236,0.0,0.02,0.0,0.08,0.0,0.06,0.0,0.02,0.0,0.08,0.0,0.06,0.0,0.02,0.0,0.08,0.0,0.06,0.0,0.02,0.0,0.08,0.0,0.06,0.0,0.02,0.0,0.08,0.0,0.06,0.0,0.0,240,221
51,-52.5,-122.5,13915.634334628701,1.0395628207889314,1.0,1.0395628207889314,False,0,,,,,,0.0,0.0,0.5,1.0,1.0395628207889314,0.0,0.02,0.0,0.04,0.0,0.02,0.0,0.03,0.0,0.05,0.0,0.02,0.0,0.03,0.0,0.05,0.0,0.02,0.0,0.03,0.0,0.05,0.0,0.02,0.0,0.03,0.0,0.05,0.0,0.02,0.0,0.0,818,618
52,-52.5,-117.5,14251.008549978531,0.9876227834292353,1.0,0.9876227834292353,False,0,,,,,,0.0,0.0,0.5,1.0,0.9876227834292353,0.0,0.02,0.0,0.05,0.0,0.04,0.0,0.02,0.0,0.05,0.0,0.04,0.0,0.02,0.0,0.05,0.0,0.03,0.0,0.02,0.0,0.05,0.0,0.03,0.0,0.02,0.0,0.05,0.0,0.03,0.0,0.0,665,618
53,-52.5,-112.5,14588.60356536083,0.9525527683633339,1.0,0.9525527683633339,False,0,,,,,,0.0,0.0,0.5,1.0,0.9525527683633339,0.0,0.01,0.0,0.07,0.0,0.06,0.0,0.01,0.0,0.07,0.0,0.06,0.0,0.01,0.0,0.07,0.0,0.06,0.0,0.01,0.0,0.07,0.0,0.06,0.0,0.01,0.0,0.07,0.0,0.06,0.0,0.0,240,339
54,-52.5,-107.5,14926.991759111766,0.93327083509336,1.0,0.93327083509336,False,0,,,,,,0.0,0.0,0.5,1.0,0.93327083509336,0.0,0.01,0.0,0.06,0.0,0.05,0.0,0.01,0.0,0.06,0.0,0.05,0.0,0.01,0.0,0.06,0.0,0.05,0.0,0.01,0.0,0.06,0.0,0.05,0.0,0.01,0.0,0.06,0.0,0.05,0.0,0.0,366,472
55,-52.5,-102.5,15264.54408735736,0.9398706581233498,1.0,0.9398706581233498,False,0,,,,,,0.0,0.0,0.5,1.0,0.9398706581233498,0.0,0.0,0.0,0.02,0.0,0.02,0.0,0.0,0.0,0.02,0.0,0.02,0.0,0.0,0.0,0.02,0.0,0.02,0.0,0.0,0.0,0.02,0.0,0.02,0.0,0.0,0.0,0.02,0.0,0.02,0.0,0.0,818,918
56,-52.5,-97.5,15599.340865616085,1.0896172284562082,1.0,1.0896172284562082,False,0,,,,,,0.0,0.0,0.5,1.0,1.0896172284562082,0.0,0.03,0.01,0.07,0.01,0.06,0.0,0.03,0.01,0.07,0.01,0.05,0.0,0.03,0.01,0.07,0.01,0.05,0.0,0.03,0.01,0.07,0.01,0.05,0.0,0.03,0.01,0.07,0.01,0.05,0.0,0.0,366,339
57,-52.5,-92.5,15929.04796756094,1.0784980317342567,1.0,1.0784980317342567,False,0,,,,,,0.0,0.0,0.5,1.0,1.0784980317342567,0.0,0.04,0.01,0.05,0.01,0.02,0.0,0.04,0.01,0.05,0.01,0.01,0.0,0.04,0.01,0.05,0.01,0.01,0.0,0.04,0.01,0.05,0.01,0.01,0.0,0.04,0.01,0.05,0.01,0.01,0.0,0.0,913,618
58,-52.5,-87.5,16250.745098543397,0.9444228141939648,1.0,0.9444228141939648,False,0,,,,,,0.0,0.0,0.5,1.0,0.9444228141939648,0.0,0.02,0.0,0.03,0.0,0.02,0.0,0.01,0.0,0.03,0.0,0.02,0.0,0.01,0.0,0.03,0.0,0.02,0.0,0.01,0.0,0.03,0.0,0.02,0.0,0.01,0.0,0.03,0.0,0.02,0.0,0.0,818,868
59,-52.5,-82.5,16560.690909346184,0.9930070942535686,1.0,0.9930070942535686,False,0,,,,,,0.0,0.0,0.5,1.0,0.9930070942535686,0.01,0.0,0.01,0.03,0.01,0.03,0.01,0.0,0.01,0.03,0.01,0.03,0.01,0.0,0.01,0.03,0.01,0.03,0.01,0.0,0.01,0.03,0.01,0.03,0.01,0.0,0.01,0.03,0.01,0.03,0.0,0.0,665,868
60,-52.5,-77.5,16854.014251357887,1.0969302969000858,1.0,1.0969302969000858,False,0,,,,,,0.0,0.0,0.5,1.0,1.0969302969000858,0.0,0.02,0.0,0.04,0.0,0.04,0.0,0.02,0.0,0.04,0.0,0.04,0.0,0.02,0.0,0.04,0.0,0.04,0.0,0.03,0.0,0.04,0.0,0.03,0.0,0.03,0.0,0.04,0.0,0.03,0.0,0.0,665,762
61,-52.5,-72.5,17124.344779776333,1.1422452713376643,1.0,1.1422452713376643,False,0,,,,,,0.0,0.0,0.5,1.0,1.1422452713376643,0.0,0.03,0.0,0.04,0.0,0.02,0.0,0.03,0.0,0.04,0.0,0.02,0.0,0.03,0.0,0.04,0.0,0.02,0.0,0.03,0.0,0.04,0.0,0.02,0.0,0.03,0.0,0.04,0.0,0.02,0.0,0.0,818,762
62,-52.5,-67.5,17363.466092948034,0.9721838781624043,1.0,0.9721838781624043,False,0,,,,,,0.0,0.0,0.5,1.0,0.9721838781624043,0.0,0.02,0.0,0.07,0.0,0.06,0.0,0.02,0.0,0.07,0.0,0.06,0.0,0.02,0.0,0.07,0.0,0.06,0.0,0.02,0.0,0.07,0.0,0.06,0.0,0.02,0.0,0.07,0.0,0.06,0.0,0.0,240,339
63,-52.5,97.5,9996.70575404692,1.0588103326557743,1.0,1.0588103326557743,False,0,,,,,,0.0,0.0,0.5,1.0,1.0588103326557743,0.0,0.02,0.01,0.12,0.01,0.1,0.0,0.03,0.01,0.12,0.01,0.09,0.0,0.03,0.01,0.12,0.01,0.09,0.0,0.03,0.01,0.12,0.01,0.09,0.0,0.03,0.01,0.12,0.01,0.09,0.0,0.0,29,18
64,-52.5,102.5,9851.16361321866,1.0931012937804128,1.0,1.0931012937804128,False,0,,,,,,0.0,0.0,0.5,1.0,1.0931012937804128,0.0,0.03,0.0,0.06,0.0,0.04,0.01,0.02,0.01,0.06,0.0,0.05,0.01,0.02,0.01,0.06,0.0,0.05,0.01,0.02,0.01,0.06,0.0,0.05,0.01,0.02,0.01,0.06,0.0,0.05,0.0,0.0,366,472
65,-52.5,107.5,9727.477841324939,1.025666527752884,1.0,1.025666527752884,False,0,,,,,,0.0,0.0,0.5,1.0,1.025666527752884,0.0,0.01,0.0,0.03,0.0,0.03,0.0,0.01,0.0,0.03,0.0,0.03,0.0,0.01,0.0,0.03,0.0,0.03,0.0,0.01,0.0,0.03,0.0,0.03,0.0,0.01,0.0,0.03,0.0,0.03,0.0,0.0,665,868
66,-52.5,112.5,9626.585691683655,0.8602696424106269,1.0,0.8602696424106269,False,0,,,,,,0.0,0.0,0.5,1.0,0.8602696424106269,0.01,0.03,0.01,0.06,0.0,0.03,0.01,0.03,0.01,0.06,0.0,0.03,0.01,0.03,0.01,0.06,0.0,0.03,0.01,0.03,0.01,0.06,0.0,0.03,0.01,0.03,0.01,0.06,0.0,0.03,0.0,0.0,665,472
67,-52.5,117.5,9549.284985425125,0.8157742330590645,1.0,0.8157742330590645,False,0,,,,,,0.0,0.0,0.5,1.0,0.8157742330590645,0.01,0.01,0.01,0.05,0.01,0.04,0.0,0.02,0.01,0.06,0.01,0.04,0.01,0.01,0.01,0.05,0.01,0.04,0.01,0.01,0.01,0.05,0.01,0.04,0.01,0.01,0.01,0.05,0.01,0.04,0.0,0.0,526,618
68,-52.5,122.5,9496.208359280039,0.954263380904385,1.0,0.954263380904385,False,0,,,,,,0.0,0.0,0.5,1.0,0.954263380904385,0.0,0.03,0.0,0.06,0.0,0.04,0.0,0.04,0.0,0.07,0.0,0.05,0.0,0.04,0.0,0.07,0.0,0.05,0.0,0.04,0.0,0.07,0.0,0.05,0.0,0.04,0.0,0.07,0.0,0.05,0.0,0.0,366,339
69,-52.5,127.5,9467.80139101501,1.1151090085139734,1.0,1.1151090085139734,False,0,,,,,,0.0,0.0,0.5,1.0,1.1151090085139734,0.0,0.02,0.0,0.06,0.0,0.05,0.0,0.03,0.0,0.07,0.0,0.05,0.0,0.04,0.0,0.08,0.0,0.06,0.0,0.04,0.0,0.08,0.0,0.06,0.0,0.04,0.0,0.08,0.0,0.06,0.0,0.0,240,221
70,-52.5,132.5,9464.306410274094,1.2835834841827647,1.0,1.2835834841827647,False,0,,,,,,0.0,0.0,0.5,1.0,1.2835834841827647,0.0,0.02,0.0,0.07,0.0,0.06,0.0,0.02,0.0,0.07,0.0,0.06,0.0,0.01,0.0,0.07,0.0,0.06,0.0,0.01,0.0,0.07,0.0,0.06,0.0,0.01,0.0,0.07,0.0,0.06,0.0,0.0,240,339
71,-52.5,137.5,9485.753419984168,1.3704230614742499,1.0,1.3704230614742499,False,0,,,,,,0.0,0.0,0.5,1.0,1.3704230614742499,0.01,0.03,0.01,0.06,0.0,0.05,0.02,0.02,0.02,0.06,0.01,0.05,0.02,0.02,0.02,0.06,0.01,0.05,0.02,0.02,0.02,0.06,0.01,0.05,0.02,0.02,0.02,0.06,0.01,0.05,0.0,0.0,366,472
72,-52.5,142.5,9531.958958831718,1.3911077107663792,1.0,1.3911077107663792,False,0,,,,,,0.0,0.0,0.5,1.0,1.3911077107663792,0.0,0.01,0.0,0.03,0.0,0.02,0.0,0.02,0.0,0.03,0.0,0.01,0.0,0.02,0.0,0.03,0.0,0.01,0.0,0.02,0.0,0.03,0.0,0.01,0.0,0.02,0.0,0.03,0.0,0.01,0.0,0.0,913,868
73,-52.5,147.5,9602.533010426641,1.3694921708988557,1.0,1.3694921708988557,False,0,,,,,,0.0,0.0,0.5,1.0,1.3694921708988557,0.0,0.02,0.01,0.04,0.01,0.03,0.0,0.02,0.01,0.05,0.01,0.03,0.0,0.02,0.01,0.05,0.01,0.03,0.0,0.02,0.01,0.05,0.01,0.03,0.0,0.02,0.01,0.05,0.01,0.03,0.0,0.0,665,618
74,-52.5,152.5,9696.8933229822,1.2962543808705576,1.0,1.2962543808705576,False,0,,,,,,0.0,0.0,0.5,1.0,1.2962543808705576,0.0,0.0,0.0,0.02,0.0,0.02,0.0,0.0,0.0,0.02,0.0,0.02,0.0,0.0,0.0,0.02,0.0,0.02,0.0,0.0,0.0,0.02,0.0,0.02,0.0,0.0,0.0,0.02,0.0,0.02,0.0,0.0,818,918
75,-52.5,157.5,9814.285862192752,1.183679488768238,1.0,1.183679488768238,False,0,,,,,,0.0,0.0,0.5,1.0,1.183679488768238,0.01,0.01,0.01,0.05,0.01,0.04,0.01,0.01,0.01,0.05,0.01,0.04,0.01,0.01,0.01,0.05,0.01,0.04,0.01,0.01,0.01,0.05,0.01,0.04,0.01,0.01,0.01,0.05,0.01,0.04,0.0,0.0,526,618
76,-52.5,162.5,9953.80967239738,1.1414080146762933,1.0,1.1414080146762933,True,10,puy,3.5338554143909993,1.5583451390262997,157.59406449134406,1.9482762336730004,0.9776589005219326,0.6141366650443951,0.004450789011461549,0.6956650601981177,0.7940376752403976,0.0,0.01,0.0,0.03,0.0,0.02,0.0,0.01,0.0,0.03,0.0,0.02,0.0,0.01,0.0,0.03,0.0,0.02,0.0,0.01,0.0,0.03,0.0,0.02,0.0,0.01,0.0,0.03,0.0,0.02,0.0,0.0,818,868
77,-52.5,167.5,10114.444214976707,1.2096283296735122,1.0,1.2096283296735122,False,0,,,,,,0.0,0.0,0.5,1.0,1.2096283296735122,0.0,0.02,0.0,0.04,0.0,0.04,0.0,0.01,0.0,0.04,0.0,0.03,0.0,0.01,0.0,0.04,0.0,0.03,0.0,0.01,0.0,0.04,0.0,0.03,0.0,0.01,0.0,0.04,0.0,0.03,0.0,0.0,665,762
78,-52.5,172.5,10295.0772852028,1.2941596887036888,1.0,1.2941596887036888,False,0,,,,,,0.0,0.0,0.5,1.0,1.2941596887036888,0.0,0.03,0.01,0.08,0.01,0.08,0.0,0.03,0.01,0.08,0.01,0.08,0.0,0.03,0.01,0.08,0.01,0.08,0.0,0.03,0.01,0.08,0.01,0.08,0.0,0.03,0.01,0.08,0.01,0.08,0.0,0.0,66,221
79,-52.5,177.5,10494.531834002668,1.3303716331691098,1.0,1.3303716331691098,False,0,,,,,,0.0,0.0,0.5,1.0,1.3303716331691098,0.0,0.01,0.01,0.05,0.01,0.05,0.01,0.0,0.02,0.05,0.02,0.05,0.01,0.0,0.02,0.05,0.02,0.05,0.01,0.0,0.02,0.05,0.02,0.05,0.01,0.0,0.02,0.05,0.02,0.05,0.0,0.0,366,618
80,-47.5,-177.5,10295.959911648906,1.2340169626947755,1.0,1.2340169626947755,False,0,,,,,,0.0,0.0,0.5,1.0,1.2340169626947755,0.0,0.03,0.01,0.08,0.01,0.06,0.0,0.03,0.01,0.08,0.01,0.06,0.0,0.03,0.01,0.08,0.01,0.06,0.0,0.03,0.01,0.08,0.01,0.06,0.0,0.03,0.01,0.08,0.01,0.06,0.0,0.0,240,221
81,-47.5,-172.5,10553.418701072991,1.0922667330887137,1.0,1.0922667330887137,False,0,,,,,,0.0,0.0,0.5,1.0,1.0922667330887137,0.0,0.03,0.02,0.07,0.02,0.06,0.0,0.04,0.02,0.08,0.02,0.07,0.0,0.04,0.02,0.08,0.02,0.07,0.0,0.04,0.02,0.08,0.02,0.07,0.0,0.04,0.02,0.08,0.02,0.07,0.0,0.0,135,221
82,-47.5,-167.5,10827.009257858143,1.0197847313870503,1.0,1.0197847313870503,False,0,,,,,,0.0,0.0,0.5,1.0,1.0197847313870503,0.01,0.03,0.02,0.08,0.02,0.07,0.0,0.03,0.02,0.08,0.02,0.07,0.0,0.03,0.02,0.08,0.02,0.07,0.0,0.03,0.02,0.08,0.02,0.07,0.0,0.03,0.02,0.08,0.02,0.07,0.0,0.0,135,221
83,-47.5,-162.5,11115.367138946522,0.9860162269586563,1.0,0.9860162269586563,False,0,,,,,,0.0,0.0,0.5,1.0,0.9860162269586563,0.0,0.02,0.01,0.05,0.01,0.03,0.0,0.03,0.01,0.05,0.01,0.02,0.0,0.03,0.01,0.05,0.01,0.02,0.0,0.03,0.01,0.05,0.01,0.02,0.0,0.03,0.01,0.05,0.01,0.02,0.0,0.0,818,618
84,-47.5,-157.5,11417.178982550276,1.0091898603671612,1.0,1.0091898603671612,False,0,,,,,,0.0,0.0,0.5,1.0,1.0091898603671612,0.0,0.01,0.0,0.03,0.0,0.02,0.0,0.02,0.0,0.04,0.0,0.02,0.0,0.02,0.0,0.04,0.0,0.02,0.0,0.02,0.0,0.04,0.0,0.02,0.0,0.02,0.0,0.04,0.0,0.02,0.0,0.0,818,762
85,-47.5,-152.5,11731.18789530271,1.1975748452641004,1.0,1.1975748452641004,False,0,,,,,,0.0,0.0,0.5,1.0,1.1975748452641004,0.0,0.02,0.0,0.07,0.0,0.06,0.0,0.02,0.0,0.07,0.0,0.06,0.0,0.02,0.0,0.07,0.0,0.06,0.0,0.02,0.0,0.07,0.0,0.06,0.0,0.02,0.0,0.07,0.0,0.06,0.0,0.0,240,339
86,-47.5,-147.5,12056.194623686742,1.2584372392639316,1.0,1.2584372392639316,False,0,,,,,,0.0,0.0,0.5,1.0,1.2584372392639316,0.0,0.03,0.01,0.08,0.01,0.05,0.0,0.04,0.01,0.09,0.01,0.05,0.0,0.04,0.01,0.09,0.01,0.05,0.0,0.04,0.01,0.09,0.01,0.05,0.0,0.04,0.01,0.09,0.01,0.05,0.0,0.0,366,146
87,-47.5,-142.5,12391.055037466975,1.2605111044166362,1.0,1.2605111044166362,False,0,,,,,,0.0,0.0,0.5,1.0,1.2605111044166362,0.0,0.04,0.0,0.07,0.0,0.04,0.0,0.04,0.0,0.07,0.0,0.04,0.0,0.04,0.0,0.07,0.0,0.04,0.0,0.04,0.0,0.07,0.0,0.04,0.0,0.04,0.0,0.07,0.0,0.04,0.0,0.0,526,339
88,-47.5,-137.5,12734.674294248362,1.249232128060673,1.0,1.249232128060673,False,0,,,,,,0.0,0.0,0.5,1.0,1.249232128060673,0.0,0.01,0.01,0.05,0.01,0.05,0.0,0.0,0.01,0.05,0.01,0.05,0.0,0.0,0.01,0.05,0.01,0.05,0.0,0.0,0.01,0.05,0.01,0.05,0.0,0.0,0.01,0.05,0.01,0.05,0.0,0.0,366,618
89,-47.5,-132.5,13085.997824416318,1.232258152178391,1.0,1.232258152178391,False,0,,,,,,0.0,0.0,0.5,1.0,1.232258152178391,0.0,0.03,0.02,0.11,0.02,0.1,0.0,0.03,0.02,0.11,0.02,0.1,0.0,0.03,0.02,0.11,0.02,0.1,0.0,0.03,0.02,0.11,0.02,0.1,0.0,0.03,0.02,0.11,0.02,0.1,0.0,0.0,13,40
90,-47.5,-127.5,13443.998968786073,1.1732155995123077,1.0,1.1732155995123077,False,0,,,,,,0.0,0.0,0.5,1.0,1.1732155995123077,0.0,0.01,0.01,0.02,0.01,0.01,0.0,0.01,0.01,0.02,0.01,0.01,0.0,0.01,0.01,0.02,0.01,0.01,0.0,0.01,0.01,0.02,0.01,0.01,0.0,0.01,0.01,0.02,0.01,0.01,0.0,0.0,913,918
91,-47.5,-122.5,13807.662689581637,1.1032468889747489,1.0,1.1032468889747489,False,0,,,,,,0.0,0.0,0.5,1.0,1.1032468889747489,0.0,0.03,0.0,0.04,0.0,0.02,0.0,0.03,0.0,0.04,0.0,0.02,0.0,0.03,0.0,0.04,0.0,0.02,0.0,0.03,0.0,0.04,0.0,0.02,0.0,0.03,0.0,0.04,0.0,0.02,0.0,0.0,818,762
92,-47.5,-117.5,14175.964199941389,1.0702342728744008,1.0,1.0702342728744008,False,0,,,,,,0.0,0.0,0.5,1.0,1.0702342728744008,0.0,0.02,0.0,0.03,0.0,0.01,0.0,0.02,0.0,0.03,0.0,0.01,0.0,0.02,0.0,0.03,0.0,0.01,0.0,0.02,0.0,0.03,0.0,0.01,0.0,0.02,0.0,0.03,0.0,0.01,0.0,0.0,913,868
93,-47.5,-112.5,14547.840510532295,1.0669810762061835,1.0,1.0669810762061835,False,0,,,,,,0.0,0.0,0.5,1.0,1.0669810762061835,0.0,0.02,0.01,0.07,0.01,0.06,0.0,0.02,0.01,0.07,0.01,0.06,0.0,0.02,0.01,0.07,0.01,0.06,0.0,0.02,0.01,0.07,0.01,0.06,0.0,0.02,0.01,0.07,0.01,0.06,0.0,0.0,240,339
94,-47.5,-107.5,14922.151585864875,1.090326435007205,1.0,1.090326435007205,False,0,,,,,,0.0,0.0,0.5,1.0,1.090326435007205,0.0,0.02,0.0,0.02,0.0,0.02,0.0,0.02,0.0,0.02,0.0,0.01,0.0,0.02,0.0,0.02,0.0,0.01,0.0,0.02,0.0,0.02,0.0,0.01,0.0,0.02,0.0,0.02,0.0,0.01,0.0,0.0,913,918
95,-47.5,-102.5,15297.625710047818,1.081648074060539,1.0,1.081648074060539,False,0,,,,,,0.0,0.0,0.5,1.0,1.081648074060539,0.01,0.0,0.01,0.06,0.01,0.06,0.01,0.02,0.01,0.07,0.01,0.05,0.01,0.02,0.01,0.07,0.01,0.05,0.01,0.02,0.01,0.07,0.01,0.05,0.01,0.02,0.01,0.07,0.01,0.05,0.0,0.0,366,339
96,-47.5,-97.5,15672.780211430678,1.0312137323948445,1.0,1.0312137323948445,False,0,,,,,,0.0,0.0,0.5,1.0,1.0312137323948445,0.0,0.0,0.0,0.02,0.0,0.02,0.0,0.0,0.0,0.02,0.0,0.02,0.0,0.0,0.0,0.02,0.0,0.02,0.0,0.0,0.0,0.02,0.0,0.02,0.0,0.0,0.0,0.02,0.0,0.02,0.0,0.0,818,918
97,-47.5,-92.5,16045.802900736247,0.9962946164539006,1.0,0.9962946164539006,False,0,,,,,,0.0,0.0,0.5,1.0,0.9962946164539006,0.0,0.01,0.0,0.04,0.0,0.04,0.0,0.02,0.0,0.04,0.0,0.03,0.0,0.02,0.0,0.04,0.0,0.03,0.0,0.02,0.0,0.04,0.0,0.03,0.0,0.02,0.0,0.04,0.0,0.03,0.0,0.0,665,762
98,-47.5,-87.5,16414.36978712223,0.9272896779182777,1.0,0.9272896779182777,False,0,,,,,,0.0,0.0,0.5,1.0,0.9272896779182777,0.0,0.03,0.0,0.04,0.0,0.02,0.0,0.04,0.0,0.05,0.0,0.02,0.0,0.03,0.0,0.04,0.0,0.02,0.0,0.03,0.0,0.04,0.0,0.02,0.0,0.03,0.0,0.04,0.0,0.02,0.0,0.0,818,762
99,-47.5,-82.5,16775.35837041371,0.8763548119089222,1.0,0.8763548119089222,False,0,,,,,,0.0,0.0,0.5,1.0,0.8763548119089222,0.0,0.02,0.0,0.06,0.0,0.04,0.0,0.03,0.0,0.06,0.0,0.03,0.0,0.03,0.0,0.06,0.0,0.03,0.0,0.03,0.0,0.06,0.0,0.03,0.0,0.03,0.0,0.06,0.0,0.03,0.0,0.0,665,472
100,-47.5,-77.5,17124.39056649534,0.8697759480899464,1.0,0.8697759480899464,True,148,sam,11.14329798479064,9.144352780805642,27.991893787035156,3.3297724756029856,0.957615257593154,0.5940035209554622,0.29885337227306435,0.8805181949018827,0.7658535477812332,0.0,0.02,0.0,0.08,0.0,0.08,0.0,0.04,0.0,0.08,0.0,0.06,0.0,0.03,0.0,0.08,0.0,0.07,0.0,0.03,0.0,0.08,0.0,0.07,0.0,0.04,0.0,0.08,0.0,0.06,0.0,0.010000000000000002,240,221
101,-47.5,-72.5,17455.108203230688,1.0499901881279021,1.0,1.0499901881279021,True,28,sam,21.365929671685713,15.932840211046425,20.32502356600701,2.7996289134025,0.9985519207464613,0.6193963098196986,0.4721346784810263,0.9827403226792083,1.031867696290817,0.01,0.05,0.02,0.08,0.02,0.05,0.01,0.05,0.02,0.08,0.02,0.04,0.01,0.05,0.02,0.08,0.02,0.04,0.01,0.05,0.02,0.08,0.02,0.04,0.01,0.05,0.02,0.08,0.02,0.04,0.0,0.0,526,221
102,-47.5,-67.5,17758.07969574472,1.0939356425842324,1.0,1.0939356425842324,False,0,,,,,,0.0,0.0,0.5,1.0,1.0939356425842324,0.0,0.05,0.01,0.1,0.01,0.07,0.0,0.05,0.01,0.1,0.01,0.07,0.0,0.05,0.01,0.1,0.01,0.07,0.0,0.05,0.01,0.1,0.01,0.07,0.0,0.05,0.01,0.1,0.01,0.07,0.0,0.0,135,83
103,-47.5,97.5,9503.561851388522,0.9975749610820571,1.0,0.9975749610820571,False,0,,,,,,0.0,0.0,0.5,1.0,0.9975749610820571,0.01,0.04,0.01,0.09,0.01,0.05,0.01,0.05,0.01,0.09,0.01,0.04,0.01,0.05,0.01,0.09,0.01,0.04,0.01,0.05,0.01,0.09,0.01,0.04,0.01,0.05,0.01,0.09,0.01,0.04,0.0,0.0,526,146
104,-47.5,102.5,9341.371967455512,1.067444547001195,1.0,1.067444547001195,False,0,,,,,,0.0,0.0,0.5,1.0,1.067444547001195,0.0,0.01,0.01,0.03,0.01,0.02,0.0,0.03,0.01,0.05,0.01,0.02,0.0,0.03,0.01,0.05,0.01,0.02,0.0,0.03,0.01,0.05,0.01,0.02,0.0,0.03,0.01,0.05,0.01,0.02,0.0,0.0,818,618
105,-47.5,107.5,9203.26959833828,1.0552110401613195,1.0,1.0552110401613195,False,0,,,,,,0.0,0.0,0.5,1.0,1.0552110401613195,0.0,0.02,0.01,0.06,0.01,0.04,0.01,0.03,0.02,0.07,0.02,0.05,0.01,0.03,0.02,0.07,0.02,0.05,0.01,0.03,0.02,0.07,0.02,0.05,0.01,0.03,0.02,0.07,0.02,0.05,0.0,0.0,366,339
106,-47.5,112.5,9090.423818842155,0.8911952805390259,1.0,0.8911952805390259,False,0,,,,,,0.0,0.0,0.5,1.0,0.8911952805390259,0.0,0.03,0.0,0.05,0.0,0.04,0.0,0.02,0.0,0.06,0.0,0.05,0.0,0.02,0.0,0.06,0.0,0.05,0.0,0.02,0.0,0.06,0.0,0.05,0.0,0.02,0.0,0.06,0.0,0.05,0.0,0.0,366,472
107,-47.5,117.5,9003.841114255187,0.8285314529156249,1.0,0.8285314529156249,False,0,,,,,,0.0,0.0,0.5,1.0,0.8285314529156249,0.0,0.02,0.0,0.08,0.0,0.07,0.0,0.01,0.0,0.08,0.0,0.08,0.0,0.02,0.0,0.08,0.0,0.07,0.0,0.02,0.0,0.08,0.0,0.07,0.0,0.02,0.0,0.08,0.0,0.07,0.0,0.0,135,221
108,-47.5,122.5,8944.326951942036,0.955487179535707,1.0,0.955487179535707,False,0,,,,,,0.0,0.0,0.5,1.0,0.955487179535707,0.0,0.03,0.0,0.04,0.0,0.01,0.0,0.04,0.0,0.05,0.0,0.01,0.0,0.04,0.0,0.05,0.0,0.01,0.0,0.04,0.0,0.05,0.0,0.01,0.0,0.04,0.0,0.05,0.0,0.01,0.0,0.0,913,618
109,-47.5,127.5,8912.452536888644,1.0787308821297203,1.0,1.0787308821297203,False,0,,,,,,0.0,0.0,0.5,1.0,1.0787308821297203,0.0,0.04,0.0,0.09,0.0,0.06,0.0,0.04,0.0,0.09,0.0,0.06,0.0,0.04,0.0,0.09,0.0,0.06,0.0,0.04,0.0,0.09,0.0,0.06,0.0,0.04,0.0,0.09,0.0,0.06,0.0,0.0,240,146
110,-47.5,132.5,8908.529872119796,1.2295084325607855,1.0,1.2295084325607855,False,0,,,,,,0.0,0.0,0.5,1.0,1.2295084325607855,0.0,0.01,0.01,0.06,0.01,0.06,0.0,0.02,0.01,0.07,0.01,0.07,0.0,0.02,0.01,0.07,0.01,0.07,0.0,0.02,0.01,0.07,0.01,0.07,0.0,0.02,0.01,0.07,0.01,0.07,0.0,0.0,135,339
111,-47.5,137.5,8932.597652978347,1.3462500982451668,1.0,1.3462500982451668,False,0,,,,,,0.0,0.0,0.5,1.0,1.3462500982451668,0.01,0.01,0.05,0.06,0.05,0.06,0.01,0.01,0.05,0.06,0.05,0.06,0.01,0.01,0.05,0.06,0.05,0.06,0.01,0.01,0.05,0.06,0.05,0.06,0.01,0.01,0.05,0.06,0.05,0.06,0.0,0.0,240,472
112,-47.5,142.5,8984.419493763151,1.3831177889189818,1.0,1.3831177889189818,False,0,,,,,,0.0,0.0,0.5,1.0,1.3831177889189818,0.0,0.02,0.01,0.05,0.01,0.05,0.0,0.02,0.01,0.06,0.01,0.04,0.0,0.02,0.01,0.06,0.01,0.05,0.0,0.02,0.01,0.06,0.01,0.05,0.0,0.02,0.01,0.06,0.01,0.05,0.0,0.0,366,472
113,-47.5,147.5,9063.49467851646,1.355265109180379,1.0,1.355265109180379,False,0,,,,,,0.0,0.0,0.5,1.0,1.355265109180379,0.0,0.01,0.0,0.04,0.0,0.03,0.0,0.01,0.0,0.04,0.0,0.03,0.0,0.01,0.0,0.04,0.0,0.03,0.0,0.01,0.0,0.04,0.0,0.03,0.0,0.01,0.0,0.04,0.0,0.03,0.0,0.0,665,762
114,-47.5,152.5,9169.080284874848,1.2430657014030366,1.0,1.2430657014030366,False,0,,,,,,0.0,0.0,0.5,1.0,1.2430657014030366,0.0,0.01,0.02,0.05,0.02,0.04,0.0,0.03,0.02,0.07,0.02,0.05,0.0,0.03,0.02,0.07,0.02,0.05,0.0,0.03,0.02,0.07,0.02,0.05,0.0,0.03,0.02,0.07,0.02,0.05,0.0,0.0,366,339
115,-47.5,157.5,9300.22240134563,1.1611497830697657,1.0,1.1611497830697657,False,0,,,,,,0.0,0.0,0.5,1.0,1.1611497830697657,0.0,0.04,0.01,0.06,0.01,0.03,0.0,0.04,0.01,0.06,0.01,0.03,0.0,0.04,0.01,0.06,0.01,0.03,0.0,0.04,0.01,0.06,0.01,0.03,0.0,0.04,0.01,0.06,0.01,0.03,0.0,0.0,665,472
116,-47.5,162.5,9455.793433628965,1.2837064243595395,1.0,1.2837064243595395,True,4852,puy,14.365302536093465,23.32162890563263,14.26679374960631,4.362777353792173,0.9435930655775733,0.5927375060396413,0.420810093762483,0.9530611724732612,1.2234507499115606,0.0,0.02,0.0,0.04,0.0,0.03,0.0,0.02,0.0,0.04,0.0,0.03,0.0,0.02,0.0,0.04,0.0,0.03,0.0,0.02,0.0,0.04,0.0,0.03,0.0,0.02,0.0,0.04,0.0,0.03,0.0,0.0,665,762
117,-47.5,167.5,9634.53225587194,1.3120194887176275,1.0,1.3120194887176275,True,13288,puy,37.41483921133374,32.851357757898704,28.167683493578664,7.758192819059307,0.8870277467530486,0.3692656727174663,0.6519432232529673,1.0561074165493671,1.3856335126919952,0.0,0.01,0.02,0.08,0.02,0.07,0.0,0.02,0.02,0.09,0.02,0.07,0.0,0.02,0.02,0.09,0.02,0.07,0.0,0.02,0.02,0.09,0.02,0.07,0.0,0.02,0.02,0.09,0.02,0.07,0.0,0.0,135,146
118,-47.5,172.5,9835.084173666159,1.3003602536148198,1.0,1.3003602536148198,False,0,,,,,,0.0,0.0,0.5,1.0,1.3003602536148198,0.01,0.01,0.03,0.11,0.03,0.1,0.01,0.01,0.03,0.11,0.03,0.1,0.01,0.01,0.03,0.11,0.03,0.1,0.01,0.01,0.03,0.11,0.03,0.1,0.01,0.01,0.03,0.11,0.03,0.1,0.0,0.0,13,40
119,-47.5,177.5,10056.038206679097,1.2675938665669086,1.0,1.2675938665669086,False,0,,,,,,0.0,0.0,0.5,1.0,1.2675938665669086,0.0,0.03,0.03,0.11,0.03,0.1,0.0,0.03,0.03,0.11,0.03,0.09,0.0,0.02,0.03,0.11,0.03,0.09,0.0,0.02,0.03,0.11,0.03,0.09,0.0,0.02,0.03,0.11,0.03,0.09,0.0,0.0,29,40
120,-42.5,-177.5,9879.361625907457,1.1110340391225046,1.0,1.1110340391225046,False,0,,,,,,0.0,0.0,0.5,1.0,1.1110340391225046,0.0,0.03,0.02,0.06,0.02,0.05,0.0,0.03,0.02,0.06,0.02,0.05,0.0,0.03,0.02,0.06,0.02,0.05,0.0,0.03,0.02,0.06,0.02,0.05,0.0,0.03,0.02,0.06,0.02,0.05,0.0,0.0,366,472
121,-42.5,-172.5,10159.730587753145,0.9751132409644462,1.0,0.9751132409644462,False,0,,,,,,0.0,0.0,0.5,1.0,0.9751132409644462,0.0,0.02,0.0,0.1,0.0,0.09,0.0,0.02,0.0,0.1,0.0,0.09,0.0,0.02,0.0,0.1,0.0,0.09,0.0,0.02,0.0,0.1,0.0,0.09,0.0,0.02,0.0,0.1,0.0,0.09,0.0,0.0,29,83
122,-42.5,-167.5,10456.925124968357,0.9802441686541044,1.0,0.9802441686541044,False,0,,,,,,0.0,0.0,0.5,1.0,0.9802441686541044,0.01,0.04,0.01,0.09,0.01,0.07,0.01,0.05,0.01,0.1,0.01,0.08,0.01,0.05,0.01,0.1,0.01,0.08,0.01,0.05,0.01,0.1,0.01,0.08,0.01,0.05,0.01,0.1,0.01,0.08,0.0,0.0,66,83
123,-42.5,-162.5,10769.435274647616,0.9591467179323132,1.0,0.9591467179323132,False,0,,,,,,0.0,0.0,0.5,1.0,0.9591467179323132,0.0,0.01,0.0,0.06,0.0,0.06,0.0,0.02,0.0,0.07,0.0,0.07,0.0,0.02,0.0,0.07,0.0,0.07,0.0,0.02,0.0,0.07,0.0,0.07,0.0,0.02,0.0,0.07,0.0,0.07,0.0,0.0,135,339
124,-42.5,-157.5,11095.837613745629,0.959330543748286,1.0,0.959330543748286,False,0,,,,,,0.0,0.0,0.5,1.0,0.959330543748286,0.0,0.02,0.01,0.04,0.01,0.02,0.0,0.03,0.01,0.04,0.01,0.01,0.0,0.03,0.01,0.04,0.01,0.01,0.0,0.03,0.01,0.04,0.01,0.01,0.0,0.03,0.01,0.04,0.01,0.01,0.0,0.0,913,762
125,-42.5,-152.5,11434.799485959486,0.9552679856059149,1.0,0.9552679856059149,False,0,,,,,,0.0,0.0,0.5,1.0,0.9552679856059149,0.01,0.02,0.01,0.05,0.01,0.04,0.01,0.03,0.01,0.05,0.01,0.03,0.01,0.03,0.01,0.05,0.01,0.03,0.01,0.03,0.01,0.05,0.01,0.03,0.01,0.03,0.01,0.05,0.01,0.03,0.0,0.0,665,618
126,-42.5,-147.5,11785.078754346827,0.9759894600938923,1.0,0.9759894600938923,False,0,,,,,,0.0,0.0,0.5,1.0,0.9759894600938923,0.0,0.03,0.0,0.04,0.0,0.02,0.0,0.03,0.0,0.04,0.0,0.02,0.0,0.03,0.0,0.04,0.0,0.02,0.0,0.03,0.0,0.04,0.0,0.02,0.0,0.03,0.0,0.04,0.0,0.02,0.0,0.0,818,762
127,-42.5,-142.5,12145.520080465509,0.9940717041436341,1.0,0.9940717041436341,False,0,,,,,,0.0,0.0,0.5,1.0,0.9940717041436341,0.0,0.08,0.0,0.13,0.0,0.07,0.0,0.08,0.0,0.13,0.0,0.07,0.0,0.08,0.0,0.13,0.0,0.07,0.0,0.08,0.0,0.13,0.0,0.07,0.0,0.08,0.0,0.13,0.0,0.07,0.0,0.0,135,11
128,-42.5,-137.5,12515.048506111825,1.0,1.0,1.0,False,0,,,,,,0.0,0.0,0.5,1.0,1.0,0.0,0.04,0.01,0.07,0.01,0.05,0.0,0.04,0.01,0.07,0.01,0.04,0.0,0.04,0.01,0.07,0.01,0.04,0.0,0.04,0.01,0.07,0.01,0.04,0.0,0.04,0.01,0.07,0.01,0.04,0.0,0.0,526,339
129,-42.5,-132.5,12892.66085418025,1.0,1.0,1.0,False,0,,,,,,0.0,0.0,0.5,1.0,1.0,0.0,0.05,0.0,0.06,0.0,0.03,0.0,0.05,0.0,0.06,0.0,0.03,0.0,0.05,0.0,0.06,0.0,0.03,0.0,0.05,0.0,0.06,0.0,0.02,0.0,0.05,0.0,0.06,0.0,0.03,0.0,0.0,665,472
130,-42.5,-127.5,13277.41517735387,1.0580228820940538,1.0,1.0580228820940538,False,0,,,,,,0.0,0.0,0.5,1.0,1.0580228820940538,0.01,0.02,0.02,0.08,0.02,0.07,0.01,0.03,0.02,0.09,0.02,0.07,0.01,0.03,0.02,0.09,0.02,0.07,0.01,0.03,0.02,0.09,0.02,0.07,0.01,0.03,0.02,0.09,0.02,0.07,0.0,0.0,135,146
131,-42.5,-122.5,13668.418152253698,1.157312710577338,1.0,1.157312710577338,False,0,,,,,,0.0,0.0,0.5,1.0,1.157312710577338,0.01,0.02,0.01,0.07,0.01,0.07,0.01,0.03,0.01,0.07,0.01,0.06,0.01,0.02,0.01,0.07,0.01,0.07,0.01,0.02,0.01,0.07,0.01,0.07,0.01,0.02,0.01,0.07,0.01,0.07,0.0,0.0,135,339
132,-42.5,-117.5,14064.809900716193,0.9873627134333526,1.0,0.9873627134333526,False,0,,,,,,0.0,0.0,0.5,1.0,0.9873627134333526,0.0,0.03,0.01,0.05,0.01,0.03,0.0,0.03,0.01,0.05,0.01,0.03,0.0,0.03,0.01,0.05,0.01,0.03,0.0,0.03,0.01,0.05,0.01,0.03,0.0,0.03,0.01,0.05,0.01,0.03,0.0,0.0,665,618
133,-42.5,-112.5,14465.745137099355,1.1029155960565395,1.0,1.1029155960565395,False,0,,,,,,0.0,0.0,0.5,1.0,1.1029155960565395,0.0,0.01,0.01,0.04,0.01,0.03,0.0,0.01,0.01,0.04,0.01,0.03,0.0,0.01,0.01,0.04,0.01,0.03,0.0,0.01,0.01,0.04,0.01,0.03,0.0,0.01,0.01,0.04,0.01,0.03,0.0,0.0,665,762
134,-42.5,-107.5,14870.368637627627,1.1609972053359885,1.0,1.1609972053359885,False,0,,,,,,0.0,0.0,0.5,1.0,1.1609972053359885,0.0,0.02,0.0,0.06,0.0,0.05,0.0,0.03,0.0,0.06,0.0,0.04,0.0,0.02,0.0,0.06,0.0,0.05,0.0,0.03,0.0,0.06,0.0,0.04,0.0,0.03,0.0,0.06,0.0,0.04,0.0,0.0,526,472
135,-42.5,-102.5,15277.78151309521,1.2175863852057889,1.0,1.2175863852057889,False,0,,,,,,0.0,0.0,0.5,1.0,1.2175863852057889,0.0,0.01,0.0,0.02,0.0,0.01,0.0,0.01,0.0,0.02,0.0,0.01,0.0,0.01,0.0,0.02,0.0,0.01,0.0,0.01,0.0,0.02,0.0,0.01,0.0,0.01,0.0,0.02,0.0,0.01,0.0,0.0,913,918
136,-42.5,-97.5,15686.992064364777,1.2188749027114154,1.0,1.2188749027114154,False,0,,,,,,0.0,0.0,0.5,1.0,1.2188749027114154,0.0,0.05,0.0,0.09,0.0,0.06,0.0,0.05,0.0,0.09,0.0,0.06,0.0,0.05,0.0,0.09,0.0,0.06,0.0,0.05,0.0,0.09,0.0,0.06,0.0,0.05,0.0,0.09,0.0,0.06,0.0,0.0,240,146
137,-42.5,-92.5,16096.839927596235,1.2012176433168464,1.0,1.2012176433168464,False,0,,,,,,0.0,0.0,0.5,1.0,1.2012176433168464,0.0,0.05,0.02,0.1,0.02,0.08,0.0,0.06,0.02,0.11,0.02,0.08,0.0,0.06,0.02,0.11,0.02,0.08,0.0,0.06,0.02,0.11,0.02,0.08,0.0,0.06,0.02,0.11,0.02,0.08,0.0,0.0,66,40
138,-42.5,-87.5,16505.872231809382,1.1577549258969306,1.0,1.1577549258969306,False,0,,,,,,0.0,0.0,0.5,1.0,1.1577549258969306,0.0,0.02,0.02,0.08,0.02,0.07,0.0,0.03,0.02,0.09,0.02,0.07,0.0,0.03,0.02,0.09,0.02,0.07,0.0,0.03,0.02,0.09,0.02,0.07,0.0,0.03,0.02,0.09,0.02,0.07,0.0,0.0,135,146
139,-42.5,-82.5,16912.129903935307,1.0135071716237691,1.0,1.0135071716237691,False,0,,,,,,0.0,0.0,0.5,1.0,1.0135071716237691,0.0,0.01,0.01,0.05,0.01,0.04,0.0,0.02,0.01,0.06,0.01,0.05,0.0,0.03,0.01,0.06,0.01,0.04,0.0,0.03,0.01,0.06,0.01,0.04,0.0,0.03,0.01,0.06,0.01,0.04,0.0,0.0,526,472
140,-42.5,-77.5,17312.7578564387,0.9612991212346721,1.0,0.9612991212346721,True,936,sam,8.787428592005346,6.373539841073123,6.603085908150818,3.984893300085065,0.9942123081253676,0.6167044717813271,0.19909186582069924,0.8144286080562496,0.78290950523285,0.0,0.03,0.0,0.07,0.0,0.05,0.0,0.03,0.0,0.07,0.0,0.05,0.0,0.03,0.0,0.07,0.0,0.05,0.0,0.03,0.0,0.07,0.0,0.05,0.0,0.03,0.0,0.07,0.0,0.05,0.0,0.0,366,339
141,-42.5,-72.5,17703.253491761363,1.1410748905950616,1.0,1.1410748905950616,True,7133,sam,60.394874165448776,23.91243861191997,5.406415121291505,8.2154047981981,0.9954562981973397,0.3610298023088226,0.6281894376461117,1.0462802073314548,1.1938840731125182,0.0,0.02,0.01,0.09,0.01,0.07,0.0,0.02,0.01,0.09,0.01,0.07,0.0,0.02,0.01,0.09,0.01,0.07,0.0,0.02,0.01,0.09,0.01,0.07,0.0,0.02,0.01,0.09,0.01,0.07,0.0,0.0,135,146
142,-42.5,-67.5,18075.944799421668,1.2149602848785779,1.0,1.2149602848785779,True,884,sam,487.02565284531477,25.554631889224705,8.240628581173723,13.986816834969934,0.9769829205837824,0.14342716017330914,0.6665029599667038,1.0238810467084745,1.2439748081907047,0.01,0.02,0.02,0.05,0.02,0.03,0.01,0.02,0.02,0.05,0.02,0.03,0.01,0.02,0.02,0.05,0.02,0.03,0.01,0.02,0.02,0.05,0.02,0.03,0.01,0.02,0.02,0.05,0.02,0.03,0.0,0.0,665,618
143,-42.5,97.5,9011.244723114201,0.9533430760288455,1.0,0.9533430760288455,False,0,,,,,,0.0,0.0,0.5,1.0,0.9533430760288455,0.0,0.02,0.0,0.07,0.0,0.05,0.0,0.02,0.0,0.07,0.0,0.05,0.0,0.02,0.0,0.07,0.0,0.05,0.0,0.02,0.0,0.07,0.0,0.05,0.0,0.02,0.0,0.07,0.0,0.05,0.0,0.0,366,339
144,-42.5,102.5,8832.399636960903,1.0100383869404366,1.0,1.0100383869404366,False,0,,,,,,0.0,0.0,0.5,1.0,1.0100383869404366,0.0,0.03,0.0,0.05,0.0,0.02,0.0,0.03,0.0,0.05,0.0,0.02,0.0,0.03,0.0,0.05,0.0,0.02,0.0,0.03,0.0,0.05,0.0,0.02,0.0,0.03,0.0,0.05,0.0,0.02,0.0,0.0,818,618
145,-42.5,107.5,8679.753640346184,1.0783644756272333,1.0,1.0783644756272333,False,0,,,,,,0.0,0.0,0.5,1.0,1.0783644756272333,0.0,0.03,0.0,0.05,0.0,0.02,0.0,0.03,0.0,0.05,0.0,0.02,0.0,0.03,0.0,0.05,0.0,0.02,0.0,0.04,0.0,0.05,0.0,0.01,0.0,0.04,0.0,0.05,0.0,0.01,0.0,0.0,913,618
146,-42.5,112.5,8554.761513322208,0.9043932971050435,1.0,0.9043932971050435,False,0,,,,,,0.0,0.0,0.5,1.0,0.9043932971050435,0.0,0.05,0.01,0.09,0.01,0.05,0.0,0.06,0.01,0.1,0.01,0.06,0.0,0.06,0.01,0.1,0.01,0.06,0.0,0.06,0.01,0.1,0.01,0.06,0.0,0.06,0.01,0.1,0.01,0.06,0.0,0.0,240,83
147,-42.5,117.5,8458.691162117431,0.8781818051098528,1.0,0.8781818051098528,False,0,,,,,,0.0,0.0,0.5,1.0,0.8781818051098528,0.0,0.01,0.0,0.04,0.0,0.04,0.0,0.01,0.0,0.04,0.0,0.04,0.0,0.01,0.0,0.04,0.0,0.04,0.0,0.01,0.0,0.04,0.0,0.04,0.0,0.01,0.0,0.04,0.0,0.04,0.0,0.0,526,762
148,-42.5,122.5,8392.567526869274,1.0175519784050795,1.0,1.0175519784050795,False,0,,,,,,0.0,0.0,0.5,1.0,1.0175519784050795,0.0,0.0,0.0,0.04,0.0,0.04,0.0,0.01,0.0,0.04,0.0,0.03,0.0,0.01,0.0,0.04,0.0,0.03,0.0,0.01,0.0,0.04,0.0,0.03,0.0,0.01,0.0,0.04,0.0,0.03,0.0,0.0,665,762
149,-42.5,127.5,8357.122973264584,1.1089812987315297,1.0,1.1089812987315297,False,0,,,,,,0.0,0.0,0.5,1.0,1.1089812987315297,0.01,0.05,0.01,0.08,0.01,0.05,0.01,0.05,0.01,0.08,0.01,0.05,0.01,0.05,0.01,0.08,0.01,0.05,0.01,0.05,0.01,0.08,0.01,0.05,0.01,0.05,0.01,0.08,0.01,0.05,0.0,0.0,366,221
150,-42.5,132.5,8352.759465640778,1.2538136083466003,1.0,1.2538136083466003,False,0,,,,,,0.0,0.0,0.5,1.0,1.2538136083466003,0.0,0.03,0.01,0.05,0.01,0.03,0.0,0.03,0.01,0.05,0.01,0.02,0.0,0.02,0.01,0.05,0.01,0.03,0.0,0.02,0.01,0.05,0.01,0.03,0.0,0.02,0.01,0.05,0.01,0.03,0.0,0.0,665,618
151,-42.5,137.5,8379.526951669344,1.3175874224918016,1.0,1.3175874224918016,False,0,,,,,,0.0,0.0,0.5,1.0,1.3175874224918016,0.0,0.02,0.01,0.06,0.01,0.05,0.0,0.03,0.01,0.07,0.01,0.06,0.0,0.03,0.01,0.07,0.01,0.06,0.0,0.03,0.01,0.07,0.01,0.06,0.0,0.03,0.01,0.07,0.01,0.06,0.0,0.0,240,339
152,-42.5,142.5,8437.120633910066,1.2918336888539361,1.0,1.2918336888539361,False,0,,,,,,0.0,0.0,0.5,1.0,1.2918336888539361,0.0,0.02,0.0,0.05,0.0,0.04,0.0,0.02,0.0,0.06,0.0,0.05,0.0,0.01,0.0,0.06,0.0,0.06,0.0,0.01,0.0,0.06,0.0,0.06,0.0,0.01,0.0,0.06,0.0,0.06,0.0,0.0,240,472
153,-42.5,147.5,8524.897473156076,1.2004285823656637,1.0,1.2004285823656637,False,0,,,,,,0.0,0.0,0.5,1.0,1.2004285823656637,0.0,0.01,0.0,0.05,0.0,0.04,0.0,0.01,0.0,0.05,0.0,0.04,0.0,0.01,0.0,0.05,0.0,0.04,0.0,0.01,0.0,0.05,0.0,0.04,0.0,0.01,0.0,0.05,0.0,0.04,0.0,0.0,526,618
154,-42.5,152.5,8641.90986192122,1.1557574346919004,1.0,1.1557574346919004,False,0,,,,,,0.0,0.0,0.5,1.0,1.1557574346919004,0.0,0.03,0.0,0.05,0.0,0.03,0.0,0.03,0.0,0.05,0.0,0.03,0.0,0.03,0.0,0.05,0.0,0.03,0.0,0.03,0.0,0.05,0.0,0.03,0.0,0.03,0.0,0.05,0.0,0.03,0.0,0.0,665,618
155,-42.5,157.5,8786.952448596818,1.2412425624817813,1.0,1.2412425624817813,False,0,,,,,,0.0,0.0,0.5,1.0,1.2412425624817813,0.0,0.03,0.0,0.03,0.0,0.01,0.0,0.03,0.0,0.04,0.0,0.02,0.0,0.03,0.0,0.04,0.0,0.02,0.0,0.03,0.0,0.04,0.0,0.02,0.0,0.03,0.0,0.04,0.0,0.02,0.0,0.0,818,762
156,-42.5,162.5,8958.616960460564,1.3114208035537733,1.0,1.3114208035537733,False,0,,,,,,0.0,0.0,0.5,1.0,1.3114208035537733,0.01,0.03,0.01,0.07,0.0,0.04,0.01,0.04,0.01,0.07,0.0,0.03,0.01,0.05,0.01,0.08,0.0,0.03,0.01,0.05,0.01,0.08,0.0,0.03,0.01,0.05,0.01,0.08,0.0,0.03,0.0,0.0,665,221
157,-42.5,167.5,9155.349689416093,1.273499860372518,1.0,1.273499860372518,True,786,"ker,puy",55.1615883016954,39.15650394049508,36.73847059887401,6.317876761018073,0.9229236070271296,0.5602209204650624,0.719914835892706,1.123200891787735,1.4303961788619683,0.0,0.02,0.0,0.02,0.0,0.01,0.0,0.02,0.0,0.02,0.0,0.01,0.0,0.01,0.0,0.02,0.0,0.01,0.0,0.01,0.0,0.02,0.0,0.01,0.0,0.01,0.0,0.02,0.0,0.01,0.0,0.0,913,918
158,-42.5,172.5,9375.506937665987,1.2281653536627173,1.0,1.2281653536627173,True,4245,ker,75.35871289769361,38.12961918896082,47.9466004212835,7.840153011720506,0.8135482008951817,0.3070135280789152,0.7188623454464063,1.0671937008391275,1.310690329017711,0.01,0.01,0.03,0.06,0.03,0.06,0.01,0.0,0.03,0.06,0.03,0.06,0.01,0.0,0.03,0.06,0.03,0.06,0.01,0.0,0.03,0.06,0.03,0.06,0.0,0.0,0.03,0.06,0.03,0.06,0.0,0.0,240,472
159,-42.5,177.5,9617.404877623596,1.173977520423806,1.0,1.173977520423806,True,2346,ker,13.683030217007273,6.582954596162119,39.54360715526239,4.388284011929384,0.8667057440911671,0.5444391443342967,0.20971365604741146,0.8419567512865214,0.9884382991794336,0.0,0.02,0.01,0.06,0.01,0.04,0.0,0.02,0.01,0.06,0.01,0.04,0.0,0.02,0.01,0.06,0.01,0.04,0.0,0.02,0.01,0.06,0.01,0.04,0.0,0.02,0.01,0.06,0.01,0.04,0.0,0.0,526,472
160,-37.5,-177.5,9463.192531559196,1.021054245336587,1.0,1.021054245336587,True,735,ker,8.156693713896672,4.658887643862049,31.11065391906783,7.217201633800712,0.9562041582328875,0.41691803315184517,0.14619652430686828,0.8524929507917328,0.870441546525413,0.0,0.01,0.0,0.02,0.0,0.01,0.0,0.02,0.0,0.03,0.0,0.01,0.0,0.02,0.0,0.03,0.0,0.01,0.0,0.02,0.0,0.03,0.0,0.01,0.0,0.02,0.0,0.03,0.0,0.01,0.0,0.0,913,868
161,-37.5,-172.5,9765.464814308292,1.0292266202048472,1.0,1.0292266202048472,False,0,,,,,,0.0,0.0,0.5,1.0,1.0292266202048472,0.0,0.03,0.01,0.08,0.01,0.05,0.0,0.03,0.01,0.08,0.01,0.05,0.0,0.03,0.01,0.08,0.01,0.05,0.0,0.03,0.01,0.08,0.01,0.05,0.0,0.03,0.01,0.08,0.01,0.05,0.0,0.0,366,221
162,-37.5,-167.5,10084.938289959651,1.0847174704394615,1.0,1.0847174704394615,False,0,,,,,,0.0,0.0,0.5,1.0,1.0847174704394615,0.0,0.05,0.0,0.08,0.0,0.05,0.0,0.04,0.0,0.08,0.0,0.06,0.0,0.04,0.0,0.08,0.0,0.06,0.0,0.04,0.0,0.08,0.0,0.06,0.0,0.04,0.0,0.08,0.0,0.06,0.0,0.0,240,221
163,-37.5,-162.5,10419.951616350392,0.971814583794964,1.0,0.971814583794964,False,0,,,,,,0.0,0.0,0.5,1.0,0.971814583794964,0.0,0.02,0.0,0.06,0.0,0.04,0.0,0.02,0.0,0.06,0.0,0.04,0.0,0.02,0.0,0.06,0.0,0.04,0.0,0.02,0.0,0.06,0.0,0.04,0.0,0.02,0.0,0.06,0.0,0.04,0.0,0.0,526,472
164,-37.5,-157.5,10768.968772103555,0.9380930264158919,1.0,0.9380930264158919,False,0,,,,,,0.0,0.0,0.5,1.0,0.9380930264158919,0.0,0.01,0.01,0.06,0.01,0.05,0.0,0.01,0.01,0.06,0.01,0.05,0.0,0.01,0.01,0.06,0.01,0.05,0.0,0.01,0.01,0.06,0.01,0.05,0.0,0.01,0.01,0.06,0.01,0.05,0.0,0.0,366,472
165,-37.5,-152.5,11130.57983960249,0.9415961085802819,1.0,0.9415961085802819,False,0,,,,,,0.0,0.0,0.5,1.0,0.9415961085802819,0.0,0.04,0.01,0.08,0.01,0.07,0.0,0.03,0.01,0.08,0.01,0.06,0.0,0.03,0.01,0.08,0.01,0.06,0.0,0.03,0.01,0.08,0.01,0.06,0.0,0.03,0.01,0.08,0.01,0.06,0.0,0.0,240,221
166,-37.5,-147.5,11503.497270843442,0.9705799233260094,1.0,0.9705799233260094,False,0,,,,,,0.0,0.0,0.5,1.0,0.9705799233260094,0.0,0.04,0.0,0.06,0.0,0.02,0.0,0.05,0.0,0.07,0.0,0.03,0.0,0.05,0.0,0.07,0.0,0.03,0.0,0.05,0.0,0.07,0.0,0.03,0.0,0.05,0.0,0.07,0.0,0.03,0.0,0.0,665,339
167,-37.5,-142.5,11886.549109037654,0.9922181338715503,1.0,0.9922181338715503,False,0,,,,,,0.0,0.0,0.5,1.0,0.9922181338715503,0.0,0.02,0.0,0.05,0.0,0.05,0.0,0.02,0.0,0.05,0.0,0.05,0.0,0.02,0.0,0.05,0.0,0.05,0.0,0.02,0.0,0.05,0.0,0.05,0.0,0.02,0.0,0.05,0.0,0.05,0.0,0.0,366,618
168,-37.5,-137.5,12278.670293380237,0.9950222062475771,1.0,0.9950222062475771,False,0,,,,,,0.0,0.0,0.5,1.0,0.9950222062475771,0.0,0.03,0.02,0.08,0.02,0.07,0.0,0.03,0.02,0.08,0.02,0.07,0.0,0.03,0.02,0.08,0.02,0.07,0.0,0.03,0.02,0.08,0.02,0.07,0.0,0.03,0.02,0.08,0.02,0.07,0.0,0.0,135,221
169,-37.5,-132.5,12678.892852992858,1.0,1.0,1.0,False,0,,,,,,0.0,0.0,0.5,1.0,1.0,0.0,0.05,0.0,0.05,0.0,0.02,0.0,0.04,0.0,0.05,0.0,0.02,0.0,0.04,0.0,0.05,0.0,0.02,0.0,0.04,0.0,0.05,0.0,0.02,0.0,0.04,0.0,0.05,0.0,0.02,0.0,0.0,818,618
170,-37.5,-127.5,13086.335512155973,0.9995019659011127,1.0,0.9995019659011127,False,0,,,,,,0.0,0.0,0.5,1.0,0.9995019659011127,0.0,0.03,0.0,0.07,0.0,0.06,0.0,0.03,0.0,0.07,0.0,0.06,0.0,0.03,0.0,0.07,0.0,0.06,0.0,0.03,0.0,0.07,0.0,0.06,0.0,0.03,0.0,0.07,0.0,0.06,0.0,0.0,240,339
171,-37.5,-122.5,13500.192978488267,1.2576640945609123,1.0,1.2576640945609123,False,0,,,,,,0.0,0.0,0.5,1.0,1.2576640945609123,0.0,0.03,0.0,0.04,0.0,0.03,0.0,0.03,0.0,0.04,0.0,0.03,0.0,0.03,0.0,0.04,0.0,0.03,0.0,0.03,0.0,0.04,0.0,0.03,0.0,0.03,0.0,0.04,0.0,0.03,0.0,0.0,665,762
172,-37.5,-117.5,13919.724950826454,1.3335133036918465,1.0,1.3335133036918465,False,0,,,,,,0.0,0.0,0.5,1.0,1.3335133036918465,0.0,0.02,0.01,0.05,0.01,0.04,0.0,0.02,0.01,0.05,0.01,0.04,0.0,0.02,0.01,0.05,0.01,0.04,0.0,0.02,0.01,0.05,0.01,0.04,0.0,0.02,0.01,0.05,0.01,0.04,0.0,0.0,526,618
173,-37.5,-112.5,14344.244631267813,1.338490234618588,1.0,1.338490234618588,False,0,,,,,,0.0,0.0,0.5,1.0,1.338490234618588,0.0,0.05,0.0,0.05,0.0,0.03,0.0,0.05,0.0,0.05,0.0,0.03,0.0,0.04,0.0,0.05,0.0,0.03,0.0,0.04,0.0,0.05,0.0,0.03,0.0,0.04,0.0,0.05,0.0,0.03,0.0,0.0,665,618
174,-37.5,-107.5,14773.106198975296,1.336883812639288,1.0,1.336883812639288,False,0,,,,,,0.0,0.0,0.5,1.0,1.336883812639288,0.01,0.01,0.01,0.05,0.01,0.04,0.01,0.02,0.01,0.05,0.01,0.03,0.01,0.02,0.01,0.05,0.01,0.03,0.01,0.02,0.01,0.05,0.01,0.03,0.01,0.02,0.01,0.05,0.01,0.03,0.0,0.0,665,618
175,-37.5,-102.5,15205.690196067115,1.3355276540030587,1.0,1.3355276540030587,False,0,,,,,,0.0,0.0,0.5,1.0,1.3355276540030587,0.0,0.05,0.0,0.07,0.0,0.04,0.0,0.04,0.0,0.07,0.0,0.04,0.0,0.04,0.0,0.07,0.0,0.04,0.0,0.04,0.0,0.07,0.0,0.04,0.0,0.04,0.0,0.07,0.0,0.04,0.0,0.0,526,339
176,-37.5,-97.5,15641.384874991605,1.3345014399906683,1.0,1.3345014399906683,False,0,,,,,,0.0,0.0,0.5,1.0,1.3345014399906683,0.0,0.02,0.0,0.03,0.0,0.02,0.0,0.01,0.0,0.03,0.0,0.02,0.0,0.01,0.0,0.03,0.0,0.02,0.0,0.01,0.0,0.03,0.0,0.02,0.0,0.01,0.0,0.03,0.0,0.02,0.0,0.0,818,868
177,-37.5,-92.5,16079.559796942489,1.3263819953426221,1.0,1.3263819953426221,False,0,,,,,,0.0,0.0,0.5,1.0,1.3263819953426221,0.0,0.01,0.01,0.07,0.01,0.07,0.0,0.02,0.01,0.07,0.01,0.06,0.0,0.02,0.01,0.07,0.01,0.06,0.0,0.02,0.01,0.07,0.01,0.06,0.0,0.02,0.01,0.07,0.01,0.06,0.0,0.0,240,339
178,-37.5,-87.5,16519.524256066215,1.289572219019807,1.0,1.289572219019807,False,0,,,,,,0.0,0.0,0.5,1.0,1.289572219019807,0.0,0.01,0.0,0.01,0.0,0.0,0.0,0.01,0.0,0.01,0.0,0.0,0.0,0.01,0.0,0.01,0.0,0.0,0.0,0.01,0.0,0.01,0.0,0.0,0.0,0.01,0.0,0.01,0.0,0.0,0.0,0.0,954,950
179,-37.5,-82.5,16960.454635151054,0.8904047070431204,1.0,0.8904047070431204,False,0,,,,,,0.0,0.0,0.5,1.0,0.8904047070431204,0.0,0.01,0.01,0.07,0.01,0.06,0.0,0.01,0.01,0.07,0.01,0.06,0.0,0.01,0.01,0.07,0.01,0.06,0.0,0.01,0.01,0.07,0.01,0.06,0.0,0.01,0.01,0.07,0.01,0.06,0.0,0.0,240,339
180,-37.5,-77.5,17401.253733557744,1.0231887682822005,1.0,1.0231887682822005,True,29,sam,7.017984538243104,4.6553455385668965,3.6601279182059403,5.89487220501069,0.9998139011610319,0.620179109387362,0.15530161727956165,0.7862252639971745,0.8044568594616169,0.0,0.03,0.01,0.05,0.01,0.04,0.0,0.03,0.01,0.05,0.01,0.04,0.0,0.03,0.01,0.05,0.01,0.04,0.0,0.03,0.01,0.05,0.01,0.04,0.0,0.03,0.01,0.05,0.01,0.04,0.0,0.0,526,618
181,-37.5,-72.5,17840.246918890247,1.0874967149747716,1.0,1.0874967149747716,True,9032,sam,39.847129106758196,16.654200297650423,11.491713928087346,12.648371275016789,0.9695501316187597,0.1481765394436852,0.5042786540320753,1.0006339961479498,1.0881861837029736,0.0,0.02,0.0,0.05,0.0,0.04,0.0,0.03,0.0,0.05,0.0,0.03,0.0,0.03,0.0,0.05,0.0,0.03,0.0,0.03,0.0,0.05,0.0,0.03,0.0,0.03,0.0,0.05,0.0,0.03,0.0,0.0,665,618
182,-37.5,-67.5,18274.43686244115,1.1376418382029434,1.0,1.1376418382029434,True,10000,sam,391.1789242123346,31.933241220108044,28.530036441610264,23.95487502218988,0.8918112540583115,0.04072637217517384,0.8339757971181168,1.0136016226109328,1.1531156131525877,0.01,0.02,0.01,0.04,0.0,0.03,0.01,0.03,0.01,0.04,0.0,0.02,0.01,0.03,0.01,0.04,0.0,0.02,0.01,0.03,0.01,0.04,0.0,0.02,0.01,0.03,0.01,0.04,0.0,0.02,0.0,0.0,818,762
183,-37.5,97.5,8520.602513474374,0.9763619242943283,1.0,0.9763619242943283,False,0,,,,,,0.0,0.0,0.5,1.0,0.9763619242943283,0.0,0.03,0.0,0.04,0.0,0.02,0.0,0.04,0.0,0.05,0.0,0.01,0.0,0.04,0.0,0.05,0.0,0.01,0.0,0.04,0.0,0.05,0.0,0.01,0.0,0.04,0.0,0.05,0.0,0.01,0.0,0.0,913,618
184,-37.5,102.5,8324.918350577695,0.9458656227033465,1.0,0.9458656227033465,False,0,,,,,,0.0,0.0,0.5,1.0,0.9458656227033465,0.0,0.03,0.0,0.04,0.0,0.03,0.0,0.04,0.0,0.05,0.0,0.04,0.0,0.04,0.0,0.05,0.0,0.04,0.0,0.04,0.0,0.05,0.0,0.04,0.0,0.04,0.0,0.05,0.0,0.04,0.0,0.0,526,618
185,-37.5,107.5,8157.4239499139,1.0477414241824041,1.0,1.0477414241824041,False,0,,,,,,0.0,0.0,0.5,1.0,1.0477414241824041,0.0,0.02,0.02,0.05,0.02,0.03,0.0,0.02,0.02,0.05,0.02,0.03,0.0,0.02,0.02,0.05,0.02,0.03,0.0,0.02,0.02,0.05,0.02,0.03,0.0,0.02,0.02,0.05,0.02,0.03,0.0,0.0,665,618
186,-37.5,112.5,8019.924898711728,0.9676373891598256,1.0,0.9676373891598256,False,0,,,,,,0.0,0.0,0.5,1.0,0.9676373891598256,0.01,0.02,0.01,0.08,0.01,0.07,0.01,0.02,0.01,0.08,0.01,0.07,0.01,0.02,0.01,0.08,0.01,0.07,0.01,0.02,0.01,0.08,0.01,0.07,0.01,0.02,0.01,0.08,0.01,0.07,0.0,0.0,135,221
187,-37.5,117.5,7914.016443132069,0.85863482145919,1.0,0.85863482145919,False,0,,,,,,0.0,0.0,0.5,1.0,0.85863482145919,0.0,0.01,0.0,0.02,0.0,0.02,0.0,0.02,0.0,0.03,0.0,0.02,0.0,0.02,0.0,0.03,0.0,0.02,0.0,0.02,0.0,0.03,0.0,0.02,0.0,0.02,0.0,0.03,0.0,0.02,0.0,0.0,818,868
188,-37.5,122.5,7841.002821742557,0.8144895700765,1.0,0.8144895700765,False,0,,,,,,0.0,0.0,0.5,1.0,0.8144895700765,0.0,0.01,0.0,0.04,0.0,0.03,0.0,0.01,0.0,0.04,0.0,0.03,0.0,0.01,0.0,0.04,0.0,0.03,0.0,0.01,0.0,0.04,0.0,0.03,0.0,0.01,0.0,0.04,0.0,0.03,0.0,0.0,665,762
189,-37.5,127.5,7801.824012735943,1.1434643630437533,1.0,1.1434643630437533,False,0,,,,,,0.0,0.0,0.5,1.0,1.1434643630437533,0.0,0.03,0.0,0.06,0.0,0.03,0.0,0.03,0.0,0.06,0.0,0.03,0.0,0.03,0.0,0.06,0.0,0.03,0.0,0.03,0.0,0.06,0.0,0.03,0.0,0.03,0.0,0.06,0.0,0.03,0.0,0.0,665,472
190,-37.5,132.5,7796.998779527711,1.2040003696884614,1.0,1.2040003696884614,False,0,,,,,,0.0,0.0,0.5,1.0,1.2040003696884614,0.0,0.05,0.0,0.07,0.0,0.03,0.01,0.04,0.01,0.07,0.01,0.03,0.01,0.04,0.01,0.07,0.01,0.03,0.01,0.04,0.01,0.07,0.01,0.03,0.01,0.04,0.01,0.07,0.01,0.03,0.0,0.0,665,339
191,-37.5,137.5,7826.591724208305,1.2390206636654455,1.0,1.2390206636654455,False,0,,,,,,0.0,0.0,0.5,1.0,1.2390206636654455,0.0,0.06,0.01,0.09,0.01,0.04,0.0,0.06,0.01,0.09,0.01,0.04,0.0,0.05,0.01,0.09,0.01,0.05,0.0,0.05,0.01,0.09,0.01,0.05,0.0,0.05,0.01,0.09,0.01,0.05,0.0,0.0,366,146
192,-37.5,142.5,7890.209108699637,1.191482531145645,1.0,1.191482531145645,False,0,,,,,,0.0,0.0,0.5,1.0,1.191482531145645,0.0,0.03,0.02,0.06,0.02,0.05,0.0,0.03,0.02,0.06,0.02,0.05,0.0,0.03,0.02,0.07,0.02,0.05,0.0,0.03,0.02,0.07,0.02,0.05,0.0,0.03,0.02,0.07,0.02,0.05,0.0,0.0,366,339
193,-37.5,147.5,7987.024062536464,1.0897439637559938,1.0,1.0897439637559938,False,0,,,,,,0.0,0.0,0.5,1.0,1.0897439637559938,0.01,0.03,0.01,0.1,0.01,0.09,0.01,0.03,0.01,0.1,0.01,0.08,0.01,0.02,0.01,0.1,0.01,0.09,0.01,0.02,0.01,0.1,0.01,0.09,0.01,0.02,0.01,0.1,0.01,0.09,0.0,0.0,29,83
194,-37.5,152.5,8115.8274955003735,1.0044909482295483,1.0,1.0044909482295483,False,0,,,,,,0.0,0.0,0.5,1.0,1.0044909482295483,0.0,0.03,0.03,0.11,0.03,0.09,0.0,0.03,0.03,0.11,0.03,0.09,0.0,0.03,0.03,0.11,0.03,0.09,0.0,0.03,0.03,0.11,0.03,0.09,0.0,0.03,0.03,0.11,0.03,0.09,0.0,0.0,29,40
195,-37.5,157.5,8275.097666764927,0.9886273602794906,1.0,0.9886273602794906,False,0,,,,,,0.0,0.0,0.5,1.0,0.9886273602794906,0.0,0.03,0.0,0.1,0.0,0.07,0.0,0.03,0.0,0.1,0.0,0.07,0.0,0.03,0.0,0.1,0.0,0.07,0.0,0.03,0.0,0.1,0.0,0.07,0.0,0.03,0.0,0.1,0.0,0.07,0.0,0.0,135,83
196,-37.5,162.5,8463.079666372374,1.2588167310344873,1.0,1.2588167310344873,False,0,,,,,,0.0,0.0,0.5,1.0,1.2588167310344873,0.0,0.03,0.01,0.06,0.01,0.05,0.0,0.02,0.01,0.07,0.01,0.06,0.0,0.02,0.01,0.07,0.01,0.06,0.0,0.02,0.01,0.07,0.01,0.06,0.0,0.02,0.01,0.07,0.01,0.06,0.0,0.0,240,339
197,-37.5,167.5,8677.866187704361,1.180834648920957,1.0,1.180834648920957,False,0,,,,,,0.0,0.0,0.5,1.0,1.180834648920957,0.0,0.03,0.01,0.1,0.01,0.09,0.0,0.03,0.01,0.1,0.01,0.09,0.0,0.03,0.01,0.1,0.01,0.09,0.0,0.03,0.01,0.1,0.01,0.09,0.0,0.03,0.01,0.1,0.01,0.09,0.0,0.0,29,83
198,-37.5,172.5,8917.47252076593,1.102706626842305,1.0,1.102706626842305,True,976,ker,200.1170012755506,65.36927968469152,42.402246882378904,16.56298627350597,0.9939188018822877,0.10622973498549547,0.7459796537098711,1.0261303534254236,1.131520740726251,0.0,0.02,0.0,0.04,0.0,0.02,0.0,0.02,0.0,0.04,0.0,0.02,0.0,0.02,0.0,0.04,0.0,0.02,0.0,0.02,0.0,0.04,0.0,0.02,0.0,0.02,0.0,0.04,0.0,0.02,0.0,0.0,818,762
199,-37.5,177.5,9179.901000413174,1.031731443011264,1.0,1.031731443011264,True,7937,ker,23.169467622387945,12.519592016319745,29.510384927553115,7.093233715823369,0.9624048027066481,0.35775107958369917,0.33856617164159697,0.9422468736234517,0.972145726596376,0.0,0.02,0.01,0.05,0.01,0.04,0.0,0.03,0.01,0.06,0.01,0.04,0.0,0.05,0.01,0.07,0.01,0.03,0.0,0.04,0.01,0.07,0.01,0.04,0.0,0.03,0.01,0.06,0.01,0.04,-0.010000000000000009,-0.010000000000000002,526,472
200,-32.5,-177.5,9048.862958961561,1.130177580154156,1.0608048991004362,1.1988979138810045,True,4920,ker,25.210865762751883,13.87777100733085,22.347274927639987,14.048290303357886,0.9955826840859915,0.1203601042503341,0.3445773987591291,0.9812933195117907,1.1090357092672747,0.0,0.02,0.0,0.04,0.0,0.03,0.0,0.02,0.0,0.04,0.0,0.03,0.0,0.02,0.0,0.04,0.0,0.03,0.0,0.01,0.0,0.04,0.0,0.03,0.0,0.02,0.0,0.04,0.0,0.03,0.0,0.01,665,762
201,-32.5,-172.5,9372.118974434454,1.148463451260583,1.0462164656416015,1.2015413728964028,False,0,,,,,,0.0,0.0,0.5,1.0,1.2015413728964028,0.0,0.02,0.01,0.04,0.01,0.03,0.0,0.02,0.01,0.04,0.01,0.03,0.0,0.02,0.01,0.04,0.01,0.03,0.0,0.02,0.01,0.04,0.01,0.03,0.0,0.02,0.01,0.04,0.01,0.03,0.0,0.0,665,762
202,-32.5,-167.5,9712.625864789748,1.1364405291276936,1.0243488896085928,1.1641115941181546,False,0,,,,,,0.0,0.0,0.5,1.0,1.1641115941181546,0.0,0.04,0.0,0.08,0.0,0.07,0.0,0.04,0.0,0.08,0.0,0.07,0.0,0.04,0.0,0.08,0.0,0.07,0.0,0.05,0.0,0.08,0.0,0.06,0.0,0.04,0.0,0.08,0.0,0.07,0.0,-0.010000000000000002,135,221
203,-32.5,-162.5,10068.571189864793,0.9950090302355367,1.0,0.9950090302355367,False,0,,,,,,0.0,0.0,0.5,1.0,0.9950090302355367,0.01,0.01,0.01,0.05,0.01,0.04,0.0,0.01,0.01,0.05,0.01,0.04,0.0,0.01,0.01,0.05,0.01,0.04,0.0,0.01,0.01,0.05,0.01,0.04,0.0,0.01,0.01,0.05,0.01,0.04,0.0,0.0,526,618
204,-32.5,-157.5,10438.309148169785,0.9773738015207623,1.0,0.9773738015207623,False,0,,,,,,0.0,0.0,0.5,1.0,0.9773738015207623,0.0,0.03,0.0,0.04,0.0,0.02,0.0,0.04,0.0,0.04,0.0,0.02,0.0,0.04,0.0,0.04,0.0,0.01,0.0,0.03,0.0,0.04,0.0,0.02,0.0,0.03,0.0,0.04,0.0,0.02,0.0,0.0,818,762
205,-32.5,-152.5,10820.355178917453,0.9781027304102178,1.0,0.9781027304102178,False,0,,,,,,0.0,0.0,0.5,1.0,0.9781027304102178,0.01,0.05,0.02,0.09,0.02,0.06,0.0,0.04,0.02,0.09,0.02,0.06,0.0,0.04,0.02,0.09,0.02,0.06,0.0,0.04,0.02,0.09,0.02,0.06,0.0,0.04,0.02,0.09,0.02,0.06,0.0,0.0,240,146
206,-32.5,-147.5,11213.376388351953,0.9596466457118666,1.0,0.9596466457118666,False,0,,,,,,0.0,0.0,0.5,1.0,0.9596466457118666,0.01,0.05,0.02,0.06,0.01,0.03,0.01,0.04,0.02,0.06,0.01,0.03,0.01,0.04,0.02,0.06,0.01,0.03,0.01,0.04,0.02,0.06,0.01,0.03,0.01,0.04,0.02,0.06,0.01,0.03,0.0,0.0,665,472
207,-32.5,-142.5,11616.179648731702,1.0143287959597405,1.0,1.0143287959597405,False,0,,,,,,0.0,0.0,0.5,1.0,1.0143287959597405,0.0,0.02,0.0,0.03,0.0,0.02,0.0,0.02,0.0,0.03,0.0,0.02,0.0,0.02,0.0,0.03,0.0,0.02,0.0,0.02,0.0,0.03,0.0,0.02,0.0,0.02,0.0,0.03,0.0,0.02,0.0,0.0,818,868
208,-32.5,-137.5,12027.69869070994,1.0316665597638712,1.0,1.0316665597638712,False,0,,,,,,0.0,0.0,0.5,1.0,1.0316665597638712,0.0,0.03,0.01,0.06,0.01,0.04,0.0,0.04,0.01,0.06,0.01,0.03,0.0,0.04,0.01,0.06,0.01,0.03,0.0,0.04,0.01,0.06,0.01,0.03,0.0,0.04,0.01,0.06,0.01,0.03,0.0,0.0,665,472
209,-32.5,-132.5,12446.98108272195,1.0236541516936644,1.0,1.0236541516936644,False,0,,,,,,0.0,0.0,0.5,1.0,1.0236541516936644,0.0,0.03,0.0,0.04,0.0,0.03,0.0,0.02,0.0,0.04,0.0,0.03,0.0,0.02,0.0,0.04,0.0,0.03,0.0,0.02,0.0,0.04,0.0,0.03,0.0,0.02,0.0,0.04,0.0,0.03,0.0,0.0,665,762
210,-32.5,-127.5,12873.175665581792,1.0039282562513332,1.0,1.0039282562513332,False,0,,,,,,0.0,0.0,0.5,1.0,1.0039282562513332,0.0,0.01,0.02,0.05,0.02,0.05,0.0,0.01,0.02,0.05,0.02,0.05,0.0,0.01,0.02,0.05,0.02,0.05,0.0,0.01,0.02,0.05,0.02,0.05,0.0,0.01,0.02,0.05,0.02,0.05,0.0,0.0,366,618
211,-32.5,-122.5,13305.520774186854,1.3010557695507659,1.0,1.3010557695507659,False,0,,,,,,0.0,0.0,0.5,1.0,1.3010557695507659,0.0,0.05,0.01,0.08,0.01,0.06,0.0,0.06,0.01,0.08,0.01,0.05,0.0,0.07,0.01,0.09,0.01,0.06,0.0,0.07,0.01,0.09,0.01,0.06,0.0,0.07,0.01,0.09,0.01,0.06,0.0,0.0,240,146
212,-32.5,-117.5,13743.333413671076,1.3166770897299087,1.0,1.3166770897299087,False,0,,,,,,0.0,0.0,0.5,1.0,1.3166770897299087,0.0,0.04,0.01,0.07,0.01,0.06,0.0,0.04,0.01,0.07,0.01,0.05,0.0,0.03,0.01,0.07,0.01,0.05,0.0,0.03,0.01,0.07,0.01,0.05,0.0,0.03,0.01,0.07,0.01,0.05,0.0,0.0,366,339
213,-32.5,-112.5,14185.99944735918,1.3292135925514945,1.0,1.3292135925514945,False,0,,,,,,0.0,0.0,0.5,1.0,1.3292135925514945,0.0,0.02,0.0,0.03,0.0,0.01,0.0,0.02,0.0,0.03,0.0,0.01,0.0,0.02,0.0,0.03,0.0,0.01,0.0,0.02,0.0,0.03,0.0,0.01,0.0,0.02,0.0,0.03,0.0,0.01,0.0,0.0,913,868
214,-32.5,-107.5,14632.964783630689,1.3592090836500241,1.0,1.3592090836500241,False,0,,,,,,0.0,0.0,0.5,1.0,1.3592090836500241,0.0,0.0,0.0,0.02,0.0,0.02,0.0,0.0,0.0,0.02,0.0,0.02,0.0,0.0,0.0,0.02,0.0,0.02,0.0,0.0,0.0,0.02,0.0,0.02,0.0,0.0,0.0,0.02,0.0,0.02,0.0,0.0,818,918
215,-32.5,-102.5,15083.727506459656,1.3879700499646912,1.0,1.3879700499646912,False,0,,,,,,0.0,0.0,0.5,1.0,1.3879700499646912,0.0,0.04,0.01,0.11,0.01,0.07,0.0,0.04,0.01,0.11,0.01,0.07,0.0,0.04,0.01,0.11,0.01,0.07,0.0,0.04,0.01,0.11,0.01,0.07,0.0,0.04,0.01,0.11,0.01,0.07,0.0,0.0,135,40
216,-32.5,-97.5,15537.830870924323,1.3933418316630999,1.0,1.3933418316630999,False,0,,,,,,0.0,0.0,0.5,1.0,1.3933418316630999,0.0,0.04,0.02,0.1,0.02,0.07,0.0,0.04,0.02,0.1,0.02,0.07,0.0,0.04,0.02,0.1,0.02,0.07,0.0,0.04,0.02,0.1,0.02,0.07,0.0,0.04,0.02,0.1,0.02,0.07,0.0,0.0,135,83
217,-32.5,-92.5,15994.85707365315,1.3681263791260367,1.0,1.3681263791260367,False,0,,,,,,0.0,0.0,0.5,1.0,1.3681263791260367,0.0,0.01,0.0,0.04,0.0,0.03,0.0,0.02,0.0,0.04,0.0,0.02,0.0,0.02,0.0,0.04,0.0,0.02,0.0,0.02,0.0,0.04,0.0,0.02,0.0,0.02,0.0,0.04,0.0,0.02,0.0,0.0,818,762
218,-32.5,-87.5,16454.421703853,1.3429827489213106,1.0,1.3429827489213106,False,0,,,,,,0.0,0.0,0.5,1.0,1.3429827489213106,0.0,0.05,0.0,0.05,0.0,0.02,0.0,0.05,0.0,0.05,0.0,0.02,0.0,0.05,0.0,0.05,0.0,0.02,0.0,0.05,0.0,0.05,0.0,0.02,0.0,0.05,0.0,0.05,0.0,0.02,0.0,0.0,818,618
219,-32.5,-82.5,16916.168778679246,0.8200111854489619,1.0,0.8200111854489619,False,0,,,,,,0.0,0.0,0.5,1.0,0.8200111854489619,0.0,0.04,0.01,0.08,0.01,0.06,0.0,0.04,0.01,0.08,0.01,0.06,0.0,0.04,0.01,0.08,0.01,0.06,0.0,0.04,0.01,0.08,0.01,0.06,0.0,0.04,0.01,0.08,0.01,0.06,0.0,0.0,240,221
220,-32.5,-77.5,17379.766261000397,0.8332992685032846,1.0,0.8332992685032846,False,0,,,,,,0.0,0.0,0.5,1.0,0.8332992685032846,0.0,0.0,0.0,0.03,0.0,0.03,0.0,0.0,0.0,0.03,0.0,0.03,0.0,0.0,0.0,0.03,0.0,0.03,0.0,0.0,0.0,0.03,0.0,0.03,0.0,0.0,0.0,0.03,0.0,0.03,0.0,0.0,665,868
221,-32.5,-72.5,17844.901932822842,0.8001137026483189,1.0,0.8001137026483189,True,5729,sam,30.786248492737307,15.202329064295599,9.4917014086143,11.689204985268645,0.9519332107782957,0.18391290959982845,0.48329532901288885,0.9969277953548525,0.7976555896143966,0.0,0.04,0.01,0.11,0.01,0.09,0.0,0.05,0.01,0.11,0.01,0.08,0.0,0.05,0.01,0.11,0.01,0.07,0.0,0.05,0.01,0.11,0.01,0.07,0.0,0.05,0.01,0.11,0.01,0.07,0.0,0.0,135,40
222,-32.5,-67.5,18311.279397176222,0.7633684066536051,1.0,0.7633684066536051,True,10000,sam,144.39072848999842,21.08469236969667,28.117432946087902,28.787744719297734,0.5945587880243955,0.020225804510646254,0.5358637296521744,1.0007253727849676,0.7639221333206957,0.0,0.01,0.0,0.03,0.0,0.02,0.0,0.01,0.0,0.03,0.0,0.02,0.0,0.01,0.0,0.03,0.0,0.02,0.0,0.01,0.0,0.03,0.0,0.02,0.0,0.01,0.0,0.03,0.0,0.02,0.0,0.0,818,868
223,-32.5,97.5,8032.564017996032,1.0277255305826896,1.0,1.0277255305826896,False,0,,,,,,0.0,0.0,0.5,1.0,1.0277255305826896,0.0,0.01,0.01,0.04,0.01,0.03,0.0,0.02,0.01,0.05,0.01,0.04,0.0,0.02,0.01,0.05,0.01,0.04,0.0,0.02,0.01,0.05,0.01,0.04,0.0,0.02,0.01,0.05,0.01,0.04,0.0,0.0,526,618
224,-32.5,102.5,7819.678690052792,0.9590888624518309,1.0,0.9590888624518309,False,0,,,,,,0.0,0.0,0.5,1.0,0.9590888624518309,0.0,0.02,0.02,0.06,0.02,0.05,0.0,0.02,0.02,0.06,0.02,0.05,0.0,0.02,0.02,0.06,0.02,0.05,0.0,0.02,0.02,0.06,0.02,0.05,0.0,0.02,0.02,0.06,0.02,0.05,0.0,0.0,366,472
225,-32.5,107.5,7636.842561528321,1.1205793313641652,1.0,1.1205793313641652,False,0,,,,,,0.0,0.0,0.5,1.0,1.1205793313641652,0.0,0.03,0.0,0.08,0.0,0.06,0.0,0.02,0.0,0.08,0.0,0.07,0.0,0.01,0.0,0.08,0.0,0.07,0.0,0.01,0.0,0.08,0.0,0.07,0.0,0.01,0.0,0.08,0.0,0.07,0.0,0.0,135,221
226,-32.5,112.5,7486.290780634635,1.044995376305496,1.0,1.044995376305496,False,0,,,,,,0.0,0.0,0.5,1.0,1.044995376305496,0.0,0.0,0.0,0.04,0.0,0.04,0.0,0.02,0.0,0.06,0.0,0.05,0.0,0.02,0.0,0.06,0.0,0.05,0.0,0.02,0.0,0.06,0.0,0.05,0.0,0.02,0.0,0.06,0.0,0.05,0.0,0.0,366,472
227,-32.5,117.5,7370.029019767013,0.9581798327437462,1.0,0.9581798327437462,False,0,,,,,,0.0,0.0,0.5,1.0,0.9581798327437462,0.0,0.05,0.01,0.08,0.01,0.04,0.0,0.05,0.01,0.09,0.01,0.04,0.0,0.07,0.01,0.09,0.01,0.03,0.0,0.07,0.01,0.09,0.01,0.03,0.0,0.07,0.01,0.09,0.01,0.03,0.0,0.0,665,146
228,-32.5,122.5,7289.7186429105095,0.8593608817545574,1.0,0.8593608817545574,False,0,,,,,,0.0,0.0,0.5,1.0,0.8593608817545574,0.0,0.03,0.0,0.06,0.0,0.05,0.0,0.03,0.0,0.06,0.0,0.05,0.0,0.03,0.0,0.06,0.0,0.05,0.0,0.03,0.0,0.06,0.0,0.05,0.0,0.03,0.0,0.06,0.0,0.05,0.0,0.0,366,472
229,-32.5,127.5,7246.569062816682,0.8273988607271134,1.0,0.8273988607271134,False,0,,,,,,0.0,0.0,0.5,1.0,0.8273988607271134,0.0,0.04,0.02,0.11,0.02,0.09,0.0,0.05,0.02,0.11,0.02,0.07,0.0,0.05,0.02,0.11,0.02,0.07,0.0,0.05,0.02,0.11,0.02,0.07,0.0,0.05,0.02,0.11,0.02,0.07,0.0,0.0,135,40
230,-32.5,132.5,7241.252069499203,0.9890558918130044,1.0,0.9890558918130044,False,0,,,,,,0.0,0.0,0.5,1.0,0.9890558918130044,0.0,0.04,0.0,0.09,0.0,0.07,0.0,0.05,0.0,0.1,0.0,0.08,0.0,0.05,0.0,0.1,0.0,0.08,0.0,0.05,0.0,0.1,0.0,0.08,0.0,0.05,0.0,0.1,0.0,0.08,0.0,0.0,66,83
231,-32.5,137.5,7273.851537344671,1.0812715392146728,1.0,1.0812715392146728,False,0,,,,,,0.0,0.0,0.5,1.0,1.0812715392146728,0.0,0.01,0.02,0.04,0.02,0.03,0.01,0.01,0.03,0.04,0.03,0.03,0.01,0.01,0.03,0.04,0.03,0.03,0.01,0.01,0.03,0.04,0.03,0.03,0.01,0.01,0.03,0.04,0.03,0.03,0.0,0.0,665,762
232,-32.5,142.5,7343.85700909552,1.0102481725553405,1.0,1.0102481725553405,False,0,,,,,,0.0,0.0,0.5,1.0,1.0102481725553405,0.0,0.02,0.0,0.02,0.0,0.01,0.0,0.02,0.0,0.02,0.0,0.01,0.0,0.02,0.0,0.02,0.0,0.01,0.0,0.02,0.0,0.02,0.0,0.01,0.0,0.02,0.0,0.02,0.0,0.01,0.0,0.0,913,918
233,-32.5,147.5,7450.20227291308,0.9527948796811867,1.0,0.9527948796811867,False,0,,,,,,0.0,0.0,0.5,1.0,0.9527948796811867,0.0,0.03,0.0,0.08,0.0,0.07,0.0,0.03,0.0,0.08,0.0,0.07,0.0,0.03,0.0,0.08,0.0,0.07,0.0,0.03,0.0,0.08,0.0,0.07,0.0,0.03,0.0,0.08,0.0,0.07,0.0,0.0,135,221
234,-32.5,152.5,7591.342329964617,0.9904985722154237,1.0,0.9904985722154237,False,0,,,,,,0.0,0.0,0.5,1.0,0.9904985722154237,0.0,0.03,0.0,0.04,0.0,0.02,0.0,0.03,0.0,0.04,0.0,0.02,0.0,0.03,0.0,0.04,0.0,0.02,0.0,0.03,0.0,0.04,0.0,0.02,0.0,0.03,0.0,0.04,0.0,0.02,0.0,0.0,818,762
235,-32.5,157.5,7765.356383356088,0.9463402885177815,1.0,0.9463402885177815,False,0,,,,,,0.0,0.0,0.5,1.0,0.9463402885177815,0.0,0.04,0.01,0.06,0.01,0.05,0.0,0.03,0.01,0.06,0.01,0.04,0.0,0.03,0.01,0.06,0.01,0.04,0.0,0.03,0.01,0.06,0.01,0.04,0.0,0.03,0.01,0.06,0.01,0.04,0.0,0.0,526,472
236,-32.5,162.5,7970.062089428973,0.8525282961223083,1.0,0.8525282961223083,False,0,,,,,,0.0,0.0,0.5,1.0,0.8525282961223083,0.0,0.01,0.0,0.03,0.0,0.03,0.0,0.01,0.0,0.03,0.0,0.03,0.0,0.01,0.0,0.03,0.0,0.03,0.0,0.01,0.0,0.03,0.0,0.03,0.0,0.01,0.0,0.03,0.0,0.03,0.0,0.0,665,868
237,-32.5,167.5,8203.127366448265,0.8467759170878442,1.0,0.8467759170878442,False,0,,,,,,0.0,0.0,0.5,1.0,0.8467759170878442,0.0,0.01,0.0,0.06,0.0,0.06,0.0,0.01,0.0,0.06,0.0,0.06,0.0,0.01,0.0,0.06,0.0,0.06,0.0,0.01,0.0,0.06,0.0,0.06,0.0,0.01,0.0,0.06,0.0,0.06,0.0,0.0,240,472
238,-32.5,172.5,8462.16950361293,0.9366303236721729,1.0396088015216642,0.9737291282616761,False,0,,,,,,0.0,0.0,0.5,1.0,0.9737291282616761,0.0,0.02,0.01,0.05,0.01,0.05,0.0,0.02,0.01,0.06,0.01,0.06,0.0,0.02,0.01,0.06,0.01,0.06,0.0,0.02,0.01,0.06,0.01,0.06,0.0,0.02,0.01,0.06,0.01,0.06,0.0,0.0,240,472
239,-32.5,177.5,8744.835673004914,1.0500675653526164,1.0579104668620245,1.1108774682988558,True,2599,ker,211.64653676159708,57.20244210178668,25.661925035061042,32.18899941076034,0.9872760078993937,0.027776541847014165,0.952816429870955,1.0125776745133261,1.0632749734066225,0.0,0.04,0.0,0.04,0.0,0.02,0.0,0.03,0.0,0.04,0.0,0.02,0.0,0.03,0.0,0.04,0.0,0.02,0.0,0.03,0.0,0.04,0.0,0.02,0.0,0.03,0.0,0.04,0.0,0.02,0.0,0.0,818,762
240,-27.5,-177.5,8637.840420642178,1.1373825104746522,1.078735286288158,1.226934648056018,True,8605,ker,63.159741254175955,19.45021381373005,13.542322142126674,15.397221100229252,0.9403190881878641,0.08810461883305347,0.43857554174318886,0.9945882215182569,1.1312272482789545,0.0,0.03,0.01,0.06,0.01,0.05,0.0,0.02,0.01,0.07,0.01,0.06,0.0,0.03,0.01,0.08,0.01,0.07,0.0,0.03,0.01,0.08,0.01,0.07,0.0,0.03,0.01,0.08,0.01,0.07,0.0,0.0,135,221
241,-27.5,-172.5,8981.215431059914,1.1201404408259878,1.0500144612345907,1.1761636614809765,False,0,,,,,,0.0,0.0,0.5,1.0,1.1761636614809765,0.0,0.01,0.0,0.06,0.0,0.05,0.01,0.03,0.01,0.07,0.01,0.05,0.01,0.02,0.01,0.07,0.01,0.06,0.01,0.02,0.01,0.07,0.01,0.06,0.01,0.02,0.01,0.07,0.01,0.06,0.0,0.0,240,339
242,-27.5,-167.5,9341.557423407034,1.0861322057960154,1.0170233445647046,1.1046218085781037,False,0,,,,,,0.0,0.0,0.5,1.0,1.1046218085781037,0.02,0.02,0.02,0.11,0.02,0.1,0.02,0.03,0.02,0.11,0.02,0.09,0.02,0.03,0.02,0.11,0.02,0.09,0.02,0.03,0.02,0.11,0.02,0.09,0.02,0.03,0.02,0.11,0.02,0.09,0.0,0.0,29,40
243,-27.5,-162.5,9716.91161041477,1.0,0.9970929191815558,0.9970929191815558,False,0,,,,,,0.0,0.0,0.5,1.0,0.9970929191815558,0.0,0.02,0.01,0.05,0.01,0.03,0.0,0.02,0.01,0.05,0.01,0.03,0.0,0.02,0.01,0.05,0.01,0.03,0.0,0.02,0.01,0.05,0.01,0.03,0.0,0.02,0.01,0.05,0.01,0.03,0.0,0.0,665,618
244,-27.5,-157.5,10105.532582211039,0.9982421263898774,1.0,0.9982421263898774,False,0,,,,,,0.0,0.0,0.5,1.0,0.9982421263898774,0.0,0.03,0.01,0.07,0.01,0.05,0.0,0.03,0.01,0.07,0.01,0.05,0.0,0.03,0.01,0.07,0.01,0.05,0.0,0.03,0.01,0.07,0.01,0.05,0.0,0.03,0.01,0.07,0.01,0.05,0.0,0.0,366,339
245,-27.5,-152.5,10505.86975782007,0.9772576751480708,1.0,0.9772576751480708,False,0,,,,,,0.0,0.0,0.5,1.0,0.9772576751480708,0.0,0.05,0.0,0.06,0.0,0.02,0.0,0.05,0.0,0.06,0.0,0.02,0.0,0.05,0.0,0.06,0.0,0.02,0.0,0.05,0.0,0.06,0.0,0.02,0.0,0.05,0.0,0.06,0.0,0.02,0.0,0.0,818,472
246,-27.5,-147.5,10916.549624021014,0.9563510538680271,1.0,0.9563510538680271,False,0,,,,,,0.0,0.0,0.5,1.0,0.9563510538680271,0.0,0.02,0.01,0.06,0.01,0.05,0.0,0.02,0.01,0.06,0.01,0.05,0.0,0.02,0.01,0.06,0.01,0.05,0.0,0.02,0.01,0.06,0.01,0.05,0.0,0.02,0.01,0.06,0.01,0.05,0.0,0.0,366,472
247,-27.5,-142.5,11336.356779706595,1.0565076797539132,1.0,1.0565076797539132,False,0,,,,,,0.0,0.0,0.5,1.0,1.0565076797539132,0.01,0.05,0.01,0.06,0.0,0.03,0.01,0.05,0.01,0.06,0.0,0.03,0.01,0.05,0.01,0.06,0.0,0.03,0.01,0.05,0.01,0.06,0.0,0.03,0.01,0.05,0.01,0.06,0.0,0.03,0.0,0.0,665,472
248,-27.5,-137.5,11764.215056792289,1.076744149239283,1.0,1.076744149239283,False,0,,,,,,0.0,0.0,0.5,1.0,1.076744149239283,0.01,0.07,0.01,0.08,0.01,0.01,0.01,0.07,0.01,0.08,0.01,0.01,0.01,0.07,0.01,0.08,0.01,0.01,0.01,0.07,0.01,0.08,0.01,0.01,0.01,0.07,0.01,0.08,0.01,0.01,0.0,0.0,913,221
249,-27.5,-132.5,12199.16943241598,1.0226365741814327,1.0,1.0226365741814327,False,0,,,,,,0.0,0.0,0.5,1.0,1.0226365741814327,0.0,0.0,0.0,0.01,0.0,0.01,0.0,0.0,0.0,0.01,0.0,0.01,0.0,0.0,0.0,0.01,0.0,0.01,0.0,0.0,0.0,0.01,0.0,0.01,0.0,0.0,0.0,0.01,0.0,0.01,0.0,0.0,913,950
250,-27.5,-127.5,12640.369044343497,0.9426491331363651,1.0,0.9426491331363651,False,0,,,,,,0.0,0.0,0.5,1.0,0.9426491331363651,0.0,0.04,0.01,0.09,0.01,0.06,0.0,0.04,0.01,0.09,0.01,0.06,0.0,0.04,0.01,0.09,0.01,0.06,0.0,0.04,0.01,0.09,0.01,0.06,0.0,0.04,0.01,0.09,0.01,0.06,0.0,0.0,240,146
251,-27.5,-122.5,13087.051325741602,1.2997878944355357,1.0,1.2997878944355357,False,0,,,,,,0.0,0.0,0.5,1.0,1.2997878944355357,0.0,0.03,0.0,0.06,0.0,0.05,0.0,0.03,0.0,0.07,0.0,0.06,0.0,0.03,0.0,0.07,0.0,0.06,0.0,0.03,0.0,0.07,0.0,0.06,0.0,0.03,0.0,0.07,0.0,0.06,0.0,0.0,240,339
252,-27.5,-117.5,13538.52703764352,1.2912229295345972,1.0,1.2912229295345972,False,0,,,,,,0.0,0.0,0.5,1.0,1.2912229295345972,0.0,0.01,0.0,0.04,0.0,0.03,0.0,0.01,0.0,0.04,0.0,0.03,0.0,0.01,0.0,0.04,0.0,0.03,0.0,0.01,0.0,0.04,0.0,0.03,0.0,0.01,0.0,0.04,0.0,0.03,0.0,0.0,665,762
253,-27.5,-112.5,13994.165743108424,1.2634492424875647,1.0,1.2634492424875647,False,0,,,,,,0.0,0.0,0.5,1.0,1.2634492424875647,0.0,0.01,0.0,0.02,0.0,0.02,0.0,0.01,0.0,0.02,0.0,0.02,0.0,0.01,0.0,0.02,0.0,0.02,0.0,0.01,0.0,0.02,0.0,0.02,0.0,0.01,0.0,0.02,0.0,0.02,0.0,0.0,818,918
254,-27.5,-107.5,14453.380964759008,1.2703331773200937,1.0,1.2703331773200937,False,0,,,,,,0.0,0.0,0.5,1.0,1.2703331773200937,0.0,0.01,0.01,0.05,0.01,0.04,0.0,0.02,0.01,0.05,0.01,0.03,0.0,0.01,0.01,0.05,0.01,0.04,0.0,0.01,0.01,0.05,0.01,0.04,0.0,0.01,0.01,0.05,0.01,0.04,0.0,0.0,526,618
255,-27.5,-102.5,14915.613780967451,1.3384402977943477,1.0,1.3384402977943477,False,0,,,,,,0.0,0.0,0.5,1.0,1.3384402977943477,0.0,0.0,0.01,0.06,0.01,0.06,0.0,0.0,0.01,0.06,0.01,0.06,0.0,0.0,0.01,0.06,0.01,0.06,0.0,0.0,0.01,0.06,0.01,0.06,0.0,0.0,0.01,0.06,0.01,0.06,0.0,0.0,240,472
256,-27.5,-97.5,15380.312722378505,1.3902263187642674,1.0,1.3902263187642674,False,0,,,,,,0.0,0.0,0.5,1.0,1.3902263187642674,0.0,0.01,0.0,0.05,0.0,0.04,0.0,0.01,0.0,0.05,0.0,0.04,0.0,0.01,0.0,0.05,0.0,0.04,0.0,0.01,0.0,0.05,0.0,0.04,0.0,0.01,0.0,0.05,0.0,0.04,0.0,0.0,526,618
257,-27.5,-92.5,15846.906049243798,1.236052399148066,1.0,1.236052399148066,False,0,,,,,,0.0,0.0,0.5,1.0,1.236052399148066,0.0,0.03,0.01,0.04,0.01,0.02,0.0,0.04,0.01,0.05,0.01,0.03,0.0,0.04,0.01,0.05,0.01,0.03,0.0,0.04,0.01,0.05,0.01,0.03,0.0,0.04,0.01,0.05,0.01,0.03,0.0,0.0,665,618
258,-27.5,-87.5,16314.758691857376,0.9347012825679246,1.0,0.9347012825679246,False,0,,,,,,0.0,0.0,0.5,1.0,0.9347012825679246,0.0,0.04,0.0,0.05,0.0,0.02,0.0,0.04,0.0,0.05,0.0,0.02,0.0,0.04,0.0,0.05,0.0,0.02,0.0,0.04,0.0,0.05,0.0,0.02,0.0,0.04,0.0,0.05,0.0,0.02,0.0,0.0,818,618
259,-27.5,-82.5,16783.09743480427,0.6587708838654013,1.0,0.6587708838654013,False,0,,,,,,0.0,0.0,0.5,1.0,0.6587708838654013,0.0,0.05,0.01,0.08,0.01,0.04,0.0,0.05,0.01,0.08,0.01,0.03,0.0,0.05,0.01,0.08,0.01,0.03,0.0,0.05,0.01,0.08,0.01,0.03,0.0,0.05,0.01,0.08,0.01,0.03,0.0,0.0,665,221
260,-27.5,-77.5,17250.86622197388,0.6976697480257124,1.0,0.6976697480257124,False,0,,,,,,0.0,0.0,0.5,1.0,0.6976697480257124,0.0,0.01,0.0,0.03,0.0,0.03,0.0,0.01,0.0,0.03,0.0,0.03,0.0,0.01,0.0,0.03,0.0,0.03,0.0,0.01,0.0,0.03,0.0,0.03,0.0,0.01,0.0,0.03,0.0,0.03,0.0,0.0,665,868
261,-27.5,-72.5,17716.41335990887,0.7913720537065045,1.0,0.7913720537065045,True,3975,sam,22.054991606225137,13.621821685449989,8.157292084984496,10.234193159223482,0.9816786280483016,0.23384044475923058,0.42750867765001827,0.9830485969404955,0.7779571870540978,0.0,0.03,0.0,0.05,0.0,0.03,0.0,0.03,0.0,0.05,0.0,0.03,0.0,0.03,0.0,0.05,0.0,0.03,0.0,0.03,0.0,0.05,0.0,0.03,0.0,0.03,0.0,0.05,0.0,0.03,0.0,0.0,665,618
262,-27.5,-67.5,18176.722692866006,0.9187379280516974,1.0,0.9187379280516974,True,10000,sam,123.2813030462061,18.85538790654897,175.14439903325155,23.860249955926363,0.8146846770984685,0.04196233830398364,0.5238659764138881,1.0010014721762344,0.9196580185238924,0.01,0.04,0.01,0.06,0.01,0.04,0.01,0.04,0.01,0.06,0.01,0.03,0.01,0.04,0.01,0.06,0.01,0.03,0.01,0.04,0.01,0.06,0.01,0.03,0.01,0.04,0.01,0.06,0.01,0.03,0.0,0.0,665,472
263,-27.5,97.5,7548.187652677422,0.938117814058161,1.0,0.938117814058161,False,0,,,,,,0.0,0.0,0.5,1.0,0.938117814058161,0.01,0.05,0.01,0.09,0.0,0.05,0.01,0.05,0.01,0.09,0.0,0.05,0.01,0.05,0.01,0.09,0.0,0.05,0.01,0.05,0.01,0.09,0.0,0.05,0.01,0.05,0.01,0.09,0.0,0.05,0.0,0.0,366,146
264,-27.5,102.5,7317.555118089757,0.96091225860652,1.0,0.96091225860652,False,0,,,,,,0.0,0.0,0.5,1.0,0.96091225860652,0.01,0.0,0.02,0.06,0.02,0.06,0.02,0.01,0.03,0.07,0.03,0.07,0.02,0.01,0.03,0.07,0.03,0.07,0.02,0.01,0.03,0.07,0.03,0.07,0.02,0.01,0.03,0.07,0.03,0.07,0.0,0.0,135,339
265,-27.5,107.5,7118.677406630771,1.0448444447414884,1.0,1.0448444447414884,False,0,,,,,,0.0,0.0,0.5,1.0,1.0448444447414884,0.0,0.03,0.0,0.04,0.0,0.02,0.0,0.05,0.0,0.06,0.0,0.03,0.0,0.05,0.0,0.06,0.0,0.03,0.0,0.05,0.0,0.06,0.0,0.03,0.0,0.05,0.0,0.06,0.0,0.03,0.0,0.0,665,472
266,-27.5,112.5,6954.314629903907,0.9710330547884871,1.0,0.9710330547884871,False,0,,,,,,0.0,0.0,0.5,1.0,0.9710330547884871,0.0,0.01,0.0,0.04,0.0,0.03,0.0,0.01,0.0,0.04,0.0,0.03,0.0,0.01,0.0,0.04,0.0,0.03,0.0,0.01,0.0,0.04,0.0,0.03,0.0,0.01,0.0,0.04,0.0,0.03,0.0,0.0,665,762
267,-27.5,117.5,6826.988715306784,0.9035257024891901,1.0,0.9035257024891901,False,0,,,,,,0.0,0.0,0.5,1.0,0.9035257024891901,0.0,0.03,0.0,0.06,0.0,0.04,0.0,0.03,0.0,0.06,0.0,0.03,0.0,0.03,0.0,0.06,0.0,0.03,0.0,0.03,0.0,0.06,0.0,0.03,0.0,0.03,0.0,0.06,0.0,0.03,0.0,0.0,665,472
268,-27.5,122.5,6738.821131372928,0.900488171815455,1.0,0.900488171815455,False,0,,,,,,0.0,0.0,0.5,1.0,0.900488171815455,0.0,0.02,0.02,0.08,0.02,0.07,0.0,0.02,0.02,0.08,0.02,0.07,0.0,0.02,0.02,0.08,0.02,0.07,0.0,0.02,0.02,0.08,0.02,0.07,0.0,0.02,0.02,0.08,0.02,0.07,0.0,0.0,135,221
269,-27.5,127.5,6691.374794991242,1.0449434296754496,1.0,1.0449434296754496,False,0,,,,,,0.0,0.0,0.5,1.0,1.0449434296754496,0.0,0.02,0.0,0.05,0.0,0.03,0.0,0.03,0.0,0.06,0.0,0.03,0.0,0.03,0.0,0.06,0.0,0.03,0.0,0.03,0.0,0.06,0.0,0.03,0.0,0.03,0.0,0.06,0.0,0.03,0.0,0.0,665,472
270,-27.5,132.5,6685.524630717821,0.8679989906065964,1.0,0.8679989906065964,False,0,,,,,,0.0,0.0,0.5,1.0,0.8679989906065964,0.0,0.03,0.0,0.05,0.0,0.03,0.0,0.03,0.0,0.05,0.0,0.02,0.0,0.03,0.0,0.05,0.0,0.02,0.0,0.03,0.0,0.05,0.0,0.02,0.0,0.03,0.0,0.05,0.0,0.02,0.0,0.0,818,618
271,-27.5,137.5,6721.380214953207,1.004685204261872,1.0,1.004685204261872,False,0,,,,,,0.0,0.0,0.5,1.0,1.004685204261872,0.01,0.05,0.02,0.09,0.02,0.06,0.0,0.06,0.02,0.1,0.02,0.07,0.0,0.06,0.02,0.1,0.02,0.07,0.0,0.06,0.02,0.1,0.02,0.07,0.0,0.06,0.02,0.1,0.02,0.07,0.0,0.0,135,83
272,-27.5,142.5,6798.2758378323215,0.9206413513243874,1.0,0.9206413513243874,False,0,,,,,,0.0,0.0,0.5,1.0,0.9206413513243874,0.0,0.0,0.0,0.03,0.0,0.03,0.0,0.03,0.0,0.05,0.0,0.03,0.0,0.03,0.0,0.05,0.0,0.03,0.0,0.03,0.0,0.05,0.0,0.03,0.0,0.03,0.0,0.05,0.0,0.03,0.0,0.0,665,618
273,-27.5,147.5,6914.830021290523,1.1026652192142425,1.0,1.1026652192142425,False,0,,,,,,0.0,0.0,0.5,1.0,1.1026652192142425,0.0,0.02,0.0,0.08,0.0,0.06,0.0,0.02,0.0,0.08,0.0,0.06,0.0,0.03,0.0,0.09,0.0,0.07,0.0,0.03,0.0,0.09,0.0,0.07,0.0,0.03,0.0,0.09,0.0,0.07,0.0,0.0,135,146
274,-27.5,152.5,7069.0625171904985,1.0931821295257187,1.0,1.0931821295257187,False,0,,,,,,0.0,0.0,0.5,1.0,1.0931821295257187,0.0,0.01,0.0,0.03,0.0,0.02,0.0,0.02,0.0,0.03,0.0,0.01,0.0,0.02,0.0,0.03,0.0,0.01,0.0,0.02,0.0,0.03,0.0,0.01,0.0,0.02,0.0,0.03,0.0,0.01,0.0,0.0,913,868
275,-27.5,157.5,7258.54692819752,1.0096386119800858,1.0,1.0096386119800858,False,0,,,,,,0.0,0.0,0.5,1.0,1.0096386119800858,0.0,0.02,0.02,0.08,0.02,0.07,0.0,0.03,0.02,0.1,0.02,0.09,0.0,0.03,0.02,0.1,0.02,0.09,0.0,0.03,0.02,0.1,0.02,0.09,0.0,0.03,0.02,0.1,0.02,0.09,0.0,0.0,29,83
276,-27.5,162.5,7480.5740805235255,0.9700665381578792,1.0,0.9700665381578792,False,0,,,,,,0.0,0.0,0.5,1.0,0.9700665381578792,0.0,0.01,0.0,0.06,0.0,0.05,0.0,0.03,0.0,0.08,0.0,0.07,0.0,0.03,0.0,0.08,0.0,0.07,0.0,0.03,0.0,0.08,0.0,0.07,0.0,0.03,0.0,0.08,0.0,0.07,0.0,0.0,135,221
277,-27.5,167.5,7732.304721968667,0.9999963352813322,1.0,0.9999963352813322,False,0,,,,,,0.0,0.0,0.5,1.0,0.9999963352813322,0.0,0.05,0.01,0.07,0.01,0.04,0.0,0.05,0.01,0.07,0.01,0.04,0.0,0.05,0.01,0.07,0.01,0.04,0.0,0.05,0.01,0.07,0.01,0.04,0.0,0.05,0.01,0.07,0.01,0.04,0.0,0.0,526,339
278,-27.5,172.5,8010.89735627353,1.0155580809747857,1.0635331575735067,1.0800796925584049,False,0,,,,,,0.0,0.0,0.5,1.0,1.0800796925584049,0.01,0.02,0.02,0.09,0.02,0.09,0.01,0.03,0.02,0.09,0.02,0.08,0.01,0.03,0.02,0.09,0.02,0.08,0.02,0.03,0.03,0.09,0.03,0.08,0.02,0.03,0.03,0.09,0.03,0.08,0.0,0.0,66,146
279,-27.5,177.5,8313.604926498667,1.098656136792171,1.084977346284597,1.192017019776057,True,4824,ker,548.4640227613779,49.46528004758312,3.3421757437642086,18.122062017136884,0.9841989013074132,0.07711990341495198,0.8888513762017721,1.0299881805754518,1.1316028354126229,0.0,0.03,0.02,0.08,0.02,0.05,0.0,0.03,0.02,0.08,0.02,0.05,0.0,0.04,0.02,0.09,0.02,0.05,0.0,0.04,0.02,0.09,0.02,0.05,0.0,0.04,0.02,0.09,0.02,0.05,0.0,0.0,366,146
280,-22.5,-177.5,8231.695704139947,1.0487124598571662,1.059657620390731,1.1112761496863548,True,9936,ker,131.50414962070136,28.590094324974128,15.547246903625778,20.34275887743412,0.9497389511733573,0.051566809412442315,0.6597431270047619,1.0082374433852022,1.0573511693725957,0.0,0.05,0.0,0.07,0.0,0.05,0.01,0.04,0.01,0.08,0.01,0.06,0.01,0.04,0.01,0.08,0.01,0.06,0.01,0.04,0.01,0.08,0.01,0.06,0.01,0.04,0.01,0.08,0.01,0.06,0.0,0.0,240,221
281,-22.5,-172.5,8594.34228841733,1.037980738494255,1.0199379623095446,1.0586759593363868,True,1541,ker,14.61596752014015,8.537104136561496,21.321844548008446,13.414013838559882,0.9823094581607124,0.14848627187535302,0.2691480483299476,0.9657216543413647,1.0024004759531433,0.0,0.01,0.0,0.04,0.0,0.03,0.0,0.01,0.0,0.05,0.0,0.05,0.0,0.01,0.0,0.05,0.0,0.05,0.0,0.01,0.0,0.05,0.0,0.05,0.0,0.01,0.0,0.05,0.0,0.05,0.0,0.0,366,618
282,-22.5,-167.5,8973.331314529838,0.9936519385999457,0.9846882455644708,0.9784373841217158,False,0,,,,,,0.0,0.0,0.5,1.0,0.9784373841217158,0.0,0.03,0.01,0.05,0.01,0.03,0.0,0.03,0.01,0.05,0.01,0.03,0.0,0.03,0.01,0.05,0.01,0.03,0.0,0.03,0.01,0.05,0.01,0.03,0.0,0.03,0.01,0.05,0.01,0.03,0.0,0.0,665,618
283,-22.5,-162.5,9366.584965168871,0.9030279606968747,0.9727408139587849,0.8784121535158195,False,0,,,,,,0.0,0.0,0.5,1.0,0.8784121535158195,0.0,0.02,0.01,0.06,0.01,0.04,0.0,0.02,0.01,0.06,0.01,0.04,0.0,0.02,0.01,0.06,0.01,0.04,0.0,0.02,0.01,0.06,0.01,0.04,0.0,0.02,0.01,0.06,0.01,0.04,0.0,0.0,526,472
284,-22.5,-157.5,9772.277234480787,0.9959868486901978,1.0,0.9959868486901978,False,0,,,,,,0.0,0.0,0.5,1.0,0.9959868486901978,0.0,0.04,0.01,0.08,0.01,0.06,0.0,0.04,0.01,0.08,0.01,0.06,0.0,0.04,0.01,0.08,0.01,0.06,0.0,0.04,0.01,0.08,0.01,0.06,0.0,0.04,0.01,0.08,0.01,0.06,0.0,0.0,240,221
285,-22.5,-152.5,10188.80732279593,0.9791353358919647,1.0,0.9791353358919647,False,0,,,,,,0.0,0.0,0.5,1.0,0.9791353358919647,0.01,0.01,0.01,0.06,0.01,0.05,0.01,0.02,0.01,0.07,0.01,0.06,0.01,0.02,0.01,0.07,0.01,0.06,0.01,0.02,0.01,0.07,0.01,0.06,0.01,0.02,0.01,0.07,0.01,0.06,0.0,0.0,240,339
286,-22.5,-147.5,10614.771662116138,0.9887388199202063,1.0,0.9887388199202063,False,0,,,,,,0.0,0.0,0.5,1.0,0.9887388199202063,0.0,0.02,0.0,0.04,0.0,0.02,0.0,0.03,0.0,0.05,0.0,0.02,0.0,0.03,0.0,0.05,0.0,0.02,0.0,0.03,0.0,0.05,0.0,0.02,0.0,0.03,0.0,0.05,0.0,0.02,0.0,0.0,818,618
287,-22.5,-142.5,11048.936431331524,1.0493131851748305,1.0,1.0493131851748305,False,0,,,,,,0.0,0.0,0.5,1.0,1.0493131851748305,0.0,0.02,0.0,0.04,0.0,0.04,0.0,0.04,0.0,0.06,0.0,0.05,0.0,0.04,0.0,0.06,0.0,0.05,0.0,0.04,0.0,0.06,0.0,0.05,0.0,0.04,0.0,0.06,0.0,0.05,0.0,0.0,366,472
288,-22.5,-137.5,11490.211474521215,1.0360466612503334,1.0,1.0360466612503334,False,0,,,,,,0.0,0.0,0.5,1.0,1.0360466612503334,0.0,0.01,0.0,0.08,0.0,0.07,0.0,0.01,0.0,0.08,0.0,0.07,0.0,0.01,0.0,0.08,0.0,0.07,0.0,0.01,0.0,0.08,0.0,0.07,0.0,0.01,0.0,0.08,0.0,0.07,0.0,0.0,135,221
289,-22.5,-132.5,11937.625876593102,0.8969279333020433,1.0,0.8969279333020433,False,0,,,,,,0.0,0.0,0.5,1.0,0.8969279333020433,0.0,0.01,0.0,0.03,0.0,0.02,0.0,0.01,0.0,0.03,0.0,0.02,0.0,0.01,0.0,0.03,0.0,0.02,0.0,0.01,0.0,0.03,0.0,0.02,0.0,0.01,0.0,0.03,0.0,0.02,0.0,0.0,818,868
290,-22.5,-127.5,12390.304978173815,0.9085778862453795,1.0,0.9085778862453795,False,0,,,,,,0.0,0.0,0.5,1.0,0.9085778862453795,0.01,0.01,0.01,0.05,0.01,0.04,0.01,0.02,0.01,0.06,0.01,0.05,0.01,0.02,0.01,0.06,0.01,0.05,0.01,0.02,0.01,0.06,0.01,0.05,0.01,0.02,0.01,0.06,0.01,0.05,0.0,0.0,366,472
291,-22.5,-122.5,12847.448229205595,1.2143274260994907,1.0,1.2143274260994907,False,0,,,,,,0.0,0.0,0.5,1.0,1.2143274260994907,0.0,0.01,0.01,0.06,0.01,0.06,0.0,0.01,0.01,0.06,0.01,0.06,0.0,0.01,0.01,0.06,0.01,0.06,0.0,0.01,0.01,0.06,0.01,0.06,0.0,0.01,0.01,0.06,0.01,0.06,0.0,0.0,240,472
292,-22.5,-117.5,13308.306889714888,1.2887072187839328,1.0,1.2887072187839328,False,0,,,,,,0.0,0.0,0.5,1.0,1.2887072187839328,0.0,0.01,0.02,0.05,0.02,0.05,0.0,0.01,0.02,0.05,0.02,0.05,0.0,0.01,0.02,0.05,0.02,0.05,0.0,0.01,0.02,0.05,0.02,0.05,0.0,0.01,0.02,0.05,0.02,0.05,0.0,0.0,366,618
293,-22.5,-112.5,13772.160068292631,1.1988196539823261,1.0,1.1988196539823261,False,0,,,,,,0.0,0.0,0.5,1.0,1.1988196539823261,0.0,0.02,0.0,0.03,0.0,0.02,0.0,0.02,0.0,0.03,0.0,0.02,0.0,0.02,0.0,0.03,0.0,0.02,0.0,0.02,0.0,0.03,0.0,0.02,0.0,0.02,0.0,0.03,0.0,0.02,0.0,0.0,818,868
294,-22.5,-107.5,14238.286768379607,1.0863094131849178,1.0,1.0863094131849178,False,0,,,,,,0.0,0.0,0.5,1.0,1.0863094131849178,0.0,0.02,0.01,0.06,0.01,0.04,0.0,0.02,0.01,0.06,0.01,0.04,0.0,0.02,0.01,0.06,0.01,0.04,0.0,0.02,0.01,0.06,0.01,0.04,0.0,0.02,0.01,0.06,0.01,0.04,0.0,0.0,526,472
295,-22.5,-102.5,14705.930182670689,1.042837578015782,1.0,1.042837578015782,False,0,,,,,,0.0,0.0,0.5,1.0,1.042837578015782,0.0,0.02,0.01,0.06,0.01,0.06,0.0,0.02,0.01,0.06,0.01,0.06,0.0,0.02,0.01,0.06,0.01,0.06,0.0,0.02,0.01,0.06,0.01,0.06,0.0,0.02,0.01,0.06,0.01,0.06,0.0,0.0,240,472
296,-22.5,-97.5,15174.247842467528,1.0138006029825322,1.0,1.0138006029825322,False,0,,,,,,0.0,0.0,0.5,1.0,1.0138006029825322,0.0,0.03,0.02,0.06,0.02,0.04,0.0,0.02,0.02,0.06,0.02,0.04,0.0,0.02,0.02,0.06,0.02,0.04,0.0,0.02,0.02,0.06,0.02,0.04,0.0,0.02,0.02,0.06,0.02,0.04,0.0,0.0,526,472
297,-22.5,-92.5,15642.236158839338,0.9601479448208966,1.0,0.9601479448208966,False,0,,,,,,0.0,0.0,0.5,1.0,0.9601479448208966,0.0,0.01,0.02,0.05,0.02,0.05,0.0,0.01,0.02,0.05,0.02,0.05,0.0,0.01,0.02,0.05,0.02,0.05,0.0,0.01,0.02,0.05,0.02,0.05,0.0,0.01,0.02,0.05,0.02,0.05,0.0,0.0,366,618
298,-22.5,-87.5,16108.607683598742,0.9693364474659791,1.0,0.9693364474659791,False,0,,,,,,0.0,0.0,0.5,1.0,0.9693364474659791,0.0,0.02,0.01,0.04,0.01,0.03,0.0,0.02,0.01,0.04,0.01,0.03,0.0,0.02,0.01,0.04,0.01,0.03,0.0,0.02,0.01,0.04,0.01,0.03,0.0,0.02,0.01,0.04,0.01,0.03,0.0,0.0,665,762
299,-22.5,-82.5,16571.577829351925,0.8686473258460213,1.0,0.8686473258460213,False,0,,,,,,0.0,0.0,0.5,1.0,0.8686473258460213,0.0,0.01,0.0,0.04,0.0,0.04,0.0,0.01,0.0,0.04,0.0,0.04,0.0,0.01,0.0,0.04,0.0,0.04,0.0,0.01,0.0,0.04,0.0,0.04,0.0,0.01,0.0,0.04,0.0,0.04,0.0,0.0,526,762
300,-22.5,-77.5,17028.469669280057,0.773156035629785,1.0,0.773156035629785,False,0,,,,,,0.0,0.0,0.5,1.0,0.773156035629785,0.0,0.02,0.01,0.1,0.01,0.08,0.0,0.02,0.01,0.1,0.01,0.08,0.0,0.02,0.01,0.1,0.01,0.08,0.0,0.02,0.01,0.1,0.01,0.08,0.0,0.02,0.01,0.1,0.01,0.08,0.0,0.0,66,83
301,-22.5,-72.5,17474.93252919591,0.9163389254100167,1.0,0.9163389254100167,True,2689,sam,20.53276982620058,12.795916098606844,1.2849316644983944,8.804422333124993,0.974734250846758,0.33795065630375876,0.397127319303006,0.9652341100427239,0.8844815871656434,0.01,0.01,0.01,0.08,0.01,0.07,0.01,0.02,0.01,0.08,0.01,0.06,0.01,0.02,0.01,0.08,0.01,0.06,0.01,0.02,0.01,0.08,0.01,0.06,0.01,0.02,0.01,0.08,0.01,0.06,0.0,0.0,240,221
302,-22.5,-67.5,17903.29577912442,1.06545351645542,1.0,1.06545351645542,True,10000,sam,140.2384263308632,26.512837697328237,175.20771740555344,24.72202928059798,0.9638128798906861,0.04433607328381865,0.7021808850556887,1.0089639065364164,1.0750041421958225,0.01,0.04,0.02,0.08,0.02,0.06,0.01,0.04,0.02,0.08,0.02,0.06,0.01,0.04,0.02,0.08,0.02,0.06,0.01,0.04,0.02,0.08,0.02,0.06,0.01,0.04,0.02,0.08,0.02,0.06,0.0,0.0,240,221
303,-22.5,97.5,7068.722507534755,0.9043001530021001,1.0,0.9043001530021001,False,0,,,,,,0.0,0.0,0.5,1.0,0.9043001530021001,0.0,0.02,0.01,0.08,0.01,0.08,0.0,0.01,0.01,0.08,0.01,0.08,0.0,0.01,0.01,0.08,0.01,0.08,0.0,0.01,0.01,0.08,0.01,0.08,0.0,0.01,0.01,0.08,0.01,0.08,0.0,0.0,66,221
304,-22.5,102.5,6819.6046018819325,0.9030434139759081,1.0,0.9030434139759081,False,0,,,,,,0.0,0.0,0.5,1.0,0.9030434139759081,0.0,0.03,0.0,0.04,0.0,0.03,0.0,0.03,0.0,0.05,0.0,0.03,0.0,0.03,0.0,0.05,0.0,0.03,0.0,0.03,0.0,0.05,0.0,0.03,0.0,0.03,0.0,0.05,0.0,0.03,0.0,0.0,665,618
305,-22.5,107.5,6603.753517044681,0.8883388761984216,1.0472688695189638,0.9303296506260677,False,0,,,,,,0.0,0.0,0.5,1.0,0.9303296506260677,0.0,0.02,0.0,0.05,0.0,0.03,0.0,0.03,0.0,0.06,0.0,0.04,0.0,0.02,0.0,0.05,0.0,0.03,0.0,0.02,0.0,0.05,0.0,0.03,0.0,0.02,0.0,0.05,0.0,0.03,0.0,0.0,665,618
306,-22.5,112.5,6424.56969492377,0.811161511805696,1.0636506850468772,0.862792497715789,False,0,,,,,,0.0,0.0,0.5,1.0,0.862792497715789,0.0,0.02,0.02,0.08,0.02,0.07,0.01,0.02,0.03,0.09,0.03,0.08,0.01,0.03,0.03,0.09,0.03,0.08,0.01,0.03,0.03,0.09,0.03,0.08,0.01,0.03,0.03,0.09,0.03,0.08,0.0,0.0,66,146
307,-22.5,117.5,6285.227511036615,0.7766618857020643,1.0623354785272427,0.8250754760011731,False,0,,,,,,0.0,0.0,0.5,1.0,0.8250754760011731,0.0,0.03,0.0,0.05,0.0,0.04,0.0,0.02,0.0,0.06,0.0,0.05,0.0,0.04,0.0,0.06,0.0,0.04,0.0,0.04,0.0,0.06,0.0,0.04,0.0,0.04,0.0,0.06,0.0,0.04,0.0,0.0,526,472
308,-22.5,122.5,6188.447372558888,0.9067336403494926,1.0447421561779855,0.9473028584978429,False,0,,,,,,0.0,0.0,0.5,1.0,0.9473028584978429,0.0,0.03,0.0,0.06,0.0,0.04,0.0,0.03,0.0,0.07,0.0,0.04,0.0,0.02,0.0,0.06,0.0,0.04,0.0,0.03,0.0,0.07,0.0,0.04,0.0,0.03,0.0,0.07,0.0,0.04,0.0,0.0,526,339
309,-22.5,127.5,6136.2628685877535,1.176488000113881,1.0,1.176488000113881,False,0,,,,,,0.0,0.0,0.5,1.0,1.176488000113881,0.0,0.01,0.0,0.04,0.0,0.03,0.0,0.04,0.0,0.07,0.0,0.03,0.0,0.04,0.0,0.07,0.0,0.03,0.0,0.04,0.0,0.07,0.0,0.03,0.0,0.04,0.0,0.07,0.0,0.03,0.0,0.0,665,339
310,-22.5,132.5,6129.823347619658,0.970551065255343,1.0,0.970551065255343,False,0,,,,,,0.0,0.0,0.5,1.0,0.970551065255343,0.0,0.0,0.01,0.02,0.01,0.02,0.0,0.0,0.01,0.02,0.01,0.02,0.0,0.0,0.01,0.02,0.01,0.02,0.0,0.0,0.01,0.02,0.01,0.02,0.0,0.0,0.01,0.02,0.01,0.02,0.0,0.0,818,918
311,-22.5,137.5,6169.273309731088,0.8890445440161259,1.0,0.8890445440161259,False,0,,,,,,0.0,0.0,0.5,1.0,0.8890445440161259,0.0,0.03,0.0,0.06,0.0,0.05,0.0,0.03,0.0,0.06,0.0,0.04,0.0,0.03,0.0,0.06,0.0,0.04,0.0,0.03,0.0,0.06,0.0,0.04,0.0,0.03,0.0,0.06,0.0,0.04,0.0,0.0,526,472
312,-22.5,142.5,6253.736776823749,1.1562580508522442,1.0,1.1562580508522442,False,0,,,,,,0.0,0.0,0.5,1.0,1.1562580508522442,0.0,0.04,0.0,0.07,0.0,0.05,0.01,0.04,0.01,0.08,0.0,0.05,0.01,0.04,0.01,0.08,0.0,0.05,0.01,0.04,0.01,0.08,0.0,0.05,0.01,0.04,0.01,0.08,0.0,0.05,0.0,0.0,366,221
313,-22.5,147.5,6381.410441179002,1.2317382376709856,1.0,1.2317382376709856,False,0,,,,,,0.0,0.0,0.5,1.0,1.2317382376709856,0.0,0.04,0.03,0.09,0.03,0.07,0.0,0.04,0.03,0.1,0.03,0.08,0.0,0.03,0.03,0.1,0.03,0.09,0.0,0.03,0.03,0.1,0.03,0.09,0.0,0.03,0.03,0.1,0.03,0.09,0.0,0.0,29,83
314,-22.5,152.5,6549.743450686499,1.2105405820984891,0.9116341323880874,1.1035701132819264,False,0,,,,,,0.0,0.0,0.5,1.0,1.1035701132819264,0.0,0.03,0.02,0.1,0.02,0.08,0.0,0.03,0.02,0.1,0.02,0.08,0.0,0.04,0.02,0.11,0.02,0.09,0.0,0.04,0.02,0.11,0.02,0.09,0.0,0.04,0.02,0.11,0.02,0.09,0.0,0.0,29,40
315,-22.5,157.5,6755.664697710134,1.1176963774509794,0.8928624370770001,0.997949111483016,False,0,,,,,,0.0,0.0,0.5,1.0,0.997949111483016,0.0,0.04,0.01,0.06,0.01,0.03,0.0,0.04,0.01,0.06,0.01,0.03,0.0,0.04,0.01,0.06,0.01,0.03,0.0,0.04,0.01,0.06,0.01,0.03,0.0,0.04,0.01,0.06,0.01,0.03,0.0,0.0,665,472
316,-22.5,162.5,6995.815641086872,1.0465205089091063,0.9112856185429526,0.9536790892791205,False,0,,,,,,0.0,0.0,0.5,1.0,0.9536790892791205,0.0,0.02,0.0,0.1,0.0,0.08,0.0,0.04,0.0,0.11,0.0,0.07,0.0,0.04,0.0,0.11,0.0,0.08,0.0,0.04,0.0,0.11,0.0,0.07,0.0,0.04,0.0,0.11,0.0,0.07,0.0,0.0,135,40
317,-22.5,167.5,7266.755847385146,1.0107408680678056,0.9831833105455667,0.993743552770605,True,1003,van,17.76053861432839,18.338913695633345,147.62372844873028,13.925405462570362,0.9820104265424988,0.13792200717247205,0.07668907934618449,0.9416161081653988,0.9517298825537239,0.0,0.03,0.0,0.05,0.0,0.05,0.0,0.01,0.0,0.05,0.0,0.05,0.0,0.01,0.0,0.05,0.0,0.05,0.0,0.01,0.0,0.05,0.0,0.05,0.0,0.01,0.0,0.05,0.0,0.05,0.0,0.0,366,618
318,-22.5,172.5,7565.1230502033595,1.0413807622712763,1.046557607749804,1.0898649593192942,True,3039,van,37.180374938080874,24.118993697602225,98.71730387173936,14.258814667369762,0.7589138687791486,0.08837748898099494,0.3856671350714294,0.9898955484896097,1.030858180855053,0.0,0.01,0.0,0.03,0.0,0.03,0.0,0.02,0.0,0.04,0.0,0.04,0.0,0.02,0.0,0.04,0.0,0.04,0.0,0.02,0.0,0.04,0.0,0.04,0.0,0.02,0.0,0.04,0.0,0.04,0.0,0.0,526,762
319,-22.5,177.5,7887.743245643186,1.0037316046291576,1.0804171732268844,1.0844488629519191,True,2926,ker,596.7479260530047,28.533459776346,19.66718545936092,26.613881990148986,0.9382481376711627,0.03595769160631076,0.6884009009407545,1.0067744614943788,1.0105313457354088,0.0,0.04,0.01,0.07,0.01,0.06,0.0,0.03,0.01,0.07,0.01,0.06,0.0,0.03,0.01,0.07,0.01,0.06,0.0,0.03,0.01,0.07,0.01,0.06,0.0,0.03,0.01,0.07,0.01,0.06,0.0,0.0,240,339
320,-17.5,-177.5,7832.152778022918,0.9128483031031057,1.016303938746603,0.9277313259218393,True,9763,ker,379.40584564122315,34.98146539248378,167.78609836765875,28.7280304918845,0.5773848128342157,0.019112296175822965,0.6061210495279964,1.0020282169290682,0.9146997574851305,0.0,0.02,0.01,0.04,0.01,0.03,0.0,0.02,0.01,0.04,0.01,0.03,0.0,0.02,0.01,0.04,0.01,0.03,0.0,0.02,0.01,0.04,0.01,0.03,0.0,0.02,0.01,0.04,0.01,0.03,0.0,0.0,665,762
321,-17.5,-172.5,8213.19598843992,1.0508914335569333,0.9741436586674301,1.0237192259474115,True,4930,ker,25.803129683046414,14.237570350822054,3.0575150166530807,16.27858209377429,0.8169660531780832,0.0781033724739011,0.3567554179632525,0.9888121150543157,1.039134181107893,0.0,0.04,0.01,0.11,0.01,0.08,0.0,0.04,0.01,0.11,0.01,0.08,0.0,0.04,0.01,0.11,0.01,0.08,0.0,0.04,0.01,0.11,0.01,0.08,0.0,0.04,0.01,0.11,0.01,0.08,0.0,0.0,66,40
322,-17.5,-167.5,8609.611354922765,1.0503601681793815,0.9470783652131348,0.9947733909643219,False,0,,,,,,0.0,0.0,0.5,1.0,0.9947733909643219,0.0,0.02,0.0,0.05,0.0,0.04,0.0,0.04,0.0,0.07,0.0,0.06,0.0,0.04,0.0,0.07,0.0,0.06,0.0,0.04,0.0,0.07,0.0,0.06,0.0,0.04,0.0,0.07,0.0,0.06,0.0,0.0,240,339
323,-17.5,-162.5,9019.229686285847,1.0121591195143083,0.9512507609400076,0.9628171326303538,False,0,,,,,,0.0,0.0,0.5,1.0,0.9628171326303538,0.0,0.01,0.0,0.05,0.0,0.05,0.0,0.0,0.0,0.05,0.0,0.05,0.0,0.0,0.0,0.05,0.0,0.05,0.0,0.0,0.0,0.05,0.0,0.05,0.0,0.0,0.0,0.05,0.0,0.05,0.0,0.0,366,618
324,-17.5,-157.5,9440.173139608882,1.0034924997992953,1.0,1.0034924997992953,False,0,,,,,,0.0,0.0,0.5,1.0,1.0034924997992953,0.0,0.0,0.01,0.03,0.01,0.03,0.0,0.0,0.01,0.03,0.01,0.03,0.0,0.0,0.01,0.03,0.01,0.03,0.0,0.0,0.01,0.03,0.01,0.03,0.0,0.0,0.01,0.03,0.01,0.03,0.0,0.0,665,868
325,-17.5,-152.5,9870.81411723901,0.9941317294254977,1.0,0.9941317294254977,False,0,,,,,,0.0,0.0,0.5,1.0,0.9941317294254977,0.0,0.02,0.02,0.09,0.02,0.07,0.0,0.03,0.02,0.1,0.02,0.07,0.0,0.03,0.02,0.1,0.02,0.07,0.0,0.03,0.02,0.1,0.02,0.07,0.0,0.03,0.02,0.1,0.02,0.07,0.0,0.0,135,83
326,-17.5,-147.5,10309.735722671563,1.0005896537156267,1.0,1.0005896537156267,False,0,,,,,,0.0,0.0,0.5,1.0,1.0005896537156267,0.0,0.03,0.0,0.04,0.0,0.04,0.0,0.03,0.0,0.04,0.0,0.03,0.0,0.02,0.0,0.04,0.0,0.04,0.0,0.02,0.0,0.04,0.0,0.04,0.0,0.02,0.0,0.04,0.0,0.04,0.0,0.0,526,762
327,-17.5,-142.5,10755.695018754652,1.0090795681892482,1.0,1.0090795681892482,False,0,,,,,,0.0,0.0,0.5,1.0,1.0090795681892482,0.0,0.02,0.01,0.04,0.01,0.04,0.0,0.02,0.01,0.05,0.01,0.04,0.0,0.02,0.01,0.05,0.01,0.04,0.0,0.02,0.01,0.05,0.01,0.04,0.0,0.02,0.01,0.05,0.01,0.04,0.0,0.0,526,618
328,-17.5,-137.5,11207.589296312615,0.973852326672836,1.0,0.973852326672836,False,0,,,,,,0.0,0.0,0.5,1.0,0.973852326672836,0.0,0.01,0.0,0.01,0.0,0.01,0.0,0.01,0.0,0.01,0.0,0.01,0.0,0.01,0.0,0.01,0.0,0.01,0.0,0.01,0.0,0.01,0.0,0.01,0.0,0.01,0.0,0.01,0.0,0.01,0.0,0.0,913,950
329,-17.5,-132.5,11664.424892041312,0.9788255360333906,1.0,0.9788255360333906,False,0,,,,,,0.0,0.0,0.5,1.0,0.9788255360333906,0.0,0.02,0.02,0.06,0.02,0.04,0.0,0.02,0.02,0.06,0.02,0.04,0.0,0.02,0.02,0.06,0.02,0.04,0.0,0.02,0.02,0.06,0.02,0.04,0.0,0.02,0.02,0.06,0.02,0.04,0.0,0.0,526,472
330,-17.5,-127.5,12125.287618306555,0.9729035425578542,1.0,0.9729035425578542,False,0,,,,,,0.0,0.0,0.5,1.0,0.9729035425578542,0.0,0.0,0.01,0.01,0.01,0.01,0.0,0.0,0.01,0.01,0.01,0.01,0.0,0.0,0.01,0.01,0.01,0.01,0.0,0.0,0.01,0.01,0.01,0.01,0.0,0.0,0.01,0.01,0.01,0.01,0.0,0.0,913,950
331,-17.5,-122.5,12589.313438515357,0.9729493975303296,1.0,0.9729493975303296,False,0,,,,,,0.0,0.0,0.5,1.0,0.9729493975303296,0.0,0.01,0.01,0.06,0.01,0.06,0.0,0.01,0.01,0.06,0.01,0.06,0.0,0.01,0.01,0.06,0.01,0.06,0.0,0.01,0.01,0.06,0.01,0.06,0.0,0.01,0.01,0.06,0.01,0.06,0.0,0.0,240,472
332,-17.5,-117.5,13055.657500728626,1.1361370545339229,1.0,1.1361370545339229,False,0,,,,,,0.0,0.0,0.5,1.0,1.1361370545339229,0.0,0.05,0.0,0.06,0.0,0.02,0.0,0.06,0.0,0.07,0.0,0.03,0.0,0.06,0.0,0.07,0.0,0.03,0.0,0.06,0.0,0.07,0.0,0.03,0.0,0.06,0.0,0.07,0.0,0.03,0.0,0.0,665,339
333,-17.5,-112.5,13523.458863157517,1.0645202214330172,1.0,1.0645202214330172,False,0,,,,,,0.0,0.0,0.5,1.0,1.0645202214330172,0.0,0.01,0.0,0.08,0.0,0.07,0.0,0.01,0.0,0.08,0.0,0.07,0.0,0.01,0.0,0.08,0.0,0.07,0.0,0.01,0.0,0.08,0.0,0.07,0.0,0.01,0.0,0.08,0.0,0.07,0.0,0.0,135,221
334,-17.5,-107.5,13991.796963508776,1.0081323102005648,1.0,1.0081323102005648,False,0,,,,,,0.0,0.0,0.5,1.0,1.0081323102005648,0.0,0.02,0.01,0.04,0.01,0.02,0.0,0.02,0.01,0.04,0.01,0.02,0.0,0.02,0.01,0.04,0.01,0.02,0.0,0.02,0.01,0.04,0.01,0.02,0.0,0.02,0.01,0.04,0.01,0.02,0.0,0.0,818,762
335,-17.5,-102.5,14459.633686876203,1.0145136516866513,1.0,1.0145136516866513,False,0,,,,,,0.0,0.0,0.5,1.0,1.0145136516866513,0.0,0.0,0.0,0.02,0.0,0.02,0.0,0.0,0.0,0.02,0.0,0.02,0.0,0.0,0.0,0.02,0.0,0.02,0.0,0.0,0.0,0.02,0.0,0.02,0.0,0.0,0.0,0.02,0.0,0.02,0.0,0.0,818,918
336,-17.5,-97.5,14925.731025795,1.0106556011867878,1.0,1.0106556011867878,False,0,,,,,,0.0,0.0,0.5,1.0,1.0106556011867878,0.0,0.01,0.0,0.05,0.0,0.04,0.0,0.01,0.0,0.05,0.0,0.04,0.0,0.01,0.0,0.05,0.0,0.04,0.0,0.01,0.0,0.05,0.0,0.04,0.0,0.01,0.0,0.05,0.0,0.04,0.0,0.0,526,618
337,-17.5,-92.5,15388.527395712355,1.0043827166260866,1.0,1.0043827166260866,False,0,,,,,,0.0,0.0,0.5,1.0,1.0043827166260866,0.0,0.02,0.01,0.05,0.01,0.03,0.0,0.02,0.01,0.05,0.01,0.03,0.0,0.02,0.01,0.05,0.01,0.03,0.0,0.02,0.01,0.05,0.01,0.03,0.0,0.02,0.01,0.05,0.01,0.03,0.0,0.0,665,618
338,-17.5,-87.5,15845.942989027173,0.9977508429365185,1.0,0.9977508429365185,False,0,,,,,,0.0,0.0,0.5,1.0,0.9977508429365185,0.0,0.02,0.01,0.04,0.01,0.02,0.0,0.02,0.01,0.04,0.01,0.02,0.0,0.02,0.01,0.04,0.01,0.02,0.0,0.02,0.01,0.04,0.01,0.02,0.0,0.02,0.01,0.04,0.01,0.02,0.0,0.0,818,762
339,-17.5,-82.5,16295.06106123029,0.6770271755465624,1.0,0.6770271755465624,False,0,,,,,,0.0,0.0,0.5,1.0,0.6770271755465624,0.0,0.03,0.01,0.04,0.01,0.02,0.0,0.02,0.01,0.04,0.01,0.02,0.0,0.03,0.01,0.04,0.01,0.02,0.0,0.03,0.01,0.04,0.01,0.02,0.0,0.03,0.01,0.04,0.01,0.02,0.0,0.0,818,762
340,-17.5,-77.5,16731.588820015473,0.8762644216043685,1.0,0.8762644216043685,True,491,sam,14.238095359018736,12.14976821002394,135.61447283655303,7.046068734629228,0.9971385518386073,0.4607266831041376,0.381603052880687,0.945451367264063,0.8284653954907035,0.0,0.02,0.0,0.06,0.0,0.04,0.0,0.02,0.0,0.06,0.0,0.04,0.0,0.02,0.0,0.06,0.0,0.04,0.0,0.02,0.0,0.06,0.0,0.04,0.0,0.02,0.0,0.06,0.0,0.04,0.0,0.0,526,472
341,-17.5,-72.5,17148.92662311162,1.0281926129002341,1.0,1.0281926129002341,True,7029,sam,31.620451258039836,15.477302529181507,137.345601299725,11.142662765526332,0.9054210913924559,0.1616621692651213,0.4789897561050325,0.9966034383951503,1.0247002933488671,0.0,0.08,0.0,0.11,0.0,0.07,0.0,0.08,0.0,0.11,0.0,0.06,0.0,0.08,0.0,0.11,0.0,0.06,0.0,0.08,0.0,0.11,0.0,0.06,0.0,0.08,0.0,0.11,0.0,0.06,0.0,0.0,240,40
342,-17.5,-67.5,17536.57181779799,1.151197480546893,1.0,1.151197480546893,True,10000,sam,281.8665262747692,40.53473731402709,144.48649294354814,18.82434914042406,0.8368098971110379,0.0670736908748709,0.9327981092412864,1.0290293665904786,1.184616014227724,0.01,0.04,0.01,0.08,0.01,0.07,0.01,0.04,0.01,0.08,0.01,0.07,0.01,0.05,0.01,0.08,0.01,0.06,0.01,0.05,0.01,0.08,0.01,0.06,0.01,0.05,0.01,0.08,0.01,0.06,0.0,0.0,240,221
343,-17.5,97.5,6595.687753567263,0.8218800700513915,1.0,0.8218800700513915,False,0,,,,,,0.0,0.0,0.5,1.0,0.8218800700513915,0.01,0.03,0.02,0.06,0.01,0.04,0.01,0.01,0.02,0.06,0.01,0.05,0.01,0.02,0.02,0.06,0.01,0.04,0.01,0.02,0.02,0.06,0.01,0.04,0.01,0.02,0.02,0.06,0.01,0.04,0.0,0.0,526,472
344,-17.5,102.5,6327.146410560152,0.9090595517113084,1.0569713754445107,0.9608499247332719,False,0,,,,,,0.0,0.0,0.5,1.0,0.9608499247332719,0.0,0.03,0.0,0.09,0.0,0.06,0.0,0.05,0.0,0.11,0.0,0.07,0.0,0.04,0.0,0.1,0.0,0.06,0.0,0.05,0.0,0.11,0.0,0.07,0.0,0.05,0.0,0.11,0.0,0.07,0.0,0.0,135,40
345,-17.5,107.5,6093.125637704291,0.8881841841479163,1.1057966861728445,0.9821511275418974,False,0,,,,,,0.0,0.0,0.5,1.0,0.9821511275418974,0.0,0.03,0.0,0.06,0.0,0.04,0.0,0.04,0.0,0.08,0.0,0.05,0.0,0.02,0.0,0.06,0.0,0.04,0.0,0.03,0.0,0.07,0.0,0.04,0.0,0.03,0.0,0.07,0.0,0.04,0.0,0.0,526,339
346,-17.5,112.5,5897.804457417074,0.8175480958766327,1.1379328091330416,0.9303148013422659,False,0,,,,,,0.0,0.0,0.5,1.0,0.9303148013422659,0.0,0.03,0.0,0.05,0.0,0.03,0.0,0.02,0.0,0.05,0.0,0.03,0.0,0.02,0.0,0.05,0.0,0.03,0.0,0.02,0.0,0.05,0.0,0.03,0.0,0.02,0.0,0.05,0.0,0.03,0.0,0.0,665,618
347,-17.5,117.5,5745.186413472047,0.8656749764517192,1.1346084067827167,0.9822021058235509,False,0,,,,,,0.0,0.0,0.5,1.0,0.9822021058235509,0.0,0.04,0.01,0.07,0.01,0.04,0.0,0.03,0.01,0.07,0.01,0.04,0.0,0.03,0.01,0.07,0.01,0.04,0.0,0.03,0.01,0.07,0.01,0.04,0.0,0.03,0.01,0.07,0.01,0.04,0.0,0.0,526,339
348,-17.5,122.5,5638.78175529453,1.062561686400882,1.099346356411619,1.168123318407395,False,0,,,,,,0.0,0.0,0.5,1.0,1.168123318407395,0.0,0.0,0.02,0.06,0.02,0.06,0.0,0.02,0.02,0.08,0.02,0.06,0.0,0.02,0.02,0.08,0.02,0.06,0.0,0.02,0.02,0.08,0.02,0.06,0.0,0.02,0.02,0.08,0.02,0.06,0.0,0.0,240,221
349,-17.5,127.5,5581.262618303641,1.181529681144909,1.052836898082339,1.243958044488821,False,0,,,,,,0.0,0.0,0.5,1.0,1.243958044488821,0.0,0.04,0.0,0.05,0.0,0.02,0.0,0.04,0.0,0.06,0.0,0.03,0.0,0.05,0.0,0.07,0.0,0.04,0.0,0.04,0.0,0.07,0.0,0.04,0.0,0.04,0.0,0.07,0.0,0.04,0.0,0.0,526,339
350,-17.5,132.5,5574.157552278366,1.237714161288485,1.0,1.237714161288485,False,0,,,,,,0.0,0.0,0.5,1.0,1.237714161288485,0.0,0.03,0.0,0.08,0.0,0.07,0.0,0.04,0.0,0.11,0.0,0.07,0.0,0.04,0.0,0.11,0.0,0.07,0.0,0.04,0.0,0.11,0.0,0.07,0.0,0.04,0.0,0.11,0.0,0.07,0.0,0.0,135,40
351,-17.5,137.5,5617.659670309273,1.1309385500820706,1.0,1.1309385500820706,False,0,,,,,,0.0,0.0,0.5,1.0,1.1309385500820706,0.0,0.03,0.0,0.04,0.0,0.02,0.0,0.03,0.0,0.05,0.0,0.03,0.0,0.03,0.0,0.05,0.0,0.03,0.0,0.03,0.0,0.05,0.0,0.03,0.0,0.03,0.0,0.05,0.0,0.03,0.0,0.0,665,618
352,-17.5,142.5,5710.60151373032,1.2620154182979288,1.0,1.2620154182979288,False,0,,,,,,0.0,0.0,0.5,1.0,1.2620154182979288,0.01,0.01,0.02,0.06,0.01,0.05,0.01,0.01,0.02,0.06,0.01,0.05,0.01,0.01,0.02,0.06,0.01,0.05,0.01,0.01,0.02,0.06,0.01,0.05,0.01,0.01,0.02,0.06,0.01,0.05,0.0,0.0,366,472
353,-17.5,147.5,5850.603931433915,1.2847875054652003,0.9311272372727817,1.1963006404464007,False,0,,,,,,0.0,0.0,0.5,1.0,1.1963006404464007,0.0,0.04,0.0,0.08,0.0,0.06,0.0,0.03,0.0,0.09,0.0,0.07,0.0,0.03,0.0,0.09,0.0,0.07,0.0,0.03,0.0,0.09,0.0,0.07,0.0,0.03,0.0,0.09,0.0,0.07,0.0,0.0,135,146
354,-17.5,152.5,6034.356889339821,1.2116066231183649,0.854789717590392,1.0356688832059957,False,0,,,,,,0.0,0.0,0.5,1.0,1.0356688832059957,0.0,0.01,0.0,0.03,0.0,0.03,0.0,0.04,0.0,0.06,0.0,0.05,0.0,0.04,0.0,0.06,0.0,0.05,0.0,0.04,0.0,0.06,0.0,0.05,0.0,0.04,0.0,0.06,0.0,0.05,0.0,0.0,366,472
355,-17.5,157.5,6257.960766269691,0.8869098177328719,0.8432767888375097,0.7479104630862372,False,0,,,,,,0.0,0.0,0.5,1.0,0.7479104630862372,0.0,0.03,0.0,0.08,0.0,0.05,0.0,0.03,0.0,0.08,0.0,0.05,0.0,0.03,0.0,0.08,0.0,0.05,0.0,0.03,0.0,0.08,0.0,0.05,0.0,0.03,0.0,0.08,0.0,0.05,0.0,0.0,366,221
356,-17.5,162.5,6517.257095488991,0.992311470730588,0.8805170860548266,0.8737472046664767,False,0,,,,,,0.0,0.0,0.5,1.0,0.8737472046664767,0.0,0.02,0.0,0.09,0.0,0.08,0.0,0.02,0.0,0.1,0.0,0.09,0.0,0.02,0.0,0.1,0.0,0.09,0.0,0.02,0.0,0.1,0.0,0.09,0.0,0.02,0.0,0.1,0.0,0.09,0.0,0.0,29,83
357,-17.5,167.5,6808.1000643259085,1.0657089041047367,0.9364453880697687,0.9979781882737682,True,4746,van,36.33923638479483,22.168105408198144,160.2631147553469,14.380522034305754,0.9692134524028184,0.10761680682945744,0.2321722786008379,0.9711772358426126,1.0349922277012982,0.01,0.05,0.02,0.1,0.02,0.07,0.01,0.05,0.02,0.11,0.02,0.08,0.01,0.04,0.02,0.11,0.02,0.08,0.01,0.05,0.02,0.11,0.02,0.08,0.01,0.05,0.02,0.11,0.02,0.08,0.0,0.0,66,40
358,-17.5,172.5,7126.548676282783,0.9754339283819079,1.0247382992264198,0.9995645047778217,True,216,van,276.9195026572811,69.21743888333151,163.9948665781175,26.444778241728464,0.9902363658030098,0.04192352726359324,0.8001148031308315,1.0125818711312633,0.9877067123658709,0.0,0.02,0.01,0.05,0.01,0.04,0.0,0.04,0.01,0.07,0.01,0.06,0.0,0.04,0.01,0.07,0.01,0.06,0.0,0.04,0.01,0.07,0.01,0.06,0.0,0.04,0.01,0.07,0.01,0.06,0.0,0.0,240,339
359,-17.5,177.5,7468.982075077836,0.9461909300959626,1.047333972951402,0.9909779059879867,True,1685,ker,584.5122846870241,21.92932353438794,60.04543681326905,20.501866940632983,0.576971096377771,0.038390562703962725,0.5219395892520793,1.0008422731768811,0.9469878813365906,0.0,0.02,0.0,0.05,0.0,0.03,0.0,0.02,0.0,0.05,0.0,0.03,0.0,0.02,0.0,0.05,0.0,0.03,0.0,0.02,0.0,0.05,0.0,0.03,0.0,0.02,0.0,0.05,0.0,0.03,0.0,0.0,665,618
360,-12.5,-177.5,7441.143837696882,0.8977048722882272,0.9773882577969555,0.8774062011416287,True,979,ker,262.62088073658333,42.26627453513315,151.66781205458784,27.60955723669502,0.8453572488470388,0.031864072665398334,0.6248500255034848,1.0039782302849198,0.9012761489980843,0.0,0.01,0.0,0.05,0.0,0.04,0.0,0.01,0.0,0.05,0.0,0.04,0.0,0.01,0.0,0.05,0.0,0.04,0.0,0.01,0.0,0.05,0.0,0.04,0.0,0.01,0.0,0.05,0.0,0.04,0.0,0.0,526,618
361,-12.5,-172.5,7839.626255262606,1.0482023131532596,0.9438185017420134,0.9893127367228223,True,421,ker,25.930477057453228,19.21192087012837,141.44025846697764,13.526785234895831,0.9267076390238372,0.13012805889721638,0.2824179891374837,0.9716864752755077,1.0185240110435247,0.0,0.01,0.01,0.05,0.01,0.04,0.0,0.02,0.01,0.06,0.01,0.05,0.0,0.02,0.01,0.06,0.01,0.05,0.0,0.02,0.01,0.06,0.01,0.05,0.0,0.02,0.01,0.06,0.01,0.05,0.0,0.0,366,472
362,-12.5,-167.5,8252.164251910619,1.1085919637501598,0.9329913129730774,1.0343066718106637,False,0,,,,,,0.0,0.0,0.5,1.0,1.0343066718106637,0.0,0.05,0.0,0.08,0.0,0.04,0.0,0.05,0.0,0.08,0.0,0.05,0.0,0.04,0.0,0.08,0.0,0.05,0.0,0.05,0.0,0.08,0.0,0.05,0.0,0.05,0.0,0.08,0.0,0.05,0.0,0.0,366,221
363,-12.5,-162.5,8676.542453976552,1.0521162924597178,0.9510105735228707,1.0005737187048727,False,0,,,,,,0.0,0.0,0.5,1.0,1.0005737187048727,0.0,0.01,0.0,0.02,0.0,0.02,0.0,0.0,0.0,0.02,0.0,0.02,0.0,0.0,0.0,0.02,0.0,0.02,0.0,0.0,0.0,0.02,0.0,0.02,0.0,0.0,0.0,0.02,0.0,0.02,0.0,0.0,818,918
364,-12.5,-157.5,9110.869836039383,1.0,1.0,1.0,False,0,,,,,,0.0,0.0,0.5,1.0,1.0,0.0,0.06,0.01,0.1,0.01,0.06,0.0,0.06,0.01,0.1,0.01,0.06,0.0,0.06,0.01,0.1,0.01,0.06,0.0,0.06,0.01,0.1,0.01,0.06,0.0,0.06,0.01,0.1,0.01,0.06,0.0,0.0,240,83
365,-12.5,-152.5,9553.52267570052,1.0,1.0,1.0,False,0,,,,,,0.0,0.0,0.5,1.0,1.0,0.0,0.03,0.01,0.08,0.01,0.08,0.0,0.03,0.01,0.08,0.01,0.07,0.0,0.03,0.01,0.08,0.01,0.07,0.0,0.03,0.01,0.08,0.01,0.07,0.0,0.03,0.01,0.08,0.01,0.07,0.0,0.0,135,221
366,-12.5,-147.5,10003.093127148391,1.0,1.0,1.0,False,0,,,,,,0.0,0.0,0.5,1.0,1.0,0.0,0.0,0.01,0.04,0.01,0.04,0.0,0.02,0.01,0.06,0.01,0.05,0.0,0.02,0.01,0.06,0.01,0.05,0.0,0.02,0.01,0.06,0.01,0.05,0.0,0.02,0.01,0.06,0.01,0.05,0.0,0.0,366,472
367,-12.5,-142.5,10458.343484213558,1.0,1.0,1.0,False,0,,,,,,0.0,0.0,0.5,1.0,1.0,0.0,0.01,0.0,0.04,0.0,0.03,0.0,0.03,0.0,0.04,0.0,0.01,0.0,0.04,0.0,0.04,0.0,0.0,0.0,0.04,0.0,0.04,0.0,0.0,0.0,0.04,0.0,0.04,0.0,0.0,0.0,0.0,954,762
368,-12.5,-137.5,10918.165289578938,0.9973960609025224,1.0,0.9973960609025224,False,0,,,,,,0.0,0.0,0.5,1.0,0.9973960609025224,0.0,0.04,0.01,0.06,0.01,0.03,0.0,0.04,0.01,0.06,0.01,0.03,0.0,0.04,0.01,0.06,0.01,0.03,0.0,0.04,0.01,0.06,0.01,0.03,0.0,0.04,0.01,0.06,0.01,0.03,0.0,0.0,665,472
369,-12.5,-132.5,11381.54192305177,1.0033486584068436,1.0,1.0033486584068436,False,0,,,,,,0.0,0.0,0.5,1.0,1.0033486584068436,0.0,0.04,0.01,0.06,0.01,0.04,0.0,0.03,0.01,0.06,0.01,0.05,0.0,0.04,0.01,0.06,0.01,0.04,0.0,0.04,0.01,0.06,0.01,0.04,0.0,0.04,0.01,0.06,0.01,0.04,0.0,0.0,526,472
370,-12.5,-127.5,11847.512935013187,0.9752793496422681,1.0,0.9752793496422681,False,0,,,,,,0.0,0.0,0.5,1.0,0.9752793496422681,0.0,0.02,0.01,0.09,0.01,0.07,0.0,0.03,0.01,0.1,0.01,0.07,0.0,0.03,0.01,0.1,0.01,0.07,0.0,0.03,0.01,0.1,0.01,0.07,0.0,0.03,0.01,0.1,0.01,0.07,0.0,0.0,135,83
371,-12.5,-122.5,12315.13800969079,0.9476549545763178,1.0,0.9476549545763178,False,0,,,,,,0.0,0.0,0.5,1.0,0.9476549545763178,0.0,0.02,0.0,0.04,0.0,0.03,0.0,0.03,0.0,0.05,0.0,0.03,0.0,0.03,0.0,0.05,0.0,0.03,0.0,0.03,0.0,0.05,0.0,0.03,0.0,0.03,0.0,0.05,0.0,0.03,0.0,0.0,665,618
372,-12.5,-117.5,12783.457897135562,1.0192363927966313,1.0,1.0192363927966313,False,0,,,,,,0.0,0.0,0.5,1.0,1.0192363927966313,0.0,0.0,0.0,0.01,0.0,0.01,0.0,0.01,0.0,0.02,0.0,0.01,0.0,0.01,0.0,0.02,0.0,0.01,0.0,0.01,0.0,0.02,0.0,0.01,0.0,0.01,0.0,0.02,0.0,0.01,0.0,0.0,913,918
373,-12.5,-112.5,13251.44877477998,1.121031583343735,1.0,1.121031583343735,False,0,,,,,,0.0,0.0,0.5,1.0,1.121031583343735,0.0,0.03,0.0,0.05,0.0,0.03,0.0,0.03,0.0,0.05,0.0,0.03,0.0,0.03,0.0,0.05,0.0,0.03,0.0,0.03,0.0,0.05,0.0,0.03,0.0,0.03,0.0,0.05,0.0,0.03,0.0,0.0,665,618
374,-12.5,-107.5,13717.965056192166,1.2379316669212703,1.0,1.2379316669212703,False,0,,,,,,0.0,0.0,0.5,1.0,1.2379316669212703,0.0,0.01,0.01,0.05,0.01,0.04,0.0,0.01,0.01,0.05,0.01,0.04,0.0,0.01,0.01,0.05,0.01,0.04,0.0,0.01,0.01,0.05,0.01,0.04,0.0,0.01,0.01,0.05,0.01,0.04,0.0,0.0,526,618
375,-12.5,-102.5,14181.663295821656,1.1991242497640664,1.0,1.1991242497640664,False,0,,,,,,0.0,0.0,0.5,1.0,1.1991242497640664,0.0,0.05,0.0,0.07,0.0,0.05,0.0,0.04,0.0,0.07,0.0,0.05,0.0,0.04,0.0,0.07,0.0,0.05,0.0,0.04,0.0,0.07,0.0,0.05,0.0,0.04,0.0,0.07,0.0,0.05,0.0,0.0,366,339
376,-12.5,-97.5,14640.89597076663,1.0839261531207673,1.0,1.0839261531207673,False,0,,,,,,0.0,0.0,0.5,1.0,1.0839261531207673,0.0,0.03,0.0,0.05,0.0,0.05,0.0,0.03,0.0,0.05,0.0,0.05,0.0,0.03,0.0,0.05,0.0,0.05,0.0,0.03,0.0,0.05,0.0,0.05,0.0,0.03,0.0,0.05,0.0,0.05,0.0,0.0,366,618
377,-12.5,-92.5,15093.557667048193,1.0314833046477063,1.0,1.0314833046477063,False,0,,,,,,0.0,0.0,0.5,1.0,1.0314833046477063,0.0,0.01,0.0,0.03,0.0,0.02,0.0,0.01,0.0,0.03,0.0,0.02,0.0,0.01,0.0,0.03,0.0,0.02,0.0,0.01,0.0,0.03,0.0,0.02,0.0,0.01,0.0,0.03,0.0,0.02,0.0,0.0,818,868
378,-12.5,-87.5,15536.856332505571,0.9981868941899922,1.0,0.9981868941899922,False,0,,,,,,0.0,0.0,0.5,1.0,0.9981868941899922,0.0,0.01,0.0,0.02,0.0,0.02,0.0,0.01,0.0,0.02,0.0,0.02,0.0,0.01,0.0,0.02,0.0,0.02,0.0,0.01,0.0,0.02,0.0,0.02,0.0,0.01,0.0,0.02,0.0,0.02,0.0,0.0,818,918
379,-12.5,-82.5,15966.967655049195,1.0094438314539844,1.0,1.0094438314539844,True,27,sam,9.228711622733702,6.060201221043334,148.3727601517739,4.5715973818744455,0.9995745797587093,0.6200306596268842,0.20882041083334743,0.8194597272591153,0.8271985668066785,0.0,0.06,0.01,0.09,0.01,0.04,0.0,0.06,0.01,0.09,0.01,0.04,0.0,0.06,0.01,0.09,0.01,0.04,0.0,0.06,0.01,0.09,0.01,0.04,0.0,0.06,0.01,0.09,0.01,0.04,0.0,0.0,526,146
380,-12.5,-77.5,16378.512562873706,1.0814750936872635,1.0,1.0814750936872635,True,7212,sam,29.73586265721301,12.85745129382655,143.74748568775362,8.164582767366408,0.9627898897329086,0.27865194672539495,0.42134268833473076,0.9780819869802866,1.0577713085033302,0.0,0.01,0.01,0.07,0.01,0.06,0.0,0.01,0.01,0.07,0.01,0.06,0.0,0.01,0.01,0.07,0.01,0.06,0.0,0.01,0.01,0.07,0.01,0.06,0.0,0.01,0.01,0.07,0.01,0.06,0.0,0.0,240,339
381,-12.5,-72.5,16763.788567944357,1.1710068346171938,1.0,1.1710068346171938,True,9850,sam,153.80395049459185,27.379602903754336,152.72758250649642,18.856597878533748,0.6961872189490776,0.05664524161685164,0.5512224680991212,1.0029015090816862,1.1744045215825523,0.0,0.05,0.01,0.09,0.01,0.06,0.0,0.05,0.01,0.09,0.01,0.06,0.0,0.05,0.01,0.09,0.01,0.06,0.0,0.05,0.01,0.09,0.01,0.06,0.0,0.05,0.01,0.09,0.01,0.06,0.0,0.0,240,146
382,-12.5,-67.5,17111.734295114205,1.225396744069542,1.0,1.225396744069542,True,3205,sam,504.0531180950438,54.01429325868124,118.83813400643504,17.037041083583187,0.8974585106618651,0.08797644758973874,0.9560814763750597,1.0401244281029611,1.2745650876245629,0.0,0.02,0.0,0.02,0.0,0.01,0.0,0.02,0.0,0.02,0.0,0.01,0.0,0.02,0.0,0.02,0.0,0.01,0.0,0.02,0.0,0.02,0.0,0.01,0.0,0.02,0.0,0.02,0.0,0.01,0.0,0.0,913,918
383,-12.5,97.5,6130.978858901371,0.9040630288303824,1.0,0.9040630288303824,False,0,,,,,,0.0,0.0,0.5,1.0,0.9040630288303824,0.0,0.06,0.02,0.12,0.02,0.09,0.0,0.04,0.02,0.12,0.02,0.09,0.0,0.04,0.02,0.12,0.02,0.09,0.0,0.04,0.02,0.12,0.02,0.09,0.0,0.04,0.02,0.12,0.02,0.09,0.0,0.0,29,18
384,-12.5,102.5,5841.87425634198,0.906498514755959,1.0892384110386177,0.9873930018216478,False,0,,,,,,0.0,0.0,0.5,1.0,0.9873930018216478,0.0,0.02,0.0,0.05,0.0,0.04,0.01,0.0,0.01,0.05,0.01,0.05,0.01,0.0,0.01,0.05,0.01,0.05,0.01,0.0,0.01,0.05,0.01,0.05,0.01,0.0,0.01,0.05,0.01,0.05,0.0,0.0,366,618
385,-12.5,107.5,5588.185026792455,1.043858780252961,1.160344829951143,1.2112361388656296,True,87,sum,7.918927735295876,2.7270951325866712,87.7885354249336,3.4624065147046013,0.9868121502792855,0.619886468250092,0.0799796879730614,0.7396350921843194,0.7720745851598101,0.0,0.03,0.0,0.05,0.0,0.04,0.0,0.02,0.0,0.05,0.0,0.04,0.0,0.01,0.0,0.05,0.0,0.04,0.0,0.01,0.0,0.05,0.0,0.04,0.0,0.02,0.0,0.05,0.0,0.04,0.0,0.01,526,618
386,-12.5,112.5,5375.030598950849,0.9161727291030952,1.2018713446144311,1.10112174982621,True,1400,sum,9.944008362323887,5.198210832440137,102.0326496930619,5.989330759575079,0.9924712650120281,0.6234413582502902,0.17456631172608555,0.7971111793621093,0.7302915245947705,0.0,0.0,0.0,0.01,0.0,0.01,0.0,0.01,0.0,0.02,0.0,0.01,0.0,0.01,0.0,0.02,0.0,0.01,0.0,0.01,0.0,0.02,0.0,0.01,0.0,0.01,0.0,0.02,0.0,0.01,0.0,0.0,913,918
387,-12.5,117.5,5207.473785971639,1.003802693183864,1.1963651372140447,1.200914546766741,True,2672,sum,12.506979020762664,6.570756588215253,92.03404599466164,5.5824583476764165,0.969288793463396,0.6088788091273161,0.2157505671672172,0.8269265438416602,0.830071091773483,0.0,0.02,0.0,0.04,0.0,0.02,0.0,0.03,0.0,0.05,0.0,0.02,0.0,0.03,0.0,0.05,0.0,0.02,0.0,0.05,0.0,0.07,0.0,0.02,0.0,0.03,0.0,0.05,0.0,0.02,-0.020000000000000004,-0.020000000000000004,818,618
388,-12.5,122.5,5090.082478710521,0.9834621255143101,1.1496058617499554,1.1305938243003213,True,2150,sum,13.481510280424805,8.015724106946058,75.90268805572495,4.021427624585665,0.8082735180006863,0.5077337326174185,0.23775113633932812,0.8668474055788906,0.852511591987181,0.0,0.02,0.01,0.09,0.01,0.07,0.0,0.02,0.01,0.09,0.01,0.07,0.0,0.02,0.01,0.09,0.01,0.07,0.0,0.02,0.01,0.09,0.01,0.07,0.0,0.02,0.01,0.09,0.01,0.07,0.0,0.0,135,146
389,-12.5,127.5,5026.415466727133,1.0530146975471053,1.0826845724122578,1.1400827675576106,True,20,sum,4.874047484473555,3.312439228851488,62.54509267271858,6.819481326905991,0.9999405157256237,0.628133322616573,0.09803483258845191,0.7475122838176573,0.7871414214569964,0.0,0.04,0.01,0.06,0.01,0.04,0.0,0.03,0.01,0.07,0.01,0.04,0.0,0.03,0.01,0.07,0.01,0.04,0.0,0.03,0.01,0.07,0.01,0.04,0.0,0.04,0.01,0.07,0.01,0.04,0.0,0.010000000000000002,526,339
390,-12.5,132.5,5018.54043603502,1.1381985648768058,1.0,1.1381985648768058,False,0,,,,,,0.0,0.0,0.5,1.0,1.1381985648768058,0.0,0.01,0.0,0.02,0.0,0.02,0.0,0.01,0.0,0.03,0.0,0.03,0.0,0.01,0.0,0.03,0.0,0.03,0.0,0.01,0.0,0.03,0.0,0.03,0.0,0.01,0.0,0.03,0.0,0.03,0.0,0.0,665,868
391,-12.5,137.5,5066.720274305103,1.2708839495527897,1.0,1.2708839495527897,False,0,,,,,,0.0,0.0,0.5,1.0,1.2708839495527897,0.0,0.01,0.0,0.03,0.0,0.03,0.0,0.0,0.0,0.03,0.0,0.03,0.0,0.0,0.0,0.03,0.0,0.03,0.0,0.0,0.0,0.03,0.0,0.03,0.0,0.0,0.0,0.03,0.0,0.03,0.0,0.0,665,868
392,-12.5,142.5,5169.371390789525,1.2496069272693702,1.0,1.2496069272693702,False,0,,,,,,0.0,0.0,0.5,1.0,1.2496069272693702,0.0,0.01,0.0,0.02,0.0,0.01,0.0,0.03,0.0,0.04,0.0,0.01,0.0,0.03,0.0,0.04,0.0,0.01,0.0,0.03,0.0,0.04,0.0,0.01,0.0,0.03,0.0,0.04,0.0,0.01,0.0,0.0,913,762
393,-12.5,147.5,5323.308646916996,1.1115542562705327,0.9066016708786242,1.0077369460071115,False,0,,,,,,0.0,0.0,0.5,1.0,1.0077369460071115,0.0,0.02,0.01,0.03,0.01,0.02,0.0,0.02,0.01,0.04,0.01,0.03,0.0,0.02,0.01,0.04,0.01,0.03,0.0,0.02,0.01,0.04,0.01,0.03,0.0,0.02,0.01,0.04,0.01,0.03,0.0,0.0,665,762
394,-12.5,152.5,5524.193838538308,1.0253296205027398,0.8400124337916322,0.8612896299571571,False,0,,,,,,0.0,0.0,0.5,1.0,0.8612896299571571,0.0,0.02,0.0,0.04,0.0,0.03,0.0,0.03,0.0,0.06,0.0,0.05,0.0,0.03,0.0,0.06,0.0,0.05,0.0,0.04,0.0,0.06,0.0,0.05,0.0,0.04,0.0,0.06,0.0,0.05,0.0,0.0,366,472
395,-12.5,157.5,5767.053828933188,0.8693728586208813,0.8424491499389173,0.732402425725128,True,34,sol,8.637501143594331,10.456880056681223,107.50846282053726,7.395572022917688,0.9953189323985409,0.5037223479559015,0.2241322774468547,0.8610392630702824,0.7485641655202285,0.0,0.02,0.0,0.03,0.0,0.02,0.0,0.05,0.0,0.06,0.0,0.05,0.0,0.05,0.0,0.06,0.0,0.05,0.0,0.03,0.0,0.04,0.0,0.03,0.0,0.03,0.0,0.04,0.0,0.03,0.0,0.0,665,762
396,-12.5,162.5,6046.74785692282,0.9073703139935969,0.892726530059377,0.8100335518903911,True,1199,"sol,van",21.59466168686711,22.13883775370136,115.80809389339595,14.103156749729335,0.9238186427854169,0.11540485023082157,0.2831184547893443,0.9749708177571351,0.8846595770428857,0.0,0.02,0.0,0.05,0.0,0.03,0.0,0.02,0.0,0.05,0.0,0.03,0.0,0.02,0.0,0.05,0.0,0.03,0.0,0.02,0.0,0.05,0.0,0.03,0.0,0.02,0.0,0.05,0.0,0.03,0.0,0.0,665,618
397,-12.5,167.5,6358.315900619229,1.0831703505544144,0.9529721919949962,1.0322312232718287,True,4165,van,58.79851571315652,31.807904934267718,158.93811762100142,18.524104158221704,0.8495993858274217,0.0628864539136442,0.3692227503881312,0.99177588251933,1.0742622303398763,0.0,0.04,0.02,0.09,0.02,0.07,0.0,0.01,0.02,0.09,0.02,0.08,0.0,0.01,0.02,0.09,0.02,0.08,0.0,0.01,0.02,0.09,0.02,0.08,0.0,0.01,0.02,0.09,0.02,0.08,0.0,0.0,66,146
398,-12.5,172.5,6697.194114750159,1.0732873422954339,1.010858277384791,1.0849413939716628,False,0,,,,,,0.0,0.0,0.5,1.0,1.0849413939716628,0.0,0.01,0.0,0.08,0.0,0.07,0.0,0.01,0.0,0.08,0.0,0.07,0.0,0.01,0.0,0.08,0.0,0.07,0.0,0.01,0.0,0.08,0.0,0.07,0.0,0.01,0.0,0.08,0.0,0.07,0.0,0.0,135,221
399,-12.5,177.5,7059.317677973053,0.7712831363872088,1.0130384135422652,0.7813394448776005,False,0,,,,,,0.0,0.0,0.5,1.0,0.7813394448776005,0.0,0.03,0.0,0.04,0.0,0.01,0.0,0.04,0.0,0.05,0.0,0.02,0.0,0.04,0.0,0.05,0.0,0.02,0.0,0.04,0.0,0.05,0.0,0.02,0.0,0.04,0.0,0.05,0.0,0.02,0.0,0.0,818,618
400,-7.5,-177.5,7060.870225757706,0.9691651084881856,0.9682711505058729,0.9384146146260046,False,0,,,,,,0.0,0.0,0.5,1.0,0.9384146146260046,0.0,0.03,0.0,0.09,0.0,0.08,0.0,0.03,0.0,0.1,0.0,0.09,0.0,0.03,0.0,0.1,0.0,0.09,0.0,0.03,0.0,0.1,0.0,0.09,0.0,0.03,0.0,0.1,0.0,0.09,0.0,0.0,29,83
401,-7.5,-172.5,7475.683606885009,1.1158309679621228,0.950299022703262,1.0603730783564402,False,0,,,,,,0.0,0.0,0.5,1.0,1.0603730783564402,0.01,0.05,0.02,0.08,0.01,0.04,0.01,0.04,0.02,0.08,0.01,0.05,0.01,0.04,0.02,0.08,0.01,0.05,0.01,0.04,0.02,0.08,0.01,0.05,0.01,0.04,0.02,0.08,0.01,0.05,0.0,0.0,366,221
402,-7.5,-167.5,7902.897769776355,1.1701004052543955,0.9518173719623537,1.1137218926613237,False,0,,,,,,0.0,0.0,0.5,1.0,1.1137218926613237,0.0,0.01,0.01,0.07,0.01,0.06,0.0,0.02,0.01,0.08,0.01,0.06,0.0,0.02,0.01,0.08,0.01,0.06,0.0,0.02,0.01,0.08,0.01,0.06,0.0,0.02,0.01,0.08,0.01,0.06,0.0,0.0,240,221
403,-7.5,-162.5,8340.31002644238,1.0034042229233837,1.0,1.0034042229233837,False,0,,,,,,0.0,0.0,0.5,1.0,1.0034042229233837,0.0,0.01,0.0,0.02,0.0,0.02,0.0,0.03,0.0,0.05,0.0,0.05,0.0,0.03,0.0,0.05,0.0,0.05,0.0,0.03,0.0,0.05,0.0,0.05,0.0,0.03,0.0,0.05,0.0,0.05,0.0,0.0,366,618
404,-7.5,-157.5,8786.063807645056,1.0,1.0,1.0,False,0,,,,,,0.0,0.0,0.5,1.0,1.0,0.0,0.01,0.0,0.02,0.0,0.01,0.0,0.01,0.0,0.02,0.0,0.01,0.0,0.01,0.0,0.02,0.0,0.01,0.0,0.01,0.0,0.02,0.0,0.01,0.0,0.01,0.0,0.02,0.0,0.01,0.0,0.0,913,918
405,-7.5,-152.5,9238.575876614625,1.0,1.0,1.0,False,0,,,,,,0.0,0.0,0.5,1.0,1.0,0.0,0.02,0.0,0.06,0.0,0.06,0.0,0.02,0.0,0.06,0.0,0.06,0.0,0.02,0.0,0.06,0.0,0.06,0.0,0.02,0.0,0.06,0.0,0.06,0.0,0.02,0.0,0.06,0.0,0.06,0.0,0.0,240,472
406,-7.5,-147.5,9696.474121510339,1.0,1.0,1.0,False,0,,,,,,0.0,0.0,0.5,1.0,1.0,0.0,0.01,0.0,0.04,0.0,0.04,0.0,0.0,0.0,0.04,0.0,0.04,0.0,0.0,0.0,0.04,0.0,0.04,0.0,0.0,0.0,0.04,0.0,0.04,0.0,0.0,0.0,0.04,0.0,0.04,0.0,0.0,526,762
407,-7.5,-142.5,10158.544249709172,1.0054990879575723,1.0,1.0054990879575723,False,0,,,,,,0.0,0.0,0.5,1.0,1.0054990879575723,0.01,0.03,0.01,0.07,0.01,0.05,0.01,0.02,0.01,0.07,0.01,0.05,0.01,0.02,0.01,0.07,0.01,0.05,0.01,0.02,0.01,0.07,0.01,0.05,0.01,0.02,0.01,0.07,0.01,0.05,0.0,0.0,366,339
408,-7.5,-137.5,10623.683211951658,1.0,1.0,1.0,False,0,,,,,,0.0,0.0,0.5,1.0,1.0,0.0,0.03,0.0,0.04,0.0,0.02,0.0,0.03,0.0,0.04,0.0,0.02,0.0,0.03,0.0,0.04,0.0,0.02,0.0,0.03,0.0,0.04,0.0,0.02,0.0,0.03,0.0,0.04,0.0,0.02,0.0,0.0,818,762
409,-7.5,-132.5,11090.856997163417,0.9966119182590217,1.0,0.9966119182590217,False,0,,,,,,0.0,0.0,0.5,1.0,0.9966119182590217,0.0,0.01,0.0,0.02,0.0,0.01,0.0,0.02,0.0,0.03,0.0,0.01,0.0,0.02,0.0,0.03,0.0,0.01,0.0,0.02,0.0,0.03,0.0,0.01,0.0,0.02,0.0,0.03,0.0,0.01,0.0,0.0,913,868
410,-7.5,-127.5,11559.060311815912,0.9722972752407781,1.0,0.9722972752407781,False,0,,,,,,0.0,0.0,0.5,1.0,0.9722972752407781,0.0,0.01,0.0,0.02,0.0,0.02,0.0,0.01,0.0,0.02,0.0,0.02,0.0,0.01,0.0,0.02,0.0,0.02,0.0,0.01,0.0,0.02,0.0,0.02,0.0,0.01,0.0,0.02,0.0,0.02,0.0,0.0,818,918
411,-7.5,-122.5,12027.275435402491,0.9487169762165919,1.0,0.9487169762165919,False,0,,,,,,0.0,0.0,0.5,1.0,0.9487169762165919,0.0,0.03,0.01,0.06,0.01,0.04,0.0,0.05,0.01,0.07,0.01,0.03,0.0,0.05,0.01,0.07,0.01,0.03,0.0,0.05,0.01,0.07,0.01,0.03,0.0,0.05,0.01,0.07,0.01,0.03,0.0,0.0,665,339
412,-7.5,-117.5,12494.42710693433,1.0502512550463843,1.0,1.0502512550463843,False,0,,,,,,0.0,0.0,0.5,1.0,1.0502512550463843,0.0,0.01,0.0,0.03,0.0,0.03,0.0,0.01,0.0,0.03,0.0,0.03,0.0,0.01,0.0,0.03,0.0,0.03,0.0,0.01,0.0,0.03,0.0,0.03,0.0,0.01,0.0,0.03,0.0,0.03,0.0,0.0,665,868
413,-7.5,-112.5,12959.329525629792,1.2592355746278923,1.0,1.2592355746278923,False,0,,,,,,0.0,0.0,0.5,1.0,1.2592355746278923,0.0,0.02,0.0,0.07,0.0,0.05,0.0,0.03,0.0,0.08,0.0,0.05,0.0,0.03,0.0,0.08,0.0,0.05,0.0,0.03,0.0,0.08,0.0,0.05,0.0,0.03,0.0,0.08,0.0,0.05,0.0,0.0,366,221
414,-7.5,-107.5,13420.620293072094,1.2554811290492451,1.0,1.2554811290492451,False,0,,,,,,0.0,0.0,0.5,1.0,1.2554811290492451,0.0,0.03,0.02,0.08,0.02,0.06,0.01,0.05,0.02,0.09,0.01,0.06,0.01,0.05,0.02,0.09,0.01,0.06,0.01,0.05,0.02,0.09,0.01,0.06,0.01,0.05,0.02,0.09,0.01,0.06,0.0,0.0,240,146
415,-7.5,-102.5,13876.674192495764,1.1640434256141108,1.0,1.1640434256141108,False,0,,,,,,0.0,0.0,0.5,1.0,1.1640434256141108,0.0,0.02,0.0,0.07,0.0,0.07,0.0,0.03,0.0,0.08,0.0,0.07,0.0,0.03,0.0,0.08,0.0,0.07,0.0,0.03,0.0,0.08,0.0,0.07,0.0,0.03,0.0,0.08,0.0,0.07,0.0,0.0,135,221
416,-7.5,-97.5,14325.486877705316,0.9896300325581721,1.0,0.9896300325581721,False,0,,,,,,0.0,0.0,0.5,1.0,0.9896300325581721,0.0,0.03,0.0,0.06,0.0,0.03,0.0,0.05,0.0,0.06,0.0,0.01,0.0,0.05,0.0,0.06,0.0,0.01,0.0,0.05,0.0,0.06,0.0,0.01,0.0,0.05,0.0,0.06,0.0,0.01,0.0,0.0,913,472
417,-7.5,-92.5,14764.514704387737,1.0935513193611501,1.0,1.0935513193611501,False,0,,,,,,0.0,0.0,0.5,1.0,1.0935513193611501,0.0,0.07,0.0,0.08,0.0,0.04,0.0,0.07,0.0,0.08,0.0,0.04,0.0,0.07,0.0,0.08,0.0,0.04,0.0,0.07,0.0,0.08,0.0,0.04,0.0,0.07,0.0,0.08,0.0,0.04,0.0,0.0,526,221
418,-7.5,-87.5,15190.45243716457,1.0639829308173756,1.0,1.0639829308173756,False,0,,,,,,0.0,0.0,0.5,1.0,1.0639829308173756,0.0,0.02,0.0,0.03,0.0,0.02,0.0,0.03,0.0,0.04,0.0,0.03,0.0,0.03,0.0,0.04,0.0,0.03,0.0,0.03,0.0,0.04,0.0,0.03,0.0,0.03,0.0,0.04,0.0,0.03,0.0,0.0,665,762
419,-7.5,-82.5,15598.927360174757,1.1670304285663624,1.0,1.1670304285663624,True,2752,sam,19.04487950766519,11.320106891692092,162.58121354564088,7.139438319701484,0.9615229799117675,0.4327858450252793,0.36373543780653006,0.9410266263040994,1.0982067069880312,0.0,0.03,0.0,0.04,0.0,0.02,0.0,0.03,0.0,0.04,0.0,0.02,0.0,0.03,0.0,0.04,0.0,0.02,0.0,0.03,0.0,0.04,0.0,0.02,0.0,0.03,0.0,0.04,0.0,0.02,0.0,0.0,818,762
420,-7.5,-77.5,15984.092766263033,1.2321200197320366,1.049124170777722,1.292646894000003,True,10000,sam,81.1937647120453,10.060584751854552,158.81157281207965,12.468687046248982,0.715099443469313,0.12981686078916427,0.31073236801105025,0.9754298701661958,1.201846670876391,0.0,0.03,0.0,0.05,0.0,0.04,0.0,0.03,0.0,0.05,0.0,0.04,0.0,0.03,0.0,0.05,0.0,0.04,0.0,0.03,0.0,0.05,0.0,0.04,0.0,0.03,0.0,0.05,0.0,0.04,0.0,0.0,526,618
421,-7.5,-72.5,16338.132667745149,1.2442582269050795,1.0403894895352441,1.2945131815398037,True,8005,sam,342.4789560130301,52.16690480759643,155.56658697360896,13.48725321128397,0.9487082857066386,0.14207930080408473,0.9465699885147326,1.0634483517282614,1.3232043605265358,0.0,0.03,0.01,0.08,0.01,0.08,0.0,0.03,0.01,0.08,0.01,0.07,0.0,0.03,0.01,0.08,0.01,0.08,0.0,0.03,0.01,0.08,0.01,0.08,0.0,0.03,0.01,0.08,0.01,0.08,0.0,0.0,66,221
422,-7.5,-67.5,16650.778846150646,1.184001832829682,1.0108758200819787,1.1968788237402705,False,0,,,,,,0.0,0.0,0.5,1.0,1.1968788237402705,0.0,0.04,0.01,0.08,0.01,0.05,0.0,0.05,0.01,0.08,0.01,0.03,0.0,0.05,0.01,0.08,0.01,0.03,0.0,0.05,0.01,0.08,0.01,0.03,0.0,0.05,0.01,0.08,0.01,0.03,0.0,0.0,665,221
423,-7.5,97.5,5677.0119346195515,0.8808301745135144,1.0,0.8808301745135144,False,0,,,,,,0.0,0.0,0.5,1.0,0.8808301745135144,0.0,0.02,0.0,0.06,0.0,0.04,0.0,0.03,0.0,0.07,0.0,0.05,0.0,0.03,0.0,0.07,0.0,0.05,0.0,0.03,0.0,0.07,0.0,0.05,0.0,0.03,0.0,0.07,0.0,0.05,0.0,0.0,366,339
424,-7.5,102.5,5366.0174414572975,0.812997459468318,1.0986242793624488,0.8931787480318826,True,3552,sum,16.05601652722031,7.4558501223844615,126.3636641132619,7.001410936181262,0.9504664024128158,0.4316511123599675,0.24941074035044794,0.8918328673268101,0.7250578554070422,0.0,0.04,0.0,0.06,0.0,0.04,0.0,0.05,0.01,0.09,0.01,0.06,0.01,0.04,0.01,0.08,0.01,0.05,0.0,0.05,0.01,0.09,0.01,0.06,0.01,0.04,0.01,0.08,0.01,0.05,-0.009999999999999995,-0.010000000000000002,366,221
425,-7.5,107.5,5090.821277368771,0.927153003018293,1.1777947867424827,1.0919959734675828,True,9083,sum,34.43298229782571,12.949869795393889,111.58372727747725,8.227147309032876,0.8789615168014063,0.26011187877938197,0.3525796565711988,0.9616542175004328,0.8916005956207329,0.0,0.03,0.01,0.05,0.01,0.04,0.0,0.03,0.01,0.06,0.01,0.05,0.0,0.03,0.01,0.06,0.01,0.05,0.0,0.03,0.01,0.06,0.01,0.05,0.0,0.03,0.01,0.06,0.01,0.05,0.0,0.0,366,472
426,-7.5,112.5,4857.662825856873,1.025196289202297,1.222458852336977,1.2532602791183676,True,8883,sum,101.81627416919508,26.434914432876788,100.81951753255316,12.130786751758524,0.9835943745188384,0.14926945099280067,0.5687289811331158,1.0102591372810348,1.0357139186732307,0.0,0.03,0.0,0.1,0.0,0.09,0.0,0.03,0.0,0.1,0.0,0.08,0.0,0.03,0.0,0.1,0.0,0.08,0.0,0.04,0.0,0.11,0.0,0.09,0.0,0.03,0.0,0.1,0.0,0.08,-0.009999999999999995,-0.010000000000000002,66,83
427,-7.5,117.5,4672.961866694568,1.0659551593920646,1.2157535804469302,1.2959388016267808,True,7421,sum,168.763074412792,39.243391734927606,94.24323665686286,18.85351953338087,0.9683593875271403,0.07292377921876717,0.7137744163390242,1.0155892383397278,1.08257258843129,0.0,0.03,0.0,0.05,0.0,0.03,0.0,0.03,0.0,0.06,0.0,0.03,0.0,0.03,0.0,0.06,0.0,0.03,0.0,0.03,0.0,0.06,0.0,0.03,0.0,0.03,0.0,0.06,0.0,0.03,0.0,0.0,665,472
428,-7.5,122.5,4542.726729091114,0.993879976161245,1.1651533741671622,1.1580226077414535,True,8301,sum,154.01556890392555,28.20538303001758,75.99813884077074,13.30944459603893,0.7542909430084673,0.09344307524400755,0.5715910979443461,1.0066896923520146,1.0005287274365913,0.0,0.01,0.02,0.07,0.02,0.06,0.0,0.02,0.02,0.08,0.02,0.06,0.0,0.02,0.02,0.08,0.02,0.06,0.0,0.02,0.02,0.08,0.02,0.06,0.0,0.02,0.02,0.08,0.02,0.06,0.0,0.0,240,221
429,-7.5,127.5,4471.782570645559,1.0086854430483643,1.0919191864363833,1.1014029883435927,True,8657,sum,67.43243779937931,19.44826367343844,73.26605268995736,10.52276891540096,0.8257283519758586,0.15464739703608696,0.4284526952487052,0.9889353955552646,0.9975247376118714,0.0,0.06,0.0,0.1,0.0,0.05,0.0,0.04,0.0,0.11,0.0,0.07,0.0,0.04,0.0,0.11,0.0,0.07,0.0,0.04,0.0,0.11,0.0,0.07,0.0,0.04,0.0,0.11,0.0,0.07,0.0,0.0,135,40
430,-7.5,132.5,4462.991500758867,1.169718730128889,1.0,1.169718730128889,True,3504,sum,10.949206578642777,8.377565585395937,49.235070980269704,8.22832147001983,0.7294173792323533,0.21571811116421416,0.19234006324328684,0.9336321795619402,1.0920870474846596,0.0,0.04,0.01,0.09,0.01,0.06,0.0,0.04,0.02,0.1,0.02,0.06,0.0,0.03,0.02,0.1,0.02,0.07,0.0,0.03,0.02,0.1,0.02,0.07,0.0,0.04,0.02,0.1,0.02,0.06,0.0,0.010000000000000002,240,83
431,-7.5,137.5,4516.72052088627,1.2890757023750354,1.0,1.2890757023750354,True,221,png,131.22755892303715,42.28128762815958,94.29415127395826,21.089953574983813,0.8940554168434207,0.05914839793810215,0.968286638922325,1.0276984044680741,1.324781042569386,0.0,0.05,0.0,0.06,0.0,0.02,0.0,0.05,0.0,0.08,0.0,0.05,0.0,0.04,0.0,0.08,0.0,0.06,0.0,0.04,0.0,0.08,0.0,0.06,0.0,0.04,0.0,0.08,0.0,0.06,0.0,0.0,240,221
432,-7.5,142.5,4630.769502105553,1.2227768741979979,1.0,1.2227768741979979,True,782,"png,sol",94.11930709580768,24.585226805240993,113.23149493153858,16.325103913500744,0.7851191444601321,0.08499341564601938,0.5513844260744167,1.004367337883075,1.228117153963231,0.0,0.02,0.01,0.05,0.01,0.05,0.0,0.01,0.01,0.05,0.01,0.05,0.0,0.01,0.01,0.05,0.01,0.05,0.0,0.01,0.01,0.05,0.01,0.05,0.0,0.01,0.01,0.05,0.01,0.05,0.0,0.0,366,618
433,-7.5,147.5,4800.790003675407,1.0785109049816237,0.9138962385330887,0.9856470592796233,True,5683,sol,51.31305636260991,24.945650975920415,101.46583510081902,11.481981286753912,0.30077682558510466,0.052792792698641,0.4218728613688833,0.9958754501661095,1.0740625330076325,0.0,0.05,0.0,0.11,0.0,0.08,0.0,0.05,0.0,0.14,0.0,0.09,0.0,0.05,0.0,0.14,0.0,0.09,0.0,0.05,0.0,0.14,0.0,0.09,0.0,0.05,0.0,0.14,0.0,0.09,0.0,0.0,29,6
434,-7.5,152.5,5021.022636565454,1.0053752610673636,0.8737695027557262,0.8784662419457387,True,2621,sol,25.706375954003125,20.62670759770754,89.97022637612612,9.05177556659924,0.5661386862573314,0.1693898785483203,0.40372142600248984,0.9836913840437563,0.9889789820427077,0.0,0.02,0.01,0.05,0.01,0.03,0.0,0.04,0.01,0.07,0.01,0.04,0.0,0.05,0.01,0.08,0.01,0.05,0.0,0.04,0.01,0.07,0.01,0.04,0.0,0.04,0.01,0.07,0.01,0.04,0.0,0.0,526,339
435,-7.5,157.5,5285.093528120103,0.8914720698511468,0.885367334462249,0.7892802502316537,True,2703,sol,32.52959216236356,30.219613587685696,122.11620602493518,12.551443518764737,0.9623601288996961,0.1604118987235236,0.3123012046242448,0.969890879845657,0.8646306301857578,0.0,0.02,0.0,0.08,0.0,0.07,0.0,0.02,0.0,0.09,0.0,0.07,0.0,0.03,0.0,0.09,0.0,0.06,0.0,0.04,0.0,0.09,0.0,0.06,0.0,0.04,0.0,0.09,0.0,0.06,0.0,0.0,240,146
436,-7.5,162.5,5586.6665935059455,0.8638094164108459,0.934950144762811,0.8076187389207996,True,306,sol,73.49226319380261,58.923739882239545,119.39760855398339,17.06632178391121,0.9754630859279918,0.09756255370426307,0.4674507039494589,0.9968244075560331,0.861066309755064,0.0,0.04,0.0,0.07,0.0,0.04,0.0,0.02,0.0,0.07,0.0,0.05,0.0,0.02,0.0,0.07,0.0,0.05,0.0,0.02,0.0,0.07,0.0,0.05,0.0,0.02,0.0,0.07,0.0,0.05,0.0,0.0,366,339
437,-7.5,167.5,5919.868244026464,1.071693847335832,0.9850356968281062,1.0556566956968454,True,144,van,170.1692814746106,64.08057308235088,127.45953323691678,20.982110882660916,0.8696696214641874,0.058301013091049084,0.3912619392352542,0.9936604608958592,1.0648998022829794,0.0,0.03,0.01,0.09,0.01,0.07,0.01,0.04,0.02,0.11,0.02,0.08,0.01,0.04,0.02,0.11,0.02,0.08,0.01,0.04,0.02,0.11,0.02,0.08,0.01,0.04,0.02,0.11,0.02,0.08,0.0,0.0,66,40
438,-7.5,172.5,6279.498914953394,1.1194662831671636,1.0102713814926723,1.1309647484297574,False,0,,,,,,0.0,0.0,0.5,1.0,1.1309647484297574,0.0,0.04,0.0,0.08,0.0,0.06,0.0,0.06,0.0,0.1,0.0,0.07,0.0,0.07,0.0,0.11,0.0,0.07,0.0,0.07,0.0,0.11,0.0,0.07,0.0,0.07,0.0,0.11,0.0,0.07,0.0,0.0,135,40
439,-7.5,177.5,6661.0902525660795,0.8286715641121954,1.0009773513936537,0.8294814674202617,False,0,,,,,,0.0,0.0,0.5,1.0,0.8294814674202617,0.01,0.01,0.04,0.08,0.04,0.08,0.0,0.01,0.04,0.08,0.04,0.08,0.01,0.01,0.04,0.08,0.04,0.08,0.01,0.01,0.04,0.08,0.04,0.08,0.01,0.01,0.04,0.08,0.04,0.08,0.0,0.0,66,221
440,-2.5,-177.5,6693.868762505799,0.72868963398247,1.0,0.72868963398247,False,0,,,,,,0.0,0.0,0.5,1.0,0.72868963398247,0.0,0.01,0.0,0.04,0.0,0.03,0.0,0.03,0.0,0.06,0.0,0.04,0.0,0.01,0.0,0.04,0.0,0.03,0.0,0.01,0.0,0.04,0.0,0.03,0.0,0.01,0.0,0.04,0.0,0.03,0.0,0.0,665,762
441,-2.5,-172.5,7123.668745897569,0.9353718078054015,1.0,0.9353718078054015,False,0,,,,,,0.0,0.0,0.5,1.0,0.9353718078054015,0.01,0.02,0.02,0.06,0.02,0.04,0.01,0.03,0.02,0.07,0.02,0.05,0.01,0.03,0.02,0.07,0.02,0.05,0.01,0.03,0.02,0.07,0.02,0.05,0.01,0.03,0.02,0.07,0.02,0.05,0.0,0.0,366,339
442,-2.5,-167.5,7563.899054526138,1.011153642571394,1.0,1.011153642571394,False,0,,,,,,0.0,0.0,0.5,1.0,1.011153642571394,0.0,0.03,0.0,0.06,0.0,0.05,0.0,0.04,0.0,0.07,0.0,0.05,0.0,0.04,0.0,0.07,0.0,0.05,0.0,0.04,0.0,0.07,0.0,0.05,0.0,0.04,0.0,0.07,0.0,0.05,0.0,0.0,366,339
443,-2.5,-162.5,8012.440559410134,1.0037647630666073,1.0,1.0037647630666073,False,0,,,,,,0.0,0.0,0.5,1.0,1.0037647630666073,0.0,0.04,0.0,0.06,0.0,0.02,0.0,0.05,0.0,0.07,0.0,0.03,0.0,0.05,0.0,0.07,0.0,0.03,0.0,0.05,0.0,0.07,0.0,0.03,0.0,0.05,0.0,0.07,0.0,0.03,0.0,0.0,665,339
444,-2.5,-157.5,8467.525363038827,1.0,1.0,1.0,False,0,,,,,,0.0,0.0,0.5,1.0,1.0,0.01,0.01,0.01,0.04,0.0,0.03,0.01,0.01,0.01,0.04,0.0,0.03,0.01,0.01,0.01,0.04,0.0,0.03,0.01,0.01,0.01,0.04,0.0,0.03,0.01,0.01,0.01,0.04,0.0,0.03,0.0,0.0,665,762
445,-2.5,-152.5,8927.650801467313,1.0,1.0,1.0,False,0,,,,,,0.0,0.0,0.5,1.0,1.0,0.0,0.0,0.01,0.03,0.01,0.03,0.0,0.01,0.01,0.03,0.01,0.02,0.0,0.01,0.01,0.03,0.01,0.02,0.0,0.01,0.01,0.03,0.01,0.02,0.0,0.01,0.01,0.03,0.01,0.02,0.0,0.0,818,868
446,-2.5,-147.5,9391.50926311148,1.0125091725116593,1.0,1.0125091725116593,False,0,,,,,,0.0,0.0,0.5,1.0,1.0125091725116593,0.0,0.04,0.01,0.1,0.01,0.08,0.0,0.06,0.01,0.11,0.01,0.07,0.0,0.06,0.01,0.11,0.01,0.07,0.0,0.06,0.01,0.11,0.01,0.07,0.0,0.06,0.01,0.11,0.01,0.07,0.0,0.0,135,40
447,-2.5,-142.5,9857.929967035523,1.0354910134671418,1.0,1.0354910134671418,False,0,,,,,,0.0,0.0,0.5,1.0,1.0354910134671418,0.0,0.01,0.01,0.06,0.01,0.05,0.0,0.01,0.01,0.06,0.01,0.05,0.0,0.01,0.01,0.06,0.01,0.05,0.0,0.01,0.01,0.06,0.01,0.05,0.0,0.01,0.01,0.06,0.01,0.05,0.0,0.0,366,472
448,-2.5,-137.5,10325.829089101308,1.029674207054457,1.0,1.029674207054457,False,0,,,,,,0.0,0.0,0.5,1.0,1.029674207054457,0.0,0.01,0.0,0.07,0.0,0.07,0.0,0.01,0.0,0.07,0.0,0.07,0.0,0.01,0.0,0.07,0.0,0.07,0.0,0.01,0.0,0.07,0.0,0.07,0.0,0.01,0.0,0.07,0.0,0.07,0.0,0.0,135,339
449,-2.5,-132.5,10794.164946777619,1.0069191388000411,1.0,1.0069191388000411,False,0,,,,,,0.0,0.0,0.5,1.0,1.0069191388000411,0.0,0.04,0.0,0.07,0.0,0.05,0.0,0.03,0.0,0.07,0.0,0.06,0.0,0.03,0.0,0.07,0.0,0.06,0.0,0.03,0.0,0.07,0.0,0.06,0.0,0.03,0.0,0.07,0.0,0.06,0.0,0.0,240,339
450,-2.5,-127.5,11261.895170048729,0.9711578920690171,1.0,0.9711578920690171,False,0,,,,,,0.0,0.0,0.5,1.0,0.9711578920690171,0.0,0.01,0.01,0.05,0.01,0.05,0.0,0.01,0.01,0.05,0.01,0.05,0.0,0.01,0.01,0.05,0.01,0.05,0.0,0.01,0.01,0.05,0.01,0.05,0.0,0.01,0.01,0.05,0.01,0.05,0.0,0.0,366,618
451,-2.5,-122.5,11727.932809490361,0.9483252050393953,1.0,0.9483252050393953,False,0,,,,,,0.0,0.0,0.5,1.0,0.9483252050393953,0.0,0.03,0.02,0.08,0.02,0.07,0.0,0.03,0.02,0.09,0.02,0.08,0.0,0.03,0.02,0.09,0.02,0.08,0.0,0.03,0.02,0.09,0.02,0.08,0.0,0.03,0.02,0.09,0.02,0.08,0.0,0.0,66,146
452,-2.5,-117.5,12191.098112334535,1.0420302681123979,1.0,1.0420302681123979,False,0,,,,,,0.0,0.0,0.5,1.0,1.0420302681123979,0.01,0.01,0.02,0.08,0.02,0.08,0.01,0.02,0.02,0.09,0.02,0.09,0.01,0.02,0.02,0.09,0.02,0.09,0.01,0.02,0.02,0.09,0.02,0.09,0.01,0.02,0.02,0.09,0.02,0.09,0.0,0.0,29,146
453,-2.5,-112.5,12650.062192475905,1.2145246462516956,1.0,1.2145246462516956,False,0,,,,,,0.0,0.0,0.5,1.0,1.2145246462516956,0.0,0.02,0.0,0.06,0.0,0.05,0.0,0.01,0.0,0.06,0.0,0.05,0.0,0.01,0.0,0.06,0.0,0.05,0.0,0.01,0.0,0.06,0.0,0.05,0.0,0.01,0.0,0.06,0.0,0.05,0.0,0.0,366,472
454,-2.5,-107.5,13103.277997886342,1.1442648240420834,1.0,1.1442648240420834,False,0,,,,,,0.0,0.0,0.5,1.0,1.1442648240420834,0.0,0.01,0.0,0.05,0.0,0.05,0.0,0.01,0.0,0.05,0.0,0.04,0.0,0.01,0.0,0.05,0.0,0.04,0.0,0.01,0.0,0.05,0.0,0.04,0.0,0.01,0.0,0.05,0.0,0.04,0.0,0.0,526,618
455,-2.5,-102.5,13548.892840847539,0.9600306193622837,1.0,0.9600306193622837,False,0,,,,,,0.0,0.0,0.5,1.0,0.9600306193622837,0.0,0.01,0.0,0.05,0.0,0.05,0.0,0.01,0.0,0.05,0.0,0.05,0.0,0.01,0.0,0.05,0.0,0.05,0.0,0.01,0.0,0.05,0.0,0.05,0.0,0.01,0.0,0.05,0.0,0.05,0.0,0.0,366,618
456,-2.5,-97.5,13984.635423664797,0.9908493019212218,1.0,0.9908493019212218,False,0,,,,,,0.0,0.0,0.5,1.0,0.9908493019212218,0.0,0.05,0.02,0.09,0.02,0.07,0.0,0.07,0.02,0.11,0.02,0.08,0.0,0.07,0.02,0.11,0.02,0.08,0.0,0.07,0.02,0.11,0.02,0.08,0.0,0.07,0.02,0.11,0.02,0.08,0.0,0.0,66,40
457,-2.5,-92.5,14407.66920871874,1.1425050248196993,1.1083168671982258,1.2662575898664004,False,0,,,,,,0.0,0.0,0.5,1.0,1.2662575898664004,0.0,0.04,0.02,0.09,0.02,0.08,0.0,0.05,0.02,0.1,0.02,0.08,0.0,0.05,0.02,0.1,0.02,0.08,0.0,0.05,0.02,0.1,0.02,0.08,0.0,0.05,0.02,0.1,0.02,0.08,0.0,0.0,66,83
458,-2.5,-87.5,14814.404362654257,1.0543755239809158,1.1407382138319415,1.2027664519341073,False,0,,,,,,0.0,0.0,0.5,1.0,1.2027664519341073,0.0,0.01,0.0,0.01,0.0,0.01,0.0,0.01,0.0,0.01,0.0,0.01,0.0,0.01,0.0,0.01,0.0,0.01,0.0,0.01,0.0,0.01,0.0,0.01,0.0,0.01,0.0,0.01,0.0,0.01,0.0,0.0,913,950
459,-2.5,-82.5,15200.265229963527,1.143013316905385,1.173745476342709,1.3416067101171711,True,3225,sam,21.037899692199524,14.120461512815778,9.341954892041768,7.812679776037722,0.9882658464952356,0.36623808475823005,0.32777372505960584,0.9369241789207857,1.0709168134371019,0.0,0.04,0.0,0.06,0.0,0.03,0.0,0.05,0.0,0.06,0.0,0.02,0.0,0.05,0.0,0.06,0.0,0.02,0.0,0.05,0.0,0.06,0.0,0.02,0.0,0.05,0.0,0.06,0.0,0.02,0.0,0.0,818,472
460,-2.5,-77.5,15559.425375702258,1.2319178266519981,1.143874802563694,1.4091597607362494,True,10000,sam,115.4541438145248,17.713323060952877,176.7347025635623,15.819782251570592,0.5615792524831852,0.06318928313573238,0.40782930531357553,0.9941757998766424,1.2247428906940452,0.0,0.06,0.0,0.12,0.0,0.09,0.0,0.06,0.0,0.12,0.0,0.09,0.0,0.06,0.0,0.12,0.0,0.09,0.0,0.06,0.0,0.12,0.0,0.09,0.0,0.06,0.0,0.12,0.0,0.09,0.0,0.0,29,18
461,-2.5,-72.5,15884.558256750783,1.221149042898896,1.0477621504814636,1.2794737472461284,True,5461,sam,495.1457953110961,51.82168346946291,177.70397043230375,8.952396619816582,0.9249148753825197,0.3190277299369169,0.8597102223204245,1.1147575356619888,1.3612850977379696,0.0,0.01,0.0,0.05,0.0,0.04,0.0,0.01,0.0,0.05,0.0,0.04,0.0,0.01,0.0,0.05,0.0,0.04,0.0,0.01,0.0,0.05,0.0,0.04,0.0,0.01,0.0,0.05,0.0,0.04,0.0,0.0,526,618
462,-2.5,-67.5,16166.721474067137,1.113811506863452,0.990383914969177,1.1031010007051438,False,0,,,,,,0.0,0.0,0.5,1.0,1.1031010007051438,0.0,0.01,0.0,0.03,0.0,0.02,0.0,0.02,0.0,0.04,0.0,0.02,0.0,0.02,0.0,0.04,0.0,0.02,0.0,0.02,0.0,0.04,0.0,0.02,0.0,0.02,0.0,0.04,0.0,0.02,0.0,0.0,818,762
463,-2.5,97.5,5236.920627524683,0.949687050981698,1.0,0.949687050981698,True,2526,sum,15.21787332109037,8.071828584624006,141.7722654940356,6.621561207153344,0.9882483970775345,0.5773293083215798,0.2676809356730068,0.8658753952821805,0.8223106506631461,0.0,0.03,0.0,0.03,0.0,0.01,0.0,0.04,0.0,0.04,0.0,0.01,0.0,0.04,0.0,0.04,0.0,0.01,0.0,0.04,0.0,0.04,0.0,0.01,0.0,0.04,0.0,0.04,0.0,0.01,0.0,0.0,913,762
464,-2.5,102.5,4902.57558228389,0.863684528497658,1.0776419250158888,0.9307426578966564,True,8458,sum,82.9733919088622,26.06087428846682,143.16305191518572,16.030008613832216,0.9671601118535967,0.0940777429758071,0.5897972205276044,1.0084479198327378,0.8709808661551822,0.0,0.02,0.01,0.05,0.01,0.04,0.0,0.04,0.01,0.07,0.01,0.04,0.0,0.04,0.01,0.07,0.01,0.04,0.0,0.04,0.01,0.07,0.01,0.04,0.0,0.04,0.01,0.07,0.01,0.04,0.0,0.0,526,339
465,-2.5,107.5,4603.673618997901,0.819968543142187,1.1484777766888763,0.9417156493827559,True,2069,sum,456.4295915429947,64.34775188747439,128.116890049022,24.777362537801647,0.9629496455295309,0.045879639454835794,0.7993761072805755,1.013735267863425,0.8312310307218274,0.0,0.06,0.0,0.11,0.0,0.05,0.0,0.11,0.0,0.15,0.0,0.06,0.0,0.11,0.0,0.15,0.0,0.06,0.0,0.11,0.0,0.15,0.0,0.06,0.0,0.11,0.0,0.15,0.0,0.06,0.0,0.0,240,3
466,-2.5,112.5,4347.749320341812,0.9987581431743435,1.192792429049307,1.1913111516297008,False,0,,,,,,0.0,0.0,0.5,1.0,1.1913111516297008,0.0,0.01,0.01,0.07,0.01,0.06,0.0,0.01,0.01,0.07,0.01,0.06,0.0,0.01,0.01,0.07,0.01,0.06,0.0,0.0,0.01,0.07,0.01,0.07,0.0,0.0,0.01,0.07,0.01,0.07,0.0,0.0,135,339
467,-2.5,117.5,4142.954181357413,0.9349751870895289,1.2016355337132618,1.1234994079469829,True,6,sul,47.588444753265385,24.714590635423214,25.76611076314899,11.822384906706313,0.999627592314446,0.21364806932131908,0.05299622466736019,0.9044985064208408,0.8456836602630251,0.0,0.0,0.01,0.05,0.01,0.05,0.0,0.01,0.01,0.06,0.01,0.05,0.0,0.0,0.01,0.05,0.01,0.05,0.0,0.02,0.01,0.07,0.01,0.05,0.0,0.0,0.01,0.05,0.01,0.05,-0.020000000000000004,-0.02,366,618
468,-2.5,122.5,3997.292108889098,0.9200532121711406,1.1475053829800512,1.0557660135944709,True,2776,"hal,sul,sum",383.2297763471354,47.93584471224913,150.46282162749685,14.919655450989014,0.4999007869776955,0.059150396639504804,0.7701646938733525,1.0159803488005992,0.934755983416747,0.0,0.02,0.01,0.05,0.01,0.04,0.0,0.06,0.01,0.09,0.01,0.08,0.0,0.06,0.01,0.09,0.01,0.08,0.0,0.06,0.01,0.09,0.01,0.08,0.0,0.06,0.01,0.09,0.01,0.08,0.0,0.0,66,146
469,-2.5,127.5,3917.458907435214,1.0128219685339381,1.0507311436255384,1.064203585286734,True,6225,"hal,sum",72.09171738102025,22.899225773105183,116.76185882211799,11.080418668887772,0.8401006083076358,0.1491289655939337,0.4905500175300949,0.9985907338893822,1.011394632857594,0.0,0.0,0.0,0.02,0.0,0.02,0.0,0.03,0.0,0.05,0.0,0.04,0.0,0.03,0.0,0.05,0.0,0.04,0.0,0.03,0.0,0.05,0.0,0.04,0.0,0.03,0.0,0.05,0.0,0.04,0.0,0.0,526,618
470,-2.5,132.5,3907.54108712689,1.1472016300063856,0.91820622660748,1.0533676798461138,True,5083,"png,sum",56.75718954116635,20.436043727265883,115.16768062056597,9.699885894494004,0.8378829096828065,0.22860907785128476,0.4904057440451034,0.9978066659934819,1.1446854336589596,0.0,0.05,0.01,0.07,0.01,0.05,0.0,0.03,0.01,0.1,0.01,0.07,0.0,0.03,0.01,0.1,0.01,0.07,0.0,0.03,0.01,0.1,0.01,0.07,0.0,0.03,0.01,0.1,0.01,0.07,0.0,0.0,135,83
471,-2.5,137.5,3968.0688997894476,1.2838758916477508,0.9290936325194685,1.1928409158751805,True,8951,png,32.296983435607125,10.042586421782481,107.42518682535355,10.328104207042793,0.9334217241978927,0.22595765684745717,0.2853731456588282,0.9515034188965283,1.2216123003416637,0.0,0.02,0.01,0.07,0.01,0.07,0.0,0.03,0.01,0.1,0.01,0.08,0.0,0.04,0.01,0.11,0.01,0.08,0.0,0.03,0.01,0.1,0.01,0.08,0.0,0.03,0.01,0.1,0.01,0.08,0.0,0.0,66,83
472,-2.5,142.5,4095.884843662805,1.2041682850132505,1.0,1.2041682850132505,True,4233,"png,sol",31.517034806054337,11.776066605508504,108.23151637530069,10.923870483823077,0.9132288599682113,0.1966492164837631,0.2928026631446537,0.9592548060498738,1.1551042146917947,0.0,0.03,0.01,0.06,0.01,0.05,0.0,0.02,0.01,0.07,0.01,0.05,0.0,0.02,0.01,0.07,0.01,0.05,0.0,0.02,0.01,0.07,0.01,0.05,0.0,0.02,0.01,0.07,0.01,0.05,0.0,0.0,366,339
473,-2.5,147.5,4284.897419332571,1.0287870857867143,1.0,1.0287870857867143,True,1196,sol,358.4600083789792,71.93204882778672,95.08721586364948,16.568237075304157,0.883268334066947,0.09157867115073969,0.8737151549147633,1.034224337275987,1.0639966419958584,0.0,0.02,0.02,0.06,0.02,0.05,0.0,0.02,0.02,0.07,0.02,0.05,0.0,0.02,0.02,0.07,0.02,0.05,0.0,0.02,0.02,0.07,0.02,0.05,0.0,0.02,0.02,0.07,0.02,0.05,0.0,0.0,366,339
474,-2.5,152.5,4527.33873191166,0.939718844368369,0.9317808480453936,0.8756120217297962,True,2765,sol,226.09511568064923,63.14325717879487,76.0534840971916,12.279535151963021,0.5743777779633462,0.10829715767018787,0.7247640150400402,1.0243413039753757,0.9625928264105283,0.0,0.02,0.0,0.05,0.0,0.03,0.01,0.03,0.01,0.06,0.01,0.04,0.01,0.03,0.01,0.06,0.01,0.04,0.01,0.03,0.01,0.06,0.01,0.04,0.01,0.03,0.01,0.06,0.01,0.04,0.0,0.0,526,472
475,-2.5,157.5,4815.0027245310275,0.8698339994294317,0.9447607259640675,0.8217850007691782,False,0,,,,,,0.0,0.0,0.5,1.0,0.8217850007691782,0.0,0.0,0.0,0.04,0.0,0.04,0.0,0.01,0.0,0.05,0.0,0.05,0.0,0.01,0.0,0.05,0.0,0.05,0.0,0.01,0.0,0.05,0.0,0.05,0.0,0.01,0.0,0.05,0.0,0.05,0.0,0.0,366,618
476,-2.5,162.5,5140.129864332038,0.8520289284235866,0.9804340365239147,0.8353581615294826,False,0,,,,,,0.0,0.0,0.5,1.0,0.8353581615294826,0.0,0.01,0.0,0.04,0.0,0.03,0.0,0.01,0.0,0.05,0.0,0.04,0.0,0.01,0.0,0.04,0.0,0.03,0.0,0.01,0.0,0.04,0.0,0.03,0.0,0.01,0.0,0.04,0.0,0.03,0.0,0.0,665,762
477,-2.5,167.5,5495.87382113281,1.0303697079240532,1.009659929272795,1.04032300642743,False,0,,,,,,0.0,0.0,0.5,1.0,1.04032300642743,0.0,0.01,0.01,0.03,0.01,0.03,0.0,0.01,0.01,0.04,0.01,0.04,0.0,0.01,0.01,0.04,0.01,0.04,0.0,0.01,0.01,0.04,0.01,0.04,0.0,0.01,0.01,0.04,0.01,0.04,0.0,0.0,526,762
478,-2.5,172.5,5876.446714561942,0.9499612949742973,1.016778070346317,0.9658998124076543,False,0,,,,,,0.0,0.0,0.5,1.0,0.9658998124076543,0.0,0.02,0.0,0.05,0.0,0.03,0.0,0.04,0.0,0.07,0.0,0.04,0.0,0.03,0.0,0.06,0.0,0.03,0.0,0.04,0.0,0.07,0.0,0.04,0.0,0.04,0.0,0.07,0.0,0.04,0.0,0.0,526,339
479,-2.5,177.5,6277.074912690104,0.5988614676579438,1.0,0.5988614676579438,False,0,,,,,,0.0,0.0,0.5,1.0,0.5988614676579438,0.0,0.02,0.01,0.05,0.01,0.04,0.0,0.01,0.01,0.05,0.01,0.04,0.0,0.01,0.01,0.05,0.01,0.04,0.0,0.01,0.01,0.05,0.01,0.04,0.0,0.01,0.01,0.05,0.01,0.04,0.0,0.0,526,618
480,2.5,-177.5,6343.080783084895,0.89514631014627,1.0,0.89514631014627,False,0,,,,,,0.0,0.0,0.5,1.0,0.89514631014627,0.0,0.03,0.01,0.07,0.01,0.06,0.01,0.02,0.02,0.07,0.02,0.06,0.01,0.02,0.02,0.07,0.02,0.06,0.01,0.02,0.02,0.07,0.02,0.06,0.01,0.02,0.02,0.07,0.02,0.06,0.0,0.0,240,339
481,2.5,-172.5,6786.181615312242,1.0053585941894896,1.0,1.0053585941894896,False,0,,,,,,0.0,0.0,0.5,1.0,1.0053585941894896,0.0,0.0,0.0,0.04,0.0,0.04,0.0,0.0,0.0,0.04,0.0,0.04,0.0,0.0,0.0,0.04,0.0,0.04,0.0,0.0,0.0,0.04,0.0,0.04,0.0,0.0,0.0,0.04,0.0,0.04,0.0,0.0,526,762
482,2.5,-167.5,7237.471565057112,1.0,1.0,1.0,False,0,,,,,,0.0,0.0,0.5,1.0,1.0,0.0,0.05,0.0,0.07,0.0,0.03,0.01,0.05,0.01,0.07,0.01,0.03,0.01,0.05,0.01,0.07,0.01,0.03,0.01,0.05,0.01,0.07,0.01,0.03,0.01,0.05,0.01,0.07,0.01,0.03,0.0,0.0,665,339
483,2.5,-162.5,7694.993412649133,1.0,1.0,1.0,False,0,,,,,,0.0,0.0,0.5,1.0,1.0,0.0,0.02,0.0,0.03,0.0,0.02,0.0,0.03,0.0,0.04,0.0,0.03,0.0,0.03,0.0,0.04,0.0,0.03,0.0,0.03,0.0,0.04,0.0,0.03,0.0,0.03,0.0,0.04,0.0,0.03,0.0,0.0,665,762
484,2.5,-157.5,8157.124299842386,1.0,1.0,1.0,False,0,,,,,,0.0,0.0,0.5,1.0,1.0,0.0,0.03,0.0,0.06,0.0,0.04,0.0,0.04,0.0,0.08,0.0,0.04,0.0,0.04,0.0,0.08,0.0,0.04,0.0,0.04,0.0,0.08,0.0,0.04,0.0,0.04,0.0,0.08,0.0,0.04,0.0,0.0,526,221
485,2.5,-152.5,8622.481888548395,1.0,1.0,1.0,False,0,,,,,,0.0,0.0,0.5,1.0,1.0,0.0,0.01,0.01,0.05,0.01,0.04,0.0,0.02,0.01,0.06,0.01,0.04,0.0,0.02,0.01,0.06,0.01,0.04,0.0,0.02,0.01,0.06,0.01,0.04,0.0,0.02,0.01,0.06,0.01,0.04,0.0,0.0,526,472
486,2.5,-147.5,9089.85079957734,1.0236061316939695,1.0,1.0236061316939695,False,0,,,,,,0.0,0.0,0.5,1.0,1.0236061316939695,0.0,0.02,0.0,0.05,0.0,0.03,0.0,0.03,0.0,0.05,0.0,0.02,0.0,0.03,0.0,0.05,0.0,0.02,0.0,0.03,0.0,0.05,0.0,0.02,0.0,0.03,0.0,0.05,0.0,0.02,0.0,0.0,818,618
487,2.5,-142.5,9558.123232694285,1.0627178544455191,1.0,1.0627178544455191,False,0,,,,,,0.0,0.0,0.5,1.0,1.0627178544455191,0.0,0.04,0.0,0.05,0.0,0.04,0.0,0.02,0.0,0.05,0.0,0.04,0.0,0.02,0.0,0.05,0.0,0.04,0.0,0.02,0.0,0.05,0.0,0.04,0.0,0.02,0.0,0.05,0.0,0.04,0.0,0.0,526,618
488,2.5,-137.5,10026.248882707898,1.0506498597894256,1.0,1.0506498597894256,False,0,,,,,,0.0,0.0,0.5,1.0,1.0506498597894256,0.0,0.03,0.01,0.08,0.01,0.06,0.0,0.04,0.01,0.09,0.01,0.07,0.0,0.04,0.01,0.09,0.01,0.07,0.0,0.04,0.01,0.09,0.01,0.07,0.0,0.04,0.01,0.09,0.01,0.07,0.0,0.0,135,146
489,2.5,-132.5,10493.190180239959,1.0120654455610316,1.0,1.0120654455610316,False,0,,,,,,0.0,0.0,0.5,1.0,1.0120654455610316,0.0,0.04,0.0,0.06,0.0,0.04,0.0,0.05,0.0,0.07,0.0,0.04,0.0,0.05,0.0,0.07,0.0,0.04,0.0,0.05,0.0,0.07,0.0,0.04,0.0,0.05,0.0,0.07,0.0,0.04,0.0,0.0,526,339
490,2.5,-127.5,10957.879476976506,0.9945377214807575,1.0,0.9945377214807575,False,0,,,,,,0.0,0.0,0.5,1.0,0.9945377214807575,0.01,0.05,0.01,0.09,0.01,0.06,0.01,0.04,0.01,0.09,0.01,0.05,0.01,0.04,0.01,0.09,0.01,0.05,0.01,0.04,0.01,0.09,0.01,0.05,0.01,0.04,0.01,0.09,0.01,0.05,0.0,0.0,366,146
491,2.5,-122.5,11419.17509121368,0.9927204033625153,1.0,0.9927204033625153,False,0,,,,,,0.0,0.0,0.5,1.0,0.9927204033625153,0.0,0.04,0.02,0.09,0.02,0.07,0.0,0.04,0.02,0.09,0.02,0.07,0.0,0.04,0.02,0.09,0.02,0.07,0.0,0.04,0.02,0.09,0.02,0.07,0.0,0.04,0.02,0.09,0.02,0.07,0.0,0.0,135,146
492,2.5,-117.5,11875.813169749776,1.0260377986221052,1.0,1.0260377986221052,False,0,,,,,,0.0,0.0,0.5,1.0,1.0260377986221052,0.0,0.05,0.0,0.08,0.0,0.06,0.0,0.06,0.0,0.08,0.0,0.04,0.0,0.06,0.0,0.08,0.0,0.04,0.0,0.06,0.0,0.08,0.0,0.04,0.0,0.06,0.0,0.08,0.0,0.04,0.0,0.0,526,221
493,2.5,-112.5,12326.352153102642,1.0966522651086215,1.0,1.0966522651086215,False,0,,,,,,0.0,0.0,0.5,1.0,1.0966522651086215,0.0,0.01,0.03,0.06,0.03,0.05,0.01,0.01,0.04,0.06,0.04,0.05,0.01,0.01,0.04,0.06,0.04,0.05,0.01,0.01,0.04,0.06,0.04,0.05,0.01,0.01,0.04,0.06,0.04,0.05,0.0,0.0,366,472
494,2.5,-107.5,12769.10632545204,0.9966307318630682,1.0,0.9966307318630682,False,0,,,,,,0.0,0.0,0.5,1.0,0.9966307318630682,0.01,0.05,0.02,0.11,0.01,0.07,0.01,0.05,0.02,0.11,0.01,0.06,0.01,0.05,0.02,0.11,0.01,0.06,0.01,0.05,0.02,0.11,0.01,0.06,0.01,0.05,0.02,0.11,0.01,0.06,0.0,0.0,240,40
495,2.5,-102.5,13202.064635942854,0.7451997708921358,1.0,0.7451997708921358,False,0,,,,,,0.0,0.0,0.5,1.0,0.7451997708921358,0.0,0.03,0.0,0.05,0.0,0.03,0.0,0.02,0.0,0.05,0.0,0.03,0.0,0.02,0.0,0.05,0.0,0.03,0.0,0.02,0.0,0.05,0.0,0.03,0.0,0.02,0.0,0.05,0.0,0.03,0.0,0.0,665,618
496,2.5,-97.5,13622.791011831518,1.1553759324594037,1.1137324896547256,1.2867797137451618,False,0,,,,,,0.0,0.0,0.5,1.0,1.2867797137451618,0.01,0.03,0.01,0.06,0.01,0.05,0.01,0.03,0.01,0.06,0.01,0.05,0.01,0.02,0.01,0.06,0.01,0.05,0.01,0.02,0.01,0.06,0.01,0.05,0.01,0.02,0.01,0.06,0.01,0.05,0.0,0.0,366,472
497,2.5,-92.5,14028.303410370785,1.0808639290003361,1.199041627022267,1.2960008440182431,False,0,,,,,,0.0,0.0,0.5,1.0,1.2960008440182431,0.01,0.01,0.01,0.04,0.01,0.03,0.01,0.01,0.01,0.04,0.01,0.03,0.01,0.01,0.01,0.04,0.01,0.03,0.01,0.01,0.01,0.04,0.01,0.03,0.01,0.01,0.01,0.04,0.01,0.03,0.0,0.0,665,762
498,2.5,-87.5,14414.932173767993,0.8471170276182954,1.2631077603808532,1.0700000915354304,False,0,,,,,,0.0,0.0,0.5,1.0,1.0700000915354304,0.01,0.03,0.01,0.05,0.0,0.03,0.01,0.04,0.01,0.05,0.0,0.02,0.01,0.04,0.01,0.05,0.0,0.02,0.01,0.04,0.01,0.05,0.0,0.02,0.01,0.04,0.01,0.05,0.0,0.02,0.0,0.0,818,618
499,2.5,-82.5,14778.16616849589,0.9225254104489157,1.2564023420434038,1.1590630862825702,True,447,sam,12.305345013102542,11.408810565574518,25.72795291463132,6.881027211887274,0.9874600719122094,0.4867897909465641,0.1516294267617571,0.8304167614814211,0.7660805637293073,0.01,0.02,0.03,0.07,0.03,0.05,0.01,0.02,0.03,0.07,0.03,0.05,0.01,0.02,0.03,0.07,0.03,0.05,0.01,0.02,0.03,0.07,0.03,0.05,0.01,0.02,0.03,0.07,0.03,0.05,0.0,0.0,366,339
500,2.5,-77.5,15112.511213736687,1.1186261338642303,1.1845173125166253,1.3250320217957208,True,8485,sam,86.93027596753151,23.994638043772984,28.24158349066394,13.503149659911136,0.9363116786741231,0.12949652307545942,0.2182055944395372,0.9635086042578042,1.0778059049258282,0.0,0.02,0.0,0.05,0.0,0.04,0.0,0.03,0.0,0.06,0.0,0.05,0.0,0.03,0.0,0.06,0.0,0.05,0.0,0.03,0.0,0.06,0.0,0.05,0.0,0.03,0.0,0.06,0.0,0.05,0.0,0.0,366,472
501,2.5,-72.5,15411.41317702267,1.1358148480966455,1.0721303000464062,1.2177415138870198,True,5658,sam,433.77836502931933,48.20214635533715,19.74946205250448,8.617941302658581,0.9166946657557224,0.3423147830304787,0.4376319233618468,0.9786504853775824,1.1115657523888471,0.0,0.02,0.01,0.06,0.01,0.05,0.0,0.02,0.01,0.06,0.01,0.05,0.0,0.02,0.01,0.06,0.01,0.05,0.0,0.02,0.01,0.06,0.01,0.05,0.0,0.02,0.01,0.06,0.01,0.05,0.0,0.0,366,472
502,2.5,-67.5,15667.33747567876,0.9583246064793485,0.9694158681959276,0.9290150804036983,False,0,,,,,,0.0,0.0,0.5,1.0,0.9290150804036983,0.0,0.05,0.0,0.1,0.0,0.08,0.0,0.04,0.0,0.1,0.0,0.08,0.0,0.04,0.0,0.1,0.0,0.08,0.0,0.04,0.0,0.1,0.0,0.08,0.0,0.04,0.0,0.1,0.0,0.08,0.0,0.0,66,83
503,2.5,97.5,4814.821566057045,1.0657380721872503,1.0,1.0657380721872503,True,7781,sum,43.18961731446793,16.605394991254034,137.73176028996207,11.733519141280807,0.9019798266294081,0.16461592592024699,0.4758919695980608,0.9960314342532713,1.0615086205789832,0.0,0.04,0.02,0.08,0.02,0.07,0.0,0.01,0.02,0.08,0.02,0.07,0.0,0.01,0.02,0.08,0.02,0.07,0.0,0.01,0.02,0.08,0.02,0.07,0.0,0.01,0.02,0.08,0.02,0.07,0.0,0.0,135,221
504,2.5,102.5,4455.661420318321,1.0037314358978462,1.0,1.0037314358978462,True,662,sum,207.42776554676254,54.74714975034831,151.98751317797377,19.809051023640265,0.9814079800073281,0.0736307094843309,0.9615391270851241,1.0339834533820564,1.0378416963577852,0.02,0.03,0.02,0.06,0.02,0.05,0.0,0.03,0.02,0.07,0.02,0.05,0.0,0.03,0.02,0.07,0.02,0.05,0.0,0.03,0.02,0.07,0.02,0.05,0.0,0.03,0.02,0.07,0.02,0.05,0.0,0.0,366,339
505,2.5,107.5,4130.528539269793,0.9829230686776637,1.087798847856754,1.0692225816393877,False,0,,,,,,0.0,0.0,0.5,1.0,1.0692225816393877,0.01,0.01,0.02,0.05,0.02,0.04,0.01,0.0,0.02,0.05,0.02,0.05,0.01,0.0,0.02,0.05,0.02,0.05,0.01,0.0,0.02,0.05,0.02,0.05,0.01,0.0,0.02,0.05,0.02,0.05,0.0,0.0,366,618
506,2.5,112.5,3848.365321953435,0.9167027026051005,1.1522587380470495,1.0562786992680728,False,0,,,,,,0.0,0.0,0.5,1.0,1.0562786992680728,0.0,0.03,0.0,0.06,0.0,0.04,0.0,0.02,0.0,0.06,0.0,0.04,0.0,0.02,0.0,0.06,0.0,0.04,0.0,0.02,0.0,0.06,0.0,0.04,0.0,0.02,0.0,0.06,0.0,0.04,0.0,0.0,526,472
507,2.5,117.5,3619.4914054111505,0.9181176274268317,1.1684773373376913,1.0727996406585028,True,463,sul,13.466402266464044,11.655919676748248,25.51048865845913,8.75538697100907,0.9237120735047786,0.325341567737636,0.038470643012127645,0.8498453154406225,0.7802579646921517,0.0,0.0,0.01,0.03,0.01,0.03,0.0,0.03,0.01,0.06,0.01,0.05,0.0,0.03,0.01,0.06,0.01,0.05,0.01,0.03,0.02,0.06,0.02,0.05,0.0,0.02,0.01,0.05,0.01,0.03,-0.009999999999999995,-0.009999999999999998,665,618
508,2.5,122.5,3454.7133387758868,0.8392527252643539,1.1173724618635599,0.937757883754333,True,11958,"hal,sul",226.88608199114736,37.24505337347094,58.2775107512654,14.427753554158691,0.5715432817163151,0.07184054565676729,0.5208569588027484,1.0014983753011302,0.8405102408192962,0.01,0.04,0.02,0.08,0.01,0.04,0.01,0.05,0.02,0.09,0.01,0.05,0.01,0.05,0.02,0.09,0.01,0.05,0.01,0.05,0.02,0.09,0.01,0.05,0.01,0.05,0.02,0.09,0.01,0.05,0.0,0.0,366,146
509,2.5,127.5,3363.601209908749,0.8656314449876443,0.9523016256786282,0.8243422323002737,True,8630,"hal,phi",52.32637645355542,27.461332525678177,174.33137989056598,14.125488137800694,0.6565669605479189,0.07748842259775572,0.3045907427539642,0.9848580448950056,0.85252409251017,0.01,0.05,0.02,0.08,0.02,0.06,0.0,0.01,0.02,0.09,0.02,0.08,0.0,0.01,0.02,0.09,0.02,0.08,0.0,0.01,0.02,0.09,0.02,0.08,0.0,0.01,0.02,0.09,0.02,0.08,0.0,0.0,66,146
510,2.5,132.5,3352.2393890388084,0.9765185397634006,0.8542684603258781,0.8342089894433551,True,123,png,7.237512380822374,4.382306697821259,82.52518600711251,6.671403914690192,0.9717339600275815,0.5398250936424038,0.15093652904060217,0.8115667791022005,0.7925100060493672,0.0,0.02,0.0,0.05,0.0,0.03,0.0,0.03,0.0,0.06,0.0,0.03,0.0,0.03,0.0,0.06,0.0,0.04,0.0,0.03,0.0,0.06,0.0,0.03,0.0,0.03,0.0,0.06,0.0,0.03,0.0,0.0,665,472
511,2.5,137.5,3421.4311272484115,1.2177318137852995,0.8737332829066518,1.0639728153585013,True,40,png,7.434297394752749,4.132873982190999,103.85625023874252,6.210653138160748,0.993460473556931,0.5542141952768004,0.1277361010147175,0.7936860627932676,0.9664967688213588,0.0,0.02,0.01,0.07,0.01,0.06,0.0,0.03,0.02,0.09,0.02,0.07,0.02,0.01,0.04,0.09,0.04,0.09,0.01,0.03,0.03,0.09,0.03,0.07,0.0,0.03,0.02,0.09,0.02,0.07,0.0,0.0,135,146
512,2.5,142.5,3566.4400284921644,1.1492809454666364,1.0,1.1492809454666364,False,0,,,,,,0.0,0.0,0.5,1.0,1.1492809454666364,0.0,0.02,0.0,0.05,0.0,0.05,0.0,0.0,0.0,0.05,0.0,0.05,0.0,0.0,0.0,0.05,0.0,0.05,0.0,0.0,0.0,0.05,0.0,0.05,0.0,0.0,0.0,0.05,0.0,0.05,0.0,0.0,366,618
513,2.5,147.5,3778.44197440286,0.9543789190072712,1.0,0.9543789190072712,False,0,,,,,,0.0,0.0,0.5,1.0,0.9543789190072712,0.0,0.03,0.0,0.05,0.0,0.04,0.0,0.04,0.0,0.08,0.0,0.07,0.0,0.04,0.0,0.08,0.0,0.07,0.0,0.04,0.0,0.08,0.0,0.07,0.0,0.04,0.0,0.08,0.0,0.07,0.0,0.0,135,221
514,2.5,152.5,4046.7686686951097,0.8229855994473922,1.0,0.8229855994473922,False,0,,,,,,0.0,0.0,0.5,1.0,0.8229855994473922,0.0,0.03,0.0,0.05,0.0,0.04,0.0,0.03,0.0,0.06,0.0,0.05,0.0,0.02,0.0,0.05,0.0,0.04,0.0,0.02,0.0,0.05,0.0,0.04,0.0,0.02,0.0,0.05,0.0,0.04,0.0,0.0,526,618
515,2.5,157.5,4360.839399166698,0.9249076045049875,0.9870819304839313,0.9129595837740516,False,0,,,,,,0.0,0.0,0.5,1.0,0.9129595837740516,0.0,0.01,0.01,0.07,0.01,0.07,0.0,0.03,0.01,0.09,0.01,0.08,0.0,0.03,0.01,0.09,0.01,0.08,0.0,0.03,0.01,0.09,0.01,0.08,0.0,0.03,0.01,0.09,0.01,0.08,0.0,0.0,66,146
516,2.5,162.5,4711.279722466802,0.9438246913323383,1.004154933361611,0.9477462200298673,False,0,,,,,,0.0,0.0,0.5,1.0,0.9477462200298673,0.0,0.01,0.01,0.09,0.01,0.08,0.02,0.01,0.03,0.09,0.03,0.08,0.02,0.01,0.03,0.09,0.03,0.08,0.02,0.01,0.03,0.09,0.03,0.08,0.02,0.01,0.03,0.09,0.03,0.08,0.0,0.0,66,146
517,2.5,167.5,5090.312109890029,1.0350808220170586,1.0137513371918263,1.049314567421408,False,0,,,,,,0.0,0.0,0.5,1.0,1.049314567421408,0.0,0.01,0.0,0.04,0.0,0.03,0.0,0.01,0.0,0.04,0.0,0.03,0.0,0.01,0.0,0.04,0.0,0.03,0.0,0.01,0.0,0.04,0.0,0.03,0.0,0.01,0.0,0.04,0.0,0.03,0.0,0.0,665,762
518,2.5,172.5,5491.712439032942,0.7174743132983106,1.0,0.7174743132983106,False,0,,,,,,0.0,0.0,0.5,1.0,0.7174743132983106,0.0,0.01,0.01,0.04,0.01,0.03,0.0,0.02,0.01,0.05,0.01,0.04,0.0,0.01,0.01,0.04,0.01,0.03,0.0,0.01,0.01,0.04,0.01,0.03,0.0,0.01,0.01,0.04,0.01,0.03,0.0,0.0,665,762
519,2.5,177.5,5910.582199226598,0.7723134710800911,1.0,0.7723134710800911,False,0,,,,,,0.0,0.0,0.5,1.0,0.7723134710800911,0.0,0.06,0.0,0.09,0.0,0.08,0.0,0.03,0.0,0.1,0.0,0.09,0.0,0.04,0.0,0.1,0.0,0.09,0.0,0.04,0.0,0.1,0.0,0.09,0.0,0.04,0.0,0.1,0.0,0.09,0.0,0.0,29,83
520,7.5,-177.5,6011.917313753169,1.0196231816971366,1.0,1.0196231816971366,False,0,,,,,,0.0,0.0,0.5,1.0,1.0196231816971366,0.0,0.01,0.0,0.04,0.0,0.04,0.0,0.01,0.0,0.04,0.0,0.04,0.0,0.01,0.0,0.04,0.0,0.04,0.0,0.01,0.0,0.04,0.0,0.04,0.0,0.01,0.0,0.04,0.0,0.04,0.0,0.0,526,762
521,7.5,-172.5,6466.165497442265,1.0,1.0,1.0,False,0,,,,,,0.0,0.0,0.5,1.0,1.0,0.0,0.06,0.0,0.12,0.0,0.06,0.0,0.07,0.0,0.14,0.0,0.07,0.0,0.07,0.0,0.14,0.0,0.07,0.0,0.07,0.0,0.14,0.0,0.07,0.0,0.07,0.0,0.14,0.0,0.07,0.0,0.0,135,6
522,7.5,-167.5,6926.167608909516,1.0,1.0,1.0,False,0,,,,,,0.0,0.0,0.5,1.0,1.0,0.0,0.02,0.0,0.03,0.0,0.02,0.0,0.02,0.0,0.04,0.0,0.02,0.0,0.02,0.0,0.04,0.0,0.02,0.0,0.02,0.0,0.04,0.0,0.02,0.0,0.02,0.0,0.04,0.0,0.02,0.0,0.0,818,762
523,7.5,-162.5,7390.20559401568,1.0,1.0,1.0,False,0,,,,,,0.0,0.0,0.5,1.0,1.0,0.0,0.03,0.01,0.05,0.01,0.04,0.0,0.03,0.01,0.06,0.01,0.05,0.0,0.03,0.01,0.06,0.01,0.05,0.0,0.03,0.01,0.06,0.01,0.05,0.0,0.03,0.01,0.06,0.01,0.05,0.0,0.0,366,472
524,7.5,-157.5,7856.853238302779,1.0,1.0,1.0,False,0,,,,,,0.0,0.0,0.5,1.0,1.0,0.0,0.03,0.0,0.05,0.0,0.03,0.0,0.02,0.0,0.05,0.0,0.03,0.0,0.02,0.0,0.05,0.0,0.03,0.0,0.02,0.0,0.05,0.0,0.03,0.0,0.02,0.0,0.05,0.0,0.03,0.0,0.0,665,618
525,7.5,-152.5,8324.882668042232,1.0,1.0,1.0,False,0,,,,,,0.0,0.0,0.5,1.0,1.0,0.0,0.04,0.0,0.07,0.0,0.05,0.0,0.05,0.0,0.07,0.0,0.04,0.0,0.04,0.0,0.07,0.0,0.05,0.0,0.04,0.0,0.07,0.0,0.05,0.0,0.04,0.0,0.07,0.0,0.05,0.0,0.0,366,339
526,7.5,-147.5,8793.19346607226,1.0126150035625023,1.0,1.0126150035625023,False,0,,,,,,0.0,0.0,0.5,1.0,1.0126150035625023,0.0,0.03,0.01,0.06,0.01,0.05,0.0,0.05,0.01,0.08,0.01,0.05,0.0,0.05,0.01,0.08,0.01,0.04,0.0,0.05,0.01,0.08,0.01,0.05,0.0,0.05,0.01,0.08,0.01,0.05,0.0,0.0,366,221
527,7.5,-142.5,9260.756606275467,1.0326057085559186,1.0,1.0326057085559186,False,0,,,,,,0.0,0.0,0.5,1.0,1.0326057085559186,0.0,0.02,0.0,0.03,0.0,0.02,0.0,0.01,0.0,0.03,0.0,0.02,0.0,0.01,0.0,0.03,0.0,0.02,0.0,0.01,0.0,0.03,0.0,0.02,0.0,0.01,0.0,0.03,0.0,0.02,0.0,0.0,818,868
528,7.5,-137.5,9726.567570479461,1.0247860519128922,1.0,1.0247860519128922,False,0,,,,,,0.0,0.0,0.5,1.0,1.0247860519128922,0.0,0.02,0.0,0.07,0.0,0.05,0.0,0.02,0.0,0.07,0.0,0.05,0.0,0.02,0.0,0.07,0.0,0.05,0.0,0.02,0.0,0.07,0.0,0.05,0.0,0.02,0.0,0.07,0.0,0.05,0.0,0.0,366,339
529,7.5,-132.5,10189.60443552821,1.005359433371237,1.0,1.005359433371237,False,0,,,,,,0.0,0.0,0.5,1.0,1.005359433371237,0.0,0.05,0.02,0.1,0.02,0.06,0.01,0.06,0.03,0.11,0.03,0.06,0.01,0.06,0.03,0.11,0.03,0.06,0.01,0.06,0.03,0.11,0.03,0.06,0.01,0.06,0.03,0.11,0.03,0.06,0.0,0.0,240,40
530,7.5,-127.5,10648.787608824538,1.0,1.0,1.0,False,0,,,,,,0.0,0.0,0.5,1.0,1.0,0.0,0.01,0.0,0.03,0.0,0.02,0.0,0.01,0.0,0.03,0.0,0.02,0.0,0.01,0.0,0.03,0.0,0.02,0.0,0.01,0.0,0.03,0.0,0.02,0.0,0.01,0.0,0.03,0.0,0.02,0.0,0.0,818,868
531,7.5,-122.5,11102.938408158294,1.0,1.0,1.0,False,0,,,,,,0.0,0.0,0.5,1.0,1.0,0.02,0.03,0.02,0.1,0.02,0.09,0.01,0.02,0.02,0.1,0.02,0.1,0.01,0.02,0.02,0.1,0.02,0.1,0.01,0.02,0.02,0.1,0.02,0.1,0.01,0.02,0.02,0.1,0.02,0.1,0.0,0.0,13,83
532,7.5,-117.5,11550.73395247483,1.0054244049566905,1.0,1.0054244049566905,False,0,,,,,,0.0,0.0,0.5,1.0,1.0054244049566905,0.0,0.01,0.01,0.04,0.01,0.03,0.0,0.01,0.01,0.04,0.01,0.03,0.0,0.01,0.01,0.04,0.01,0.03,0.0,0.01,0.01,0.04,0.01,0.03,0.0,0.01,0.01,0.04,0.01,0.03,0.0,0.0,665,762
533,7.5,-112.5,11990.655970623635,1.0131291106479496,1.0,1.0131291106479496,False,0,,,,,,0.0,0.0,0.5,1.0,1.0131291106479496,0.0,0.04,0.0,0.07,0.0,0.04,0.0,0.04,0.0,0.07,0.0,0.04,0.0,0.04,0.0,0.07,0.0,0.04,0.0,0.04,0.0,0.07,0.0,0.04,0.0,0.04,0.0,0.07,0.0,0.04,0.0,0.0,526,339
534,7.5,-107.5,12420.93128571694,0.9691922391621265,1.0,0.9691922391621265,False,0,,,,,,0.0,0.0,0.5,1.0,0.9691922391621265,0.0,0.02,0.0,0.04,0.0,0.02,0.0,0.02,0.0,0.04,0.0,0.02,0.0,0.02,0.0,0.04,0.0,0.02,0.0,0.02,0.0,0.04,0.0,0.02,0.0,0.02,0.0,0.04,0.0,0.02,0.0,0.0,818,762
535,7.5,-102.5,12839.462108441481,1.2012765217223609,1.0,1.2012765217223609,False,0,,,,,,0.0,0.0,0.5,1.0,1.2012765217223609,0.0,0.01,0.01,0.07,0.01,0.07,0.0,0.01,0.01,0.07,0.01,0.07,0.0,0.01,0.01,0.07,0.01,0.07,0.0,0.01,0.01,0.07,0.01,0.07,0.0,0.01,0.01,0.07,0.01,0.07,0.0,0.0,135,339
536,7.5,-97.5,13243.74523534187,1.1224135985650596,1.1543047326091755,1.2956073287685437,False,0,,,,,,0.0,0.0,0.5,1.0,1.2956073287685437,0.0,0.01,0.0,0.03,0.0,0.03,0.0,0.01,0.0,0.03,0.0,0.03,0.0,0.01,0.0,0.03,0.0,0.03,0.0,0.01,0.0,0.03,0.0,0.03,0.0,0.01,0.0,0.03,0.0,0.03,0.0,0.0,665,868
537,7.5,-92.5,13630.781404053942,1.089621718608189,1.2560578391685486,1.368627901386122,False,0,,,,,,0.0,0.0,0.5,1.0,1.368627901386122,0.0,0.02,0.0,0.1,0.0,0.1,0.01,0.02,0.01,0.1,0.01,0.1,0.01,0.02,0.01,0.1,0.01,0.1,0.01,0.02,0.01,0.1,0.01,0.1,0.01,0.02,0.01,0.1,0.01,0.1,0.0,0.0,13,83
538,7.5,-87.5,13996.980354400743,1.0070017249387904,1.3132714569974617,1.3224666225093225,True,361,cam,11.635295117093788,11.569878970760806,120.84807082063712,9.78942714432796,0.9457068876063358,0.29077486351104836,0.3632471104051716,0.9602356971933224,0.9669590034214776,0.0,0.01,0.01,0.06,0.01,0.06,0.0,0.01,0.01,0.06,0.01,0.06,0.0,0.01,0.01,0.06,0.01,0.06,0.0,0.01,0.01,0.06,0.01,0.06,0.0,0.01,0.01,0.06,0.01,0.06,0.0,0.0,240,472
539,7.5,-82.5,14338.074861401019,0.8616397122310873,1.2874435014544152,1.1093124481069656,True,1466,cam,21.846180268958072,20.435551346770055,125.94836400244182,11.595634810137266,0.9565763646063936,0.18196636412246922,0.5815758977873341,1.0148440695203873,0.8744299520209721,0.0,0.01,0.0,0.03,0.0,0.02,0.0,0.01,0.0,0.03,0.0,0.02,0.0,0.01,0.0,0.03,0.0,0.02,0.0,0.01,0.0,0.03,0.0,0.02,0.0,0.01,0.0,0.03,0.0,0.02,0.0,0.0,818,868
540,7.5,-77.5,14649.069354563275,0.9832475202640462,1.1873079024326256,1.1674175508567852,True,4389,sam,34.34996984405544,11.624977469501015,3.2946422418724652,10.032425948297611,0.7771557860755881,0.18875087684753097,0.22643576234592377,0.9483645102686667,0.9324770530280931,0.0,0.02,0.0,0.05,0.0,0.03,0.0,0.02,0.0,0.05,0.0,0.03,0.0,0.02,0.0,0.05,0.0,0.03,0.0,0.02,0.0,0.05,0.0,0.03,0.0,0.02,0.0,0.05,0.0,0.03,0.0,0.0,665,618
541,7.5,-72.5,14924.265518651799,1.0663405081271196,1.0503814524625306,1.1200642917461967,True,5583,sam,128.6298753387987,28.459140749255397,17.51757050350864,18.608794794832292,0.8205405954983159,0.06792241177436019,0.2729759266769891,0.9845799774090619,1.0498975134021669,0.0,0.04,0.01,0.11,0.01,0.1,0.0,0.04,0.01,0.12,0.01,0.1,0.0,0.04,0.01,0.12,0.01,0.1,0.0,0.04,0.01,0.12,0.01,0.1,0.0,0.04,0.01,0.12,0.01,0.1,0.0,0.0,13,18
542,7.5,-67.5,15157.4239701637,0.9183556723155476,0.9854778596387661,0.9050191823406459,False,0,,,,,,0.0,0.0,0.5,1.0,0.9050191823406459,0.01,0.04,0.02,0.1,0.02,0.08,0.01,0.04,0.02,0.1,0.02,0.07,0.01,0.04,0.02,0.1,0.02,0.07,0.01,0.04,0.02,0.1,0.02,0.07,0.01,0.04,0.02,0.1,0.02,0.07,0.0,0.0,135,83
543,7.5,97.5,4416.159435845815,1.1540444093764102,1.0,1.1540444093764102,True,1490,sum,182.93567556415488,52.45906310614027,141.3155727296359,24.0623607906911,0.8996450141240278,0.04456206770651275,0.9499878073106359,1.0200523871364817,1.1771857546459183,0.0,0.02,0.01,0.07,0.01,0.05,0.0,0.03,0.01,0.08,0.01,0.06,0.0,0.03,0.01,0.08,0.01,0.06,0.0,0.03,0.01,0.08,0.01,0.06,0.0,0.03,0.01,0.08,0.01,0.06,0.0,0.0,240,221
544,7.5,102.5,4030.9940297575395,1.15564535903586,1.0,1.15564535903586,False,0,,,,,,0.0,0.0,0.5,1.0,1.15564535903586,0.0,0.0,0.0,0.0,0.0,0.0,0.0,0.02,0.0,0.02,0.0,0.02,0.0,0.01,0.0,0.02,0.0,0.02,0.0,0.01,0.0,0.02,0.0,0.02,0.0,0.01,0.0,0.02,0.0,0.02,0.0,0.0,818,918
545,7.5,107.5,3676.954128275424,1.2035472787807926,1.0,1.2035472787807926,False,0,,,,,,0.0,0.0,0.5,1.0,1.2035472787807926,0.0,0.04,0.01,0.1,0.01,0.08,0.01,0.03,0.02,0.11,0.01,0.09,0.01,0.03,0.02,0.11,0.01,0.09,0.01,0.03,0.02,0.11,0.01,0.09,0.01,0.03,0.02,0.11,0.01,0.09,0.0,0.0,29,40
546,7.5,112.5,3364.3079498699253,1.000585483603889,1.108252898585888,1.1089017624869724,False,0,,,,,,0.0,0.0,0.5,1.0,1.1089017624869724,0.01,0.02,0.01,0.09,0.01,0.07,0.0,0.02,0.01,0.1,0.01,0.08,0.0,0.02,0.01,0.1,0.01,0.08,0.0,0.02,0.01,0.1,0.01,0.08,0.0,0.02,0.01,0.1,0.01,0.08,0.0,0.0,66,83
547,7.5,117.5,3105.9435304162234,1.0849485747184966,1.1491393594881196,1.2467571102295614,False,0,,,,,,0.0,0.0,0.5,1.0,1.2467571102295614,0.0,0.02,0.0,0.05,0.0,0.04,0.0,0.01,0.0,0.05,0.0,0.04,0.0,0.01,0.0,0.05,0.0,0.04,0.01,0.01,0.01,0.06,0.01,0.05,0.01,0.01,0.01,0.06,0.01,0.05,0.0,0.0,366,472
548,7.5,122.5,2916.608745171606,0.9453522000956676,1.0848767490034592,1.0255906215030555,True,4868,"cot,hal",268.134843156616,42.565296571132166,175.6711382755825,13.760452100989184,0.6574350928646185,0.09321795701042747,0.3525011815266255,0.9862504614804601,0.9323540436059204,0.0,0.02,0.0,0.05,0.0,0.05,0.0,0.01,0.0,0.07,0.0,0.06,0.0,0.01,0.0,0.07,0.0,0.06,0.0,0.01,0.0,0.07,0.0,0.06,0.0,0.01,0.0,0.07,0.0,0.06,0.0,0.0,240,339
549,7.5,127.5,2810.488757068797,0.7405938954525739,0.9572951045160449,0.7089669105512166,True,4222,"cot,hal,phi",70.64761963581607,42.73274887767628,166.9794943364413,13.210281574989835,0.912899767905214,0.13675954023495443,0.435568878606337,0.9911884294613801,0.7340681001023223,0.0,0.04,0.01,0.09,0.01,0.07,0.01,0.03,0.02,0.12,0.02,0.11,0.0,0.04,0.01,0.11,0.01,0.09,0.0,0.04,0.01,0.11,0.01,0.09,0.0,0.04,0.01,0.11,0.01,0.09,0.0,0.0,29,40
550,7.5,132.5,2797.176180360788,0.9614106865010559,0.812493727550545,0.7811401523821714,False,0,,,,,,0.0,0.0,0.5,1.0,0.7811401523821714,0.03,0.03,0.03,0.07,0.02,0.05,0.02,0.03,0.04,0.1,0.04,0.08,0.01,0.03,0.03,0.1,0.03,0.08,0.01,0.03,0.03,0.09,0.03,0.07,0.01,0.03,0.03,0.09,0.03,0.07,0.0,0.0,135,146
551,7.5,137.5,2877.9716950542806,1.0087515927547244,0.8582595419796171,0.8657706799688789,False,0,,,,,,0.0,0.0,0.5,1.0,0.8657706799688789,0.0,0.03,0.0,0.07,0.0,0.06,0.0,0.0,0.0,0.07,0.0,0.07,0.0,0.0,0.0,0.07,0.0,0.07,0.0,0.0,0.0,0.07,0.0,0.07,0.0,0.0,0.0,0.07,0.0,0.07,0.0,0.0,135,339
552,7.5,142.5,3045.3216224935136,1.008341359752434,0.9776974218806218,0.9858527478055553,False,0,,,,,,0.0,0.0,0.5,1.0,0.9858527478055553,0.0,0.02,0.0,0.03,0.0,0.02,0.0,0.03,0.0,0.07,0.0,0.05,0.0,0.03,0.0,0.07,0.0,0.05,0.0,0.02,0.0,0.06,0.0,0.05,0.0,0.02,0.0,0.06,0.0,0.05,0.0,0.0,366,472
553,7.5,147.5,3285.8814608228,1.0069087904902474,1.0,1.0069087904902474,False,0,,,,,,0.0,0.0,0.5,1.0,1.0069087904902474,0.0,0.02,0.01,0.05,0.01,0.04,0.0,0.01,0.01,0.06,0.01,0.06,0.0,0.01,0.01,0.06,0.01,0.06,0.0,0.01,0.01,0.06,0.01,0.06,0.0,0.01,0.01,0.06,0.01,0.06,0.0,0.0,240,472
554,7.5,152.5,3584.733417474454,1.0083346078310182,1.0,1.0083346078310182,False,0,,,,,,0.0,0.0,0.5,1.0,1.0083346078310182,0.0,0.01,0.0,0.06,0.0,0.05,0.0,0.02,0.0,0.08,0.0,0.07,0.0,0.02,0.0,0.08,0.0,0.07,0.0,0.02,0.0,0.08,0.0,0.07,0.0,0.02,0.0,0.08,0.0,0.07,0.0,0.0,135,221
555,7.5,157.5,3928.332576523805,0.9416388317181621,1.0,0.9416388317181621,False,0,,,,,,0.0,0.0,0.5,1.0,0.9416388317181621,0.0,0.01,0.0,0.07,0.0,0.07,0.01,0.0,0.01,0.07,0.01,0.07,0.01,0.0,0.01,0.07,0.01,0.07,0.01,0.0,0.01,0.07,0.01,0.07,0.01,0.0,0.01,0.07,0.01,0.07,0.0,0.0,135,339
556,7.5,162.5,4305.668230557295,0.9728359595776391,1.0,0.9728359595776391,False,0,,,,,,0.0,0.0,0.5,1.0,0.9728359595776391,0.0,0.02,0.02,0.06,0.02,0.05,0.0,0.01,0.02,0.07,0.02,0.06,0.0,0.02,0.02,0.07,0.02,0.06,0.0,0.02,0.02,0.07,0.02,0.06,0.0,0.02,0.02,0.07,0.02,0.06,0.0,0.0,240,339
557,7.5,167.5,4708.280842969013,1.0121018872893734,1.0,1.0121018872893734,False,0,,,,,,0.0,0.0,0.5,1.0,1.0121018872893734,0.0,0.01,0.01,0.03,0.01,0.03,0.0,0.02,0.01,0.05,0.01,0.05,0.0,0.02,0.01,0.05,0.01,0.05,0.0,0.02,0.01,0.05,0.01,0.05,0.0,0.02,0.01,0.05,0.01,0.05,0.0,0.0,366,618
558,7.5,172.5,5129.824750167028,1.0430438028488522,1.0,1.0430438028488522,False,0,,,,,,0.0,0.0,0.5,1.0,1.0430438028488522,0.01,0.02,0.03,0.07,0.02,0.05,0.01,0.02,0.03,0.07,0.02,0.05,0.01,0.02,0.03,0.07,0.02,0.05,0.01,0.02,0.03,0.07,0.02,0.05,0.01,0.02,0.03,0.07,0.02,0.05,0.0,0.0,366,339
559,7.5,177.5,5565.55996654641,1.058148654212544,1.0,1.058148654212544,False,0,,,,,,0.0,0.0,0.5,1.0,1.058148654212544,0.0,0.0,0.0,0.01,0.0,0.01,0.0,0.02,0.0,0.03,0.0,0.03,0.0,0.02,0.0,0.03,0.0,0.03,0.0,0.02,0.0,0.03,0.0,0.03,0.0,0.02,0.0,0.03,0.0,0.03,0.0,0.0,665,868
560,12.5,-177.5,5704.307722245197,1.0095733462170826,1.0,1.0095733462170826,False,0,,,,,,0.0,0.0,0.5,1.0,1.0095733462170826,0.0,0.03,0.0,0.06,0.0,0.04,0.0,0.03,0.0,0.07,0.0,0.05,0.0,0.03,0.0,0.07,0.0,0.05,0.0,0.03,0.0,0.07,0.0,0.05,0.0,0.03,0.0,0.07,0.0,0.05,0.0,0.0,366,339
561,12.5,-172.5,6166.93801701438,1.0,1.0,1.0,False,0,,,,,,0.0,0.0,0.5,1.0,1.0,0.0,0.0,0.0,0.03,0.0,0.03,0.0,0.0,0.0,0.03,0.0,0.03,0.0,0.0,0.0,0.03,0.0,0.03,0.0,0.0,0.0,0.03,0.0,0.03,0.0,0.0,0.0,0.03,0.0,0.03,0.0,0.0,665,868
562,12.5,-167.5,6632.811458999361,1.0,1.0,1.0,False,0,,,,,,0.0,0.0,0.5,1.0,1.0,0.0,0.02,0.0,0.07,0.0,0.07,0.0,0.04,0.0,0.1,0.0,0.1,0.0,0.04,0.0,0.1,0.0,0.1,0.0,0.04,0.0,0.1,0.0,0.1,0.0,0.04,0.0,0.1,0.0,0.1,0.0,0.0,13,83
563,12.5,-162.5,7100.511824722128,1.211285174857335,1.0,1.211285174857335,False,0,,,,,,0.0,0.0,0.5,1.0,1.211285174857335,0.0,0.01,0.02,0.06,0.02,0.05,0.0,0.01,0.02,0.06,0.02,0.05,0.0,0.01,0.02,0.06,0.02,0.05,0.0,0.01,0.02,0.06,0.02,0.05,0.0,0.01,0.02,0.06,0.02,0.05,0.0,0.0,366,472
564,12.5,-157.5,7568.846843976788,1.252515895403427,1.0,1.252515895403427,False,0,,,,,,0.0,0.0,0.5,1.0,1.252515895403427,0.0,0.02,0.01,0.05,0.01,0.04,0.0,0.02,0.01,0.05,0.01,0.04,0.0,0.02,0.01,0.05,0.01,0.04,0.0,0.02,0.01,0.05,0.01,0.04,0.0,0.02,0.01,0.05,0.01,0.04,0.0,0.0,526,618
565,12.5,-152.5,8036.765016668053,1.2373085531138428,1.0,1.2373085531138428,False,0,,,,,,0.0,0.0,0.5,1.0,1.2373085531138428,0.0,0.04,0.01,0.08,0.01,0.06,0.0,0.02,0.01,0.08,0.01,0.07,0.0,0.02,0.01,0.08,0.01,0.07,0.0,0.02,0.01,0.08,0.01,0.07,0.0,0.02,0.01,0.08,0.01,0.07,0.0,0.0,135,221
566,12.5,-147.5,8503.294001962498,1.1620631263042218,1.0,1.1620631263042218,False,0,,,,,,0.0,0.0,0.5,1.0,1.1620631263042218,0.0,0.05,0.02,0.09,0.02,0.07,0.0,0.05,0.02,0.1,0.02,0.08,0.0,0.05,0.02,0.1,0.02,0.08,0.0,0.05,0.02,0.1,0.02,0.08,0.0,0.05,0.02,0.1,0.02,0.08,0.0,0.0,66,83
567,12.5,-142.5,8967.492328205231,1.004460188983074,1.0,1.004460188983074,False,0,,,,,,0.0,0.0,0.5,1.0,1.004460188983074,0.0,0.05,0.0,0.08,0.0,0.04,0.0,0.05,0.0,0.08,0.0,0.03,0.0,0.05,0.0,0.08,0.0,0.03,0.0,0.05,0.0,0.08,0.0,0.03,0.0,0.05,0.0,0.08,0.0,0.03,0.0,0.0,665,221
568,12.5,-137.5,9428.408891121542,1.0030516716984186,1.0,1.0030516716984186,False,0,,,,,,0.0,0.0,0.5,1.0,1.0030516716984186,0.0,0.03,0.0,0.06,0.0,0.03,0.0,0.04,0.0,0.07,0.0,0.03,0.0,0.04,0.0,0.07,0.0,0.03,0.0,0.04,0.0,0.07,0.0,0.03,0.0,0.04,0.0,0.07,0.0,0.03,0.0,0.0,665,339
569,12.5,-132.5,9885.046366562668,1.0,1.0,1.0,False,0,,,,,,0.0,0.0,0.5,1.0,1.0,0.0,0.03,0.0,0.06,0.0,0.03,0.0,0.03,0.0,0.06,0.0,0.03,0.0,0.03,0.0,0.06,0.0,0.03,0.0,0.03,0.0,0.06,0.0,0.03,0.0,0.03,0.0,0.06,0.0,0.03,0.0,0.0,665,472
570,12.5,-127.5,10336.325672696415,1.0,1.0,1.0,False,0,,,,,,0.0,0.0,0.5,1.0,1.0,0.0,0.01,0.01,0.04,0.01,0.03,0.0,0.01,0.01,0.04,0.01,0.03,0.0,0.01,0.01,0.04,0.01,0.03,0.0,0.01,0.01,0.04,0.01,0.03,0.0,0.01,0.01,0.04,0.01,0.03,0.0,0.0,665,762
571,12.5,-122.5,10781.049236563653,0.9961453457787817,1.0,0.9961453457787817,False,0,,,,,,0.0,0.0,0.5,1.0,0.9961453457787817,0.0,0.01,0.0,0.02,0.0,0.02,0.0,0.0,0.0,0.02,0.0,0.02,0.0,0.0,0.0,0.02,0.0,0.02,0.0,0.0,0.0,0.02,0.0,0.02,0.0,0.0,0.0,0.02,0.0,0.02,0.0,0.0,818,918
572,12.5,-117.5,11217.861232294928,0.9815439212016754,1.0,0.9815439212016754,False,0,,,,,,0.0,0.0,0.5,1.0,0.9815439212016754,0.0,0.03,0.0,0.04,0.0,0.02,0.0,0.04,0.0,0.05,0.0,0.03,0.0,0.04,0.0,0.05,0.0,0.03,0.0,0.04,0.0,0.05,0.0,0.03,0.0,0.04,0.0,0.05,0.0,0.03,0.0,0.0,665,618
573,12.5,-112.5,11645.203313556243,1.162123059962892,1.0,1.162123059962892,False,0,,,,,,0.0,0.0,0.5,1.0,1.162123059962892,0.0,0.01,0.03,0.06,0.03,0.05,0.0,0.02,0.03,0.07,0.03,0.05,0.0,0.02,0.03,0.07,0.03,0.05,0.0,0.02,0.03,0.07,0.03,0.05,0.0,0.02,0.03,0.07,0.03,0.05,0.0,0.0,366,339
574,12.5,-107.5,12061.264822471336,1.2735907183897397,1.0,1.2735907183897397,False,0,,,,,,0.0,0.0,0.5,1.0,1.2735907183897397,0.01,0.01,0.02,0.05,0.02,0.05,0.0,0.02,0.02,0.06,0.02,0.05,0.0,0.02,0.02,0.06,0.02,0.05,0.0,0.02,0.02,0.06,0.02,0.05,0.0,0.02,0.02,0.06,0.02,0.05,0.0,0.0,366,472
575,12.5,-102.5,12463.927233399347,1.239632972859037,1.0,1.239632972859037,False,0,,,,,,0.0,0.0,0.5,1.0,1.239632972859037,0.0,0.07,0.01,0.09,0.01,0.06,0.0,0.07,0.01,0.09,0.01,0.06,0.0,0.07,0.01,0.09,0.01,0.06,0.0,0.07,0.01,0.09,0.01,0.06,0.0,0.07,0.01,0.09,0.01,0.06,0.0,0.0,240,146
576,12.5,-97.5,12850.70398384657,1.1769862927529522,1.1512245752211665,1.3549755449156529,True,9,cam,7.870757015630254,6.813420238435717,124.96926788965725,9.14632561828144,0.9997391827190508,0.35639439039653437,0.2231379301226709,0.9013279113821466,1.0608505969724342,0.0,0.02,0.0,0.08,0.0,0.07,0.0,0.03,0.0,0.09,0.0,0.08,0.0,0.03,0.0,0.09,0.0,0.08,0.0,0.03,0.0,0.09,0.0,0.08,0.0,0.03,0.0,0.09,0.0,0.08,0.0,0.0,66,146
577,12.5,-92.5,13218.679272796333,1.1264818641890637,1.2495100327482684,1.4075503910132074,True,3096,cam,21.802048402967,15.656524060207587,116.32809764477719,9.941118895715269,0.9906379289051287,0.24219722517882464,0.45177797986650897,0.988320760531151,1.1133254127398842,0.0,0.03,0.0,0.07,0.0,0.04,0.0,0.03,0.0,0.07,0.0,0.04,0.0,0.03,0.0,0.07,0.0,0.04,0.0,0.03,0.0,0.07,0.0,0.04,0.0,0.03,0.0,0.07,0.0,0.04,0.0,0.0,526,339
578,12.5,-87.5,13564.453373448754,1.0656409361341532,1.2999436797949016,1.3852731998583148,True,5155,cam,36.71623340469934,22.748609388408212,122.47789584353072,12.712233701194654,0.9421994240081438,0.13619740327667246,0.5657695553251069,1.008957642649941,1.0751865668331915,0.0,0.01,0.02,0.06,0.02,0.05,0.0,0.01,0.02,0.06,0.02,0.05,0.0,0.01,0.02,0.06,0.02,0.05,0.0,0.02,0.02,0.06,0.02,0.04,0.0,0.02,0.02,0.06,0.02,0.04,0.0,0.0,526,472
579,12.5,-82.5,13884.107937119199,0.9442853073506153,1.2690365413519107,1.1983325604896509,True,773,cam,139.82834655634068,56.35970451768716,123.61885840220182,27.45317399533745,0.9725601003378698,0.03706447601692751,0.8767569447450894,1.0139642987427153,0.9574715894808161,0.0,0.01,0.0,0.06,0.0,0.06,0.0,0.01,0.0,0.06,0.0,0.06,0.0,0.01,0.0,0.06,0.0,0.06,0.0,0.01,0.0,0.06,0.0,0.06,0.0,0.01,0.0,0.06,0.0,0.06,0.0,0.0,240,472
580,12.5,-77.5,14173.212539678592,0.8448780678550976,1.1643616542209627,0.9837436247027722,False,0,,,,,,0.0,0.0,0.5,1.0,0.9837436247027722,0.0,0.02,0.0,0.04,0.0,0.02,0.0,0.02,0.0,0.04,0.0,0.02,0.0,0.02,0.0,0.04,0.0,0.02,0.0,0.02,0.0,0.04,0.0,0.02,0.0,0.02,0.0,0.04,0.0,0.02,0.0,0.0,818,762
581,12.5,-72.5,14426.901769228116,1.0407748639301386,1.043997965899596,1.0865668409024936,True,686,sam,108.22848498288084,24.319372229241512,176.8356414982885,14.81334274154837,0.9693880037956757,0.12903126027581216,0.4044377514603393,0.9876694826361372,1.027941571398576,0.0,0.02,0.01,0.05,0.01,0.05,0.0,0.02,0.01,0.05,0.01,0.05,0.0,0.02,0.01,0.05,0.01,0.05,0.0,0.02,0.01,0.05,0.01,0.05,0.0,0.02,0.01,0.05,0.01,0.05,0.0,0.0,366,618
582,12.5,-67.5,14640.05619706972,1.1264699558080982,1.0014129713611186,1.1280616255948155,False,0,,,,,,0.0,0.0,0.5,1.0,1.1280616255948155,0.0,0.06,0.0,0.08,0.0,0.04,0.0,0.06,0.0,0.08,0.0,0.04,0.0,0.06,0.0,0.08,0.0,0.04,0.0,0.06,0.0,0.08,0.0,0.04,0.0,0.06,0.0,0.08,0.0,0.04,0.0,0.0,526,221
583,12.5,97.5,4048.1191409713797,1.1571138705662338,1.0,1.1571138705662338,True,72,sum,89.11948176800949,40.488566560888685,36.28178780265307,11.314709644483154,0.9987888717136076,0.2291998428331208,0.5788981687676412,1.0180834478813645,1.1780384789374223,0.0,0.0,0.0,0.04,0.0,0.04,0.0,0.01,0.0,0.05,0.0,0.05,0.01,0.02,0.01,0.06,0.01,0.06,0.01,0.02,0.01,0.06,0.01,0.06,0.01,0.02,0.01,0.06,0.01,0.06,0.0,0.0,240,472
584,12.5,102.5,3636.5742331468678,1.199947895066309,1.0,1.199947895066309,False,0,,,,,,0.0,0.0,0.5,1.0,1.199947895066309,0.0,0.01,0.0,0.03,0.0,0.03,0.0,0.01,0.0,0.05,0.0,0.05,0.0,0.01,0.0,0.05,0.0,0.05,0.0,0.01,0.0,0.05,0.0,0.05,0.0,0.01,0.0,0.05,0.0,0.05,0.0,0.0,366,618
585,12.5,107.5,3251.2982280762117,1.191011633562792,1.0,1.191011633562792,False,0,,,,,,0.0,0.0,0.5,1.0,1.191011633562792,0.0,0.04,0.0,0.09,0.0,0.05,0.0,0.04,0.0,0.1,0.0,0.06,0.0,0.06,0.0,0.12,0.0,0.07,0.0,0.06,0.0,0.12,0.0,0.07,0.0,0.06,0.0,0.12,0.0,0.07,0.0,0.0,135,18
586,12.5,112.5,2903.352500906361,1.0338992687608142,1.0708653719119599,1.1071669249610525,False,0,,,,,,0.0,0.0,0.5,1.0,1.1071669249610525,0.01,0.04,0.01,0.09,0.01,0.08,0.0,0.03,0.01,0.09,0.01,0.07,0.0,0.02,0.01,0.09,0.01,0.08,0.0,0.02,0.01,0.09,0.01,0.08,0.0,0.02,0.01,0.09,0.01,0.08,0.0,0.0,66,146
587,12.5,117.5,2608.2309349513835,1.1404228598699193,1.1288864550704671,1.2874079195598773,True,3292,man,12.27291834220808,12.317474576690964,161.12266345861292,9.405845327624808,0.9141562957508474,0.2951729952108921,0.30885104109453493,0.9435779892684302,1.076077909031811,0.0,0.03,0.0,0.04,0.0,0.03,0.0,0.0,0.0,0.04,0.0,0.04,0.0,0.0,0.0,0.04,0.0,0.04,0.0,0.0,0.0,0.04,0.0,0.04,0.0,0.0,0.0,0.04,0.0,0.04,0.0,0.0,526,762
588,12.5,122.5,2386.031197272169,1.047456712797827,1.1060767046433733,1.1585674691480006,True,6461,"hal,man,phi",67.57591572640683,37.59095229456031,147.24137548077852,10.629691149043309,0.8059793106872053,0.17156600928788665,0.7336676586250778,1.0400894276899488,1.089448652943887,0.0,0.02,0.01,0.07,0.01,0.05,0.01,0.04,0.02,0.1,0.02,0.06,0.02,0.03,0.03,0.1,0.03,0.07,0.03,0.04,0.04,0.11,0.04,0.08,0.03,0.03,0.04,0.1,0.04,0.07,-0.009999999999999995,-0.010000000000000002,135,83
589,12.5,127.5,2258.6729238064236,0.849768060293707,1.0142002253195552,0.8618349582192391,True,1672,phi,34.10500114479106,26.26456067850563,152.70671316708916,9.393291570729492,0.9702228170403595,0.2953311123576875,0.45625914971333126,0.987081966029367,0.838790727623674,0.0,0.02,0.01,0.09,0.01,0.08,0.02,0.04,0.03,0.12,0.03,0.09,0.01,0.03,0.02,0.11,0.02,0.09,0.01,0.03,0.02,0.11,0.02,0.09,0.01,0.03,0.02,0.11,0.02,0.09,0.0,0.0,29,40
590,12.5,132.5,2242.5297725627834,0.9181017913627093,0.8711968119333754,0.7998473536655133,False,0,,,,,,0.0,0.0,0.5,1.0,0.7998473536655133,0.0,0.03,0.01,0.07,0.01,0.04,0.01,0.04,0.02,0.09,0.01,0.05,0.01,0.04,0.02,0.09,0.01,0.05,0.0,0.04,0.01,0.08,0.01,0.04,0.0,0.04,0.01,0.08,0.01,0.04,0.0,0.0,526,221
591,12.5,137.5,2339.9229027728124,1.0159428551605953,0.8930159282028768,0.9072531518023199,False,0,,,,,,0.0,0.0,0.5,1.0,0.9072531518023199,0.0,0.04,0.01,0.1,0.01,0.08,0.02,0.02,0.03,0.1,0.03,0.08,0.02,0.02,0.03,0.1,0.03,0.08,0.01,0.02,0.02,0.1,0.02,0.08,0.01,0.02,0.02,0.1,0.02,0.08,0.0,0.0,66,83
592,12.5,142.5,2537.7111125722604,0.9939170978641051,0.9952045155160236,0.989150783842939,True,4071,izu,50.90888784555401,23.363003064920207,76.86208518542014,11.301594142826831,0.9222741139013116,0.1508681767575505,0.5223005407456142,1.0033644419229983,0.997261074216144,0.0,0.03,0.01,0.08,0.01,0.07,0.0,0.03,0.02,0.1,0.02,0.07,0.0,0.02,0.02,0.1,0.02,0.08,0.0,0.02,0.02,0.1,0.02,0.08,0.0,0.02,0.02,0.1,0.02,0.08,0.0,0.0,66,83
593,12.5,147.5,2814.6070515510805,0.9981820685098167,1.0,0.9981820685098167,True,1820,izu,20.463731167636077,13.905183638126017,37.7213818210149,10.242789286689902,0.8865350064153044,0.20226639204781538,0.40015219203634594,0.9798041441293086,0.9780229273214839,0.0,0.01,0.02,0.07,0.02,0.07,0.01,0.02,0.03,0.09,0.03,0.08,0.01,0.02,0.03,0.09,0.03,0.08,0.01,0.02,0.03,0.09,0.03,0.08,0.01,0.02,0.03,0.09,0.03,0.08,0.0,0.0,66,146
594,12.5,152.5,3149.5337633852273,1.018908163634027,1.0,1.018908163634027,False,0,,,,,,0.0,0.0,0.5,1.0,1.018908163634027,0.0,0.01,0.0,0.05,0.0,0.04,0.0,0.02,0.0,0.06,0.0,0.05,0.0,0.02,0.0,0.06,0.0,0.05,0.0,0.02,0.0,0.06,0.0,0.05,0.0,0.02,0.0,0.06,0.0,0.05,0.0,0.0,366,472
595,12.5,157.5,3525.6451901129935,1.0476130553408447,1.0,1.0476130553408447,False,0,,,,,,0.0,0.0,0.5,1.0,1.0476130553408447,0.0,0.01,0.01,0.03,0.01,0.02,0.0,0.01,0.01,0.03,0.01,0.02,0.0,0.01,0.01,0.03,0.01,0.02,0.0,0.01,0.01,0.03,0.01,0.02,0.0,0.01,0.01,0.03,0.01,0.02,0.0,0.0,818,868
596,12.5,162.5,3930.734559430576,0.9973198269398945,1.0,0.9973198269398945,False,0,,,,,,0.0,0.0,0.5,1.0,0.9973198269398945,0.0,0.04,0.0,0.09,0.0,0.07,0.0,0.05,0.0,0.12,0.0,0.09,0.0,0.05,0.0,0.12,0.0,0.09,0.0,0.05,0.0,0.12,0.0,0.09,0.0,0.05,0.0,0.12,0.0,0.09,0.0,0.0,29,18
597,12.5,167.5,4356.272841487782,1.0636328028705926,1.0,1.0636328028705926,False,0,,,,,,0.0,0.0,0.5,1.0,1.0636328028705926,0.0,0.04,0.01,0.1,0.01,0.09,0.0,0.02,0.01,0.1,0.01,0.09,0.0,0.02,0.01,0.1,0.01,0.09,0.0,0.02,0.01,0.1,0.01,0.09,0.0,0.02,0.01,0.1,0.01,0.09,0.0,0.0,29,83
598,12.5,172.5,4796.3199283229105,1.0765985348561655,1.0,1.0765985348561655,False,0,,,,,,0.0,0.0,0.5,1.0,1.0765985348561655,0.0,0.01,0.0,0.02,0.0,0.01,0.0,0.03,0.0,0.04,0.0,0.02,0.0,0.04,0.0,0.05,0.0,0.02,0.0,0.04,0.0,0.05,0.0,0.02,0.0,0.04,0.0,0.05,0.0,0.02,0.0,0.0,818,618
599,12.5,177.5,5246.678189228734,1.042155321681546,1.0,1.042155321681546,False,0,,,,,,0.0,0.0,0.5,1.0,1.042155321681546,0.0,0.02,0.0,0.06,0.0,0.05,0.0,0.04,0.0,0.08,0.0,0.06,0.0,0.04,0.0,0.08,0.0,0.06,0.0,0.04,0.0,0.08,0.0,0.06,0.0,0.04,0.0,0.08,0.0,0.06,0.0,0.0,240,221
600,17.5,-177.5,5424.7106480545135,1.0044216541813384,1.0,1.0044216541813384,False,0,,,,,,0.0,0.0,0.5,1.0,1.0044216541813384,0.0,0.04,0.0,0.05,0.0,0.02,0.0,0.03,0.0,0.05,0.0,0.02,0.0,0.03,0.0,0.05,0.0,0.02,0.0,0.03,0.0,0.05,0.0,0.02,0.0,0.03,0.0,0.05,0.0,0.02,0.0,0.0,818,618
601,17.5,-172.5,5892.196309182138,1.0,1.0,1.0,False,0,,,,,,0.0,0.0,0.5,1.0,1.0,0.01,0.03,0.02,0.11,0.02,0.08,0.01,0.03,0.02,0.11,0.02,0.08,0.01,0.03,0.02,0.11,0.02,0.08,0.01,0.03,0.02,0.11,0.02,0.08,0.01,0.03,0.02,0.11,0.02,0.08,0.0,0.0,66,40
602,17.5,-167.5,6360.50547277251,1.0,1.0,1.0,False,0,,,,,,0.0,0.0,0.5,1.0,1.0,0.0,0.02,0.01,0.05,0.01,0.03,0.0,0.02,0.01,0.05,0.01,0.03,0.0,0.02,0.01,0.05,0.01,0.03,0.0,0.02,0.01,0.05,0.01,0.03,0.0,0.02,0.01,0.05,0.01,0.03,0.0,0.0,665,618
603,17.5,-162.5,6828.553740368972,1.2458654370409796,1.0,1.2458654370409796,False,0,,,,,,0.0,0.0,0.5,1.0,1.2458654370409796,0.0,0.02,0.0,0.05,0.0,0.04,0.0,0.06,0.0,0.07,0.0,0.03,0.0,0.06,0.0,0.07,0.0,0.03,0.0,0.06,0.0,0.07,0.0,0.03,0.0,0.06,0.0,0.07,0.0,0.03,0.0,0.0,665,339
604,17.5,-157.5,7295.394295883486,1.2307738678064564,1.0,1.2307738678064564,False,0,,,,,,0.0,0.0,0.5,1.0,1.2307738678064564,0.0,0.02,0.01,0.05,0.01,0.05,0.0,0.03,0.01,0.06,0.01,0.06,0.0,0.03,0.01,0.07,0.01,0.06,0.0,0.03,0.01,0.07,0.01,0.06,0.0,0.03,0.01,0.07,0.01,0.06,0.0,0.0,240,339
605,17.5,-152.5,7760.154373003125,1.2101591029623906,1.0,1.2101591029623906,False,0,,,,,,0.0,0.0,0.5,1.0,1.2101591029623906,0.0,0.02,0.0,0.04,0.0,0.03,0.0,0.01,0.0,0.04,0.0,0.03,0.0,0.01,0.0,0.04,0.0,0.03,0.0,0.01,0.0,0.04,0.0,0.03,0.0,0.01,0.0,0.04,0.0,0.03,0.0,0.0,665,762
606,17.5,-147.5,8221.988438311198,1.1831679180312182,1.0,1.1831679180312182,False,0,,,,,,0.0,0.0,0.5,1.0,1.1831679180312182,0.0,0.0,0.01,0.03,0.01,0.03,0.0,0.0,0.01,0.03,0.01,0.03,0.0,0.0,0.01,0.03,0.01,0.03,0.0,0.0,0.01,0.03,0.01,0.03,0.0,0.0,0.01,0.03,0.01,0.03,0.0,0.0,665,868
607,17.5,-142.5,8680.041075968895,1.0034607521588368,1.0,1.0034607521588368,False,0,,,,,,0.0,0.0,0.5,1.0,1.0034607521588368,0.0,0.01,0.01,0.07,0.01,0.07,0.0,0.01,0.01,0.08,0.01,0.07,0.0,0.01,0.01,0.08,0.01,0.07,0.0,0.01,0.01,0.08,0.01,0.07,0.0,0.01,0.01,0.08,0.01,0.07,0.0,0.0,135,221
608,17.5,-137.5,9133.415127025177,1.0,1.0,1.0,False,0,,,,,,0.0,0.0,0.5,1.0,1.0,0.0,0.02,0.0,0.08,0.0,0.06,0.0,0.02,0.0,0.08,0.0,0.06,0.0,0.02,0.0,0.08,0.0,0.06,0.0,0.02,0.0,0.08,0.0,0.06,0.0,0.02,0.0,0.08,0.0,0.06,0.0,0.0,240,221
609,17.5,-132.5,9581.14212242744,1.0,1.0,1.0,False,0,,,,,,0.0,0.0,0.5,1.0,1.0,0.0,0.05,0.0,0.08,0.0,0.04,0.0,0.05,0.0,0.08,0.0,0.04,0.0,0.05,0.0,0.08,0.0,0.04,0.0,0.05,0.0,0.08,0.0,0.04,0.0,0.05,0.0,0.08,0.0,0.04,0.0,0.0,526,221
610,17.5,-127.5,10022.152938786418,1.0,1.0,1.0,False,0,,,,,,0.0,0.0,0.5,1.0,1.0,0.01,0.03,0.01,0.06,0.01,0.04,0.01,0.02,0.01,0.06,0.01,0.04,0.01,0.02,0.01,0.06,0.01,0.04,0.01,0.02,0.01,0.06,0.01,0.04,0.01,0.02,0.01,0.06,0.01,0.04,0.0,0.0,526,472
611,17.5,-122.5,10455.247180262957,0.975039294107287,1.0,0.975039294107287,False,0,,,,,,0.0,0.0,0.5,1.0,0.975039294107287,0.0,0.02,0.02,0.06,0.02,0.05,0.0,0.03,0.02,0.07,0.02,0.06,0.0,0.03,0.02,0.07,0.02,0.06,0.0,0.03,0.02,0.07,0.02,0.06,0.0,0.03,0.02,0.07,0.02,0.06,0.0,0.0,240,339
612,17.5,-117.5,10879.060230215988,1.0489345934609846,1.0,1.0489345934609846,False,0,,,,,,0.0,0.0,0.5,1.0,1.0489345934609846,0.0,0.02,0.0,0.06,0.0,0.05,0.0,0.02,0.0,0.06,0.0,0.05,0.0,0.02,0.0,0.06,0.0,0.05,0.0,0.02,0.0,0.06,0.0,0.05,0.0,0.02,0.0,0.06,0.0,0.05,0.0,0.0,366,472
613,17.5,-112.5,11292.027365310134,1.2136935318773174,1.0,1.2136935318773174,False,0,,,,,,0.0,0.0,0.5,1.0,1.2136935318773174,0.0,0.04,0.02,0.13,0.02,0.09,0.0,0.05,0.02,0.13,0.02,0.08,0.0,0.05,0.02,0.13,0.02,0.08,0.0,0.05,0.02,0.13,0.02,0.08,0.0,0.05,0.02,0.13,0.02,0.08,0.0,0.0,66,11
614,17.5,-107.5,11692.344923966506,1.2281952452000244,1.0,1.2281952452000244,True,421,cam,11.41724021370362,12.070862023334426,142.5097897358981,7.497363024202462,0.9412959051872378,0.41949835071697816,0.3928593899232996,0.9550546907780133,1.1729936301195356,0.0,0.01,0.0,0.04,0.0,0.04,0.0,0.01,0.0,0.04,0.0,0.04,0.0,0.01,0.0,0.04,0.0,0.04,0.0,0.01,0.0,0.04,0.0,0.04,0.0,0.01,0.0,0.04,0.0,0.04,0.0,0.0,526,762
615,17.5,-102.5,12077.929434434502,1.1887910465703309,1.0,1.1887910465703309,True,5244,cam,34.508021101073,18.844737881436814,111.01211317138039,11.050905150735801,0.8266900537620251,0.16875299908381547,0.4345088273611807,0.9889481682036834,1.1756527278826683,0.0,0.03,0.01,0.05,0.01,0.04,0.0,0.04,0.01,0.06,0.01,0.04,0.0,0.04,0.01,0.06,0.01,0.04,0.0,0.04,0.01,0.06,0.01,0.04,0.0,0.04,0.01,0.06,0.01,0.04,0.0,0.0,526,472
616,17.5,-97.5,12446.37703242927,1.1437578513944275,1.1068221319447205,1.265936503508893,True,8134,cam,92.25169990075183,26.523704295790882,113.1879772494782,10.430219484542514,0.8557478050543343,0.20752777309807183,0.5326100218159843,1.0067674852081507,1.1514982157354456,0.0,0.01,0.0,0.01,0.0,0.0,0.0,0.01,0.0,0.01,0.0,0.0,0.0,0.01,0.0,0.01,0.0,0.0,0.0,0.01,0.0,0.01,0.0,0.0,0.0,0.01,0.0,0.01,0.0,0.0,0.0,0.0,954,950
617,17.5,-92.5,12794.927647573277,1.10194193895047,1.182540807354427,1.3030913101441917,True,4160,cam,133.24864736104436,35.45190643657063,126.53185146667616,16.25369659709012,0.9397817308424059,0.0939978138803699,0.7876106070909308,1.0270347683153536,1.1317326839669675,0.0,0.07,0.0,0.12,0.0,0.08,0.0,0.07,0.0,0.12,0.0,0.08,0.0,0.06,0.0,0.12,0.0,0.08,0.0,0.06,0.0,0.12,0.0,0.08,0.0,0.06,0.0,0.12,0.0,0.08,0.0,0.0,66,18
618,17.5,-87.5,13120.441469072559,1.0718978024565995,1.2250378359423737,1.3131153642728186,True,4,cam,288.1516728883105,68.82552595730807,114.66327091886755,21.090209276436127,0.9999925913374466,0.06717629683102246,0.810151984737321,1.020834861789445,1.0942306450231924,0.0,0.02,0.0,0.06,0.0,0.05,0.0,0.03,0.0,0.07,0.0,0.06,0.0,0.03,0.0,0.07,0.0,0.06,0.0,0.02,0.0,0.07,0.0,0.06,0.0,0.03,0.0,0.07,0.0,0.06,0.0,0.009999999999999998,240,339
619,17.5,-82.5,13419.399042453311,0.9772360928503179,1.2013647186383651,1.1740169637303774,False,0,,,,,,0.0,0.0,0.5,1.0,1.1740169637303774,0.0,0.03,0.0,0.06,0.0,0.04,0.0,0.03,0.0,0.06,0.0,0.04,0.0,0.03,0.0,0.06,0.0,0.04,0.0,0.03,0.0,0.06,0.0,0.04,0.0,0.03,0.0,0.06,0.0,0.04,0.0,0.0,526,472
620,17.5,-77.5,13687.940385460422,0.8050682576823524,1.1176074610453184,0.8997502914365519,False,0,,,,,,0.0,0.0,0.5,1.0,0.8997502914365519,0.0,0.05,0.0,0.11,0.0,0.11,0.0,0.05,0.0,0.11,0.0,0.09,0.0,0.06,0.0,0.11,0.0,0.08,0.0,0.06,0.0,0.11,0.0,0.08,0.0,0.06,0.0,0.11,0.0,0.08,0.0,0.0,66,40
621,17.5,-72.5,13921.961158316282,0.975333011613009,1.0495762638856816,1.023686378373152,True,1695,"car,mue",27.0851802286299,24.112301338742576,92.39157656240933,13.159852897534824,0.9225104188950506,0.13602069533277067,0.5909185364784456,1.012366802550436,0.9873947623885492,0.0,0.01,0.0,0.03,0.0,0.03,0.0,0.01,0.0,0.03,0.0,0.03,0.0,0.01,0.0,0.03,0.0,0.03,0.0,0.01,0.0,0.03,0.0,0.03,0.0,0.01,0.0,0.03,0.0,0.03,0.0,0.0,665,868
622,17.5,-67.5,14117.2823386035,1.1870856859141437,1.0082295714813239,1.1968548924208304,True,15366,"car,mue",28.79584098022863,27.67575851242742,90.93058258147414,15.812416401373586,0.9495471042654231,0.09613812366027072,0.6788027549297109,1.0171897613642296,1.2074914055739006,0.0,0.01,0.0,0.06,0.0,0.05,0.0,0.01,0.0,0.06,0.0,0.05,0.0,0.01,0.0,0.06,0.0,0.05,0.0,0.01,0.0,0.06,0.0,0.05,0.0,0.01,0.0,0.06,0.0,0.05,0.0,0.0,366,472
623,17.5,97.5,3720.0257347902802,1.1986744321756655,1.0,1.1986744321756655,True,1764,sum,50.266875368786245,24.447084563125888,177.6354391878157,9.723705289317936,0.8448726869356747,0.23162387670504686,0.6926727999195667,1.0446276208529859,1.2521684202609693,0.0,0.01,0.01,0.05,0.01,0.04,0.0,0.01,0.01,0.05,0.01,0.04,0.0,0.01,0.01,0.05,0.01,0.04,0.0,0.01,0.01,0.05,0.01,0.04,0.0,0.01,0.01,0.05,0.01,0.04,0.0,0.0,526,618
624,17.5,102.5,3283.4979760050996,1.1909912013444963,1.0,1.1909912013444963,False,0,,,,,,0.0,0.0,0.5,1.0,1.1909912013444963,0.0,0.02,0.0,0.05,0.0,0.04,0.0,0.04,0.0,0.08,0.0,0.05,0.0,0.04,0.0,0.08,0.0,0.05,0.0,0.04,0.0,0.08,0.0,0.05,0.0,0.04,0.0,0.08,0.0,0.05,0.0,0.0,366,221
625,17.5,107.5,2866.160172908948,1.0543642531912498,1.0,1.0543642531912498,False,0,,,,,,0.0,0.0,0.5,1.0,1.0543642531912498,0.0,0.01,0.0,0.06,0.0,0.05,0.0,0.04,0.0,0.09,0.0,0.07,0.0,0.04,0.0,0.09,0.0,0.07,0.0,0.04,0.0,0.09,0.0,0.07,0.0,0.04,0.0,0.09,0.0,0.07,0.0,0.0,135,146
626,17.5,112.5,2478.5149782225844,1.1125489764880645,0.9884475433054262,1.0996963026165938,False,0,,,,,,0.0,0.0,0.5,1.0,1.0996963026165938,0.0,0.03,0.01,0.1,0.01,0.07,0.0,0.03,0.01,0.12,0.01,0.1,0.01,0.01,0.02,0.12,0.02,0.11,0.01,0.01,0.02,0.12,0.02,0.11,0.01,0.01,0.02,0.12,0.02,0.11,0.0,0.0,5,18
627,17.5,117.5,2137.499539365347,1.0027020989059796,1.0530595053804948,1.055904976317915,True,6344,man,10.660676671562017,10.280394055629161,11.08587787226594,9.607091914598415,0.9556115384064467,0.2811309645032382,0.1802652828249927,0.9101126705754201,0.9125718850269001,0.0,0.03,0.01,0.1,0.01,0.1,0.01,0.01,0.02,0.11,0.02,0.1,0.01,0.01,0.02,0.11,0.02,0.1,0.01,0.01,0.02,0.11,0.02,0.1,0.0,0.01,0.01,0.11,0.01,0.1,0.0,0.0,13,40
628,17.5,122.5,1869.424791408537,0.8846319153728979,1.060486082323009,0.938139834231704,True,22740,"man,phi",46.9791881721356,29.49721123923135,16.79763972077337,12.257103906185383,0.7348646989686116,0.12352836548696483,0.24184983141143407,0.96811113162407,0.8564220046624247,0.0,0.04,0.0,0.04,0.0,0.04,0.0,0.03,0.0,0.08,0.0,0.08,0.0,0.03,0.0,0.07,0.0,0.06,0.0,0.04,0.0,0.08,0.0,0.07,0.0,0.03,0.0,0.07,0.0,0.06,-0.009999999999999995,-0.010000000000000002,240,339
629,17.5,127.5,1709.413835564508,0.9212503859449764,1.0736423470902636,0.9890934266237758,False,0,,,,,,0.0,0.0,0.5,1.0,0.9890934266237758,0.0,0.04,0.01,0.08,0.01,0.05,0.0,0.02,0.02,0.09,0.02,0.07,0.0,0.02,0.02,0.09,0.02,0.07,0.0,0.02,0.02,0.09,0.02,0.07,0.0,0.02,0.02,0.09,0.02,0.07,0.0,0.0,135,146
630,17.5,132.5,1688.7121747007516,0.9390299382192147,0.9928863247180715,0.9323499841587137,False,0,,,,,,0.0,0.0,0.5,1.0,0.9323499841587137,0.0,0.04,0.0,0.06,0.0,0.03,0.0,0.04,0.01,0.12,0.01,0.1,0.01,0.04,0.01,0.12,0.01,0.1,0.01,0.04,0.01,0.12,0.01,0.1,0.01,0.04,0.01,0.12,0.01,0.1,0.0,0.0,13,18
631,17.5,137.5,1812.1277422422468,0.9964708578331629,1.044517577215579,1.040831326189825,False,0,,,,,,0.0,0.0,0.5,1.0,1.040831326189825,0.0,0.01,0.01,0.05,0.01,0.04,0.02,0.03,0.03,0.08,0.03,0.05,0.02,0.03,0.03,0.08,0.03,0.05,0.02,0.03,0.03,0.08,0.03,0.05,0.02,0.03,0.03,0.08,0.03,0.05,0.0,0.0,366,221
632,17.5,142.5,2053.69521094594,0.9604618364715973,1.0,0.9604618364715973,True,257,izu,273.2204009800433,69.60164821903614,169.56149488197164,26.614272112526926,0.6277225059276114,0.02615269282556119,0.5388281789335788,1.0010154614366258,0.961437148427885,0.0,0.01,0.0,0.03,0.0,0.03,0.0,0.02,0.01,0.05,0.01,0.03,0.0,0.02,0.01,0.05,0.01,0.03,0.0,0.02,0.01,0.05,0.01,0.03,0.0,0.02,0.01,0.05,0.01,0.03,0.0,0.0,665,618
633,17.5,147.5,2377.393302895626,0.9540882113839888,1.0,0.9540882113839888,True,5334,izu,33.66086740910849,19.19050401480668,177.82660774792856,9.723423617188137,0.8700484382102214,0.18554535914561265,0.407421311734974,0.982822454036636,0.9376993172798366,0.0,0.02,0.01,0.06,0.01,0.05,0.02,0.0,0.03,0.06,0.03,0.06,0.01,0.0,0.02,0.06,0.02,0.06,0.01,0.0,0.02,0.06,0.02,0.06,0.01,0.0,0.02,0.06,0.02,0.06,0.0,0.0,240,472
634,17.5,152.5,2754.0429543275236,0.9983030938179154,1.0,0.9983030938179154,False,0,,,,,,0.0,0.0,0.5,1.0,0.9983030938179154,0.0,0.03,0.0,0.05,0.0,0.03,0.0,0.04,0.0,0.07,0.0,0.05,0.0,0.04,0.0,0.07,0.0,0.05,0.0,0.04,0.0,0.07,0.0,0.05,0.0,0.04,0.0,0.07,0.0,0.05,0.0,0.0,366,339
635,17.5,157.5,3164.346998640562,1.0613198937396957,1.0,1.0613198937396957,False,0,,,,,,0.0,0.0,0.5,1.0,1.0613198937396957,0.0,0.06,0.0,0.08,0.0,0.07,0.01,0.03,0.01,0.11,0.01,0.09,0.01,0.03,0.01,0.11,0.01,0.09,0.01,0.03,0.01,0.11,0.01,0.09,0.01,0.03,0.01,0.11,0.01,0.09,0.0,0.0,29,40
636,17.5,162.5,3596.29801030255,1.0176299945649767,1.0,1.0176299945649767,False,0,,,,,,0.0,0.0,0.5,1.0,1.0176299945649767,0.0,0.01,0.01,0.06,0.01,0.06,0.0,0.03,0.01,0.09,0.01,0.06,0.0,0.03,0.01,0.09,0.01,0.06,0.0,0.03,0.01,0.09,0.01,0.06,0.0,0.03,0.01,0.09,0.01,0.06,0.0,0.0,240,146
637,17.5,167.5,4042.4011317253376,1.0679188286064571,1.0,1.0679188286064571,False,0,,,,,,0.0,0.0,0.5,1.0,1.0679188286064571,0.01,0.0,0.02,0.02,0.02,0.02,0.0,0.0,0.02,0.02,0.02,0.02,0.0,0.0,0.02,0.02,0.02,0.02,0.0,0.0,0.02,0.02,0.02,0.02,0.0,0.0,0.02,0.02,0.02,0.02,0.0,0.0,818,918
638,17.5,172.5,4497.834160823479,1.0787736387685802,1.0,1.0787736387685802,False,0,,,,,,0.0,0.0,0.5,1.0,1.0787736387685802,0.0,0.01,0.0,0.02,0.0,0.02,0.0,0.01,0.0,0.02,0.0,0.02,0.0,0.01,0.0,0.02,0.0,0.02,0.0,0.01,0.0,0.02,0.0,0.02,0.0,0.01,0.0,0.02,0.0,0.02,0.0,0.0,818,918
639,17.5,177.5,4959.362271435183,1.0367061689973867,1.0,1.0367061689973867,False,0,,,,,,0.0,0.0,0.5,1.0,1.0367061689973867,0.02,0.0,0.03,0.05,0.03,0.05,0.0,0.0,0.03,0.05,0.03,0.05,0.0,0.0,0.03,0.05,0.03,0.05,0.0,0.0,0.03,0.05,0.03,0.05,0.0,0.0,0.03,0.05,0.03,0.05,0.0,0.0,366,618
640,22.5,-177.5,5178.056251149733,1.014567211594144,1.0,1.014567211594144,False,0,,,,,,0.0,0.0,0.5,1.0,1.014567211594144,0.0,0.01,0.01,0.04,0.01,0.04,0.0,0.03,0.01,0.07,0.01,0.06,0.0,0.03,0.01,0.07,0.01,0.06,0.0,0.03,0.01,0.07,0.01,0.06,0.0,0.03,0.01,0.07,0.01,0.06,0.0,0.0,240,339
641,22.5,-172.5,5645.978618713136,1.0,1.0,1.0,False,0,,,,,,0.0,0.0,0.5,1.0,1.0,0.0,0.01,0.01,0.03,0.01,0.03,0.0,0.01,0.01,0.04,0.01,0.03,0.0,0.01,0.01,0.04,0.01,0.03,0.0,0.01,0.01,0.04,0.01,0.03,0.0,0.01,0.01,0.04,0.01,0.03,0.0,0.0,665,762
642,22.5,-167.5,6112.608887510302,1.0033804844099021,1.0,1.0033804844099021,False,0,,,,,,0.0,0.0,0.5,1.0,1.0033804844099021,0.01,0.04,0.02,0.09,0.02,0.08,0.0,0.02,0.02,0.1,0.02,0.09,0.0,0.02,0.02,0.1,0.02,0.09,0.0,0.02,0.02,0.1,0.02,0.09,0.0,0.02,0.02,0.1,0.02,0.09,0.0,0.0,29,83
643,22.5,-162.5,6577.172119914504,1.211840998789711,1.0,1.211840998789711,False,0,,,,,,0.0,0.0,0.5,1.0,1.211840998789711,0.0,0.02,0.01,0.06,0.01,0.06,0.0,0.01,0.01,0.06,0.01,0.06,0.0,0.01,0.01,0.06,0.01,0.06,0.0,0.01,0.01,0.06,0.01,0.06,0.0,0.01,0.01,0.06,0.01,0.06,0.0,0.0,240,472
644,22.5,-157.5,7038.941351291494,1.1922786778927714,1.0,1.1922786778927714,False,0,,,,,,0.0,0.0,0.5,1.0,1.1922786778927714,0.0,0.03,0.0,0.07,0.0,0.06,0.0,0.03,0.0,0.08,0.0,0.05,0.0,0.03,0.0,0.08,0.0,0.05,0.0,0.03,0.0,0.08,0.0,0.05,0.0,0.03,0.0,0.08,0.0,0.05,0.0,0.0,366,221
645,22.5,-152.5,7497.19872625699,1.1670627241765348,1.0,1.1670627241765348,False,0,,,,,,0.0,0.0,0.5,1.0,1.1670627241765348,0.0,0.03,0.0,0.06,0.0,0.04,0.0,0.04,0.0,0.06,0.0,0.03,0.0,0.03,0.0,0.06,0.0,0.03,0.0,0.03,0.0,0.06,0.0,0.03,0.0,0.03,0.0,0.06,0.0,0.03,0.0,0.0,665,472
646,22.5,-147.5,7951.205837374581,1.1393443501794234,1.0,1.1393443501794234,False,0,,,,,,0.0,0.0,0.5,1.0,1.1393443501794234,0.0,0.03,0.0,0.08,0.0,0.07,0.0,0.02,0.0,0.08,0.0,0.08,0.0,0.04,0.0,0.1,0.0,0.08,0.0,0.04,0.0,0.1,0.0,0.08,0.0,0.04,0.0,0.1,0.0,0.08,0.0,0.0,66,83
647,22.5,-142.5,8400.178927386642,1.0247046816607572,1.0,1.0247046816607572,False,0,,,,,,0.0,0.0,0.5,1.0,1.0247046816607572,0.0,0.04,0.0,0.05,0.0,0.02,0.0,0.04,0.0,0.05,0.0,0.01,0.0,0.04,0.0,0.05,0.0,0.01,0.0,0.04,0.0,0.05,0.0,0.01,0.0,0.04,0.0,0.05,0.0,0.01,0.0,0.0,913,618
648,22.5,-137.5,8843.266304486056,1.0167201274526834,1.0,1.0167201274526834,False,0,,,,,,0.0,0.0,0.5,1.0,1.0167201274526834,0.0,0.01,0.0,0.03,0.0,0.02,0.0,0.0,0.0,0.03,0.0,0.03,0.0,0.0,0.0,0.03,0.0,0.03,0.0,0.0,0.0,0.03,0.0,0.03,0.0,0.0,0.0,0.03,0.0,0.03,0.0,0.0,665,868
649,22.5,-132.5,9279.52627182435,1.0040800993768648,1.0,1.0040800993768648,False,0,,,,,,0.0,0.0,0.5,1.0,1.0040800993768648,0.0,0.04,0.01,0.08,0.01,0.05,0.0,0.04,0.01,0.08,0.01,0.05,0.0,0.04,0.01,0.08,0.01,0.05,0.0,0.04,0.01,0.08,0.01,0.05,0.0,0.04,0.01,0.08,0.01,0.05,0.0,0.0,366,221
650,22.5,-127.5,9707.904453557216,1.001988379146774,1.0,1.001988379146774,False,0,,,,,,0.0,0.0,0.5,1.0,1.001988379146774,0.0,0.02,0.0,0.02,0.0,0.0,0.0,0.03,0.0,0.03,0.0,0.0,0.0,0.03,0.0,0.03,0.0,0.0,0.0,0.03,0.0,0.03,0.0,0.0,0.0,0.03,0.0,0.03,0.0,0.0,0.0,0.0,954,868
651,22.5,-122.5,10127.209812765743,1.0776705691953476,1.0,1.0776705691953476,False,0,,,,,,0.0,0.0,0.5,1.0,1.0776705691953476,0.0,0.02,0.0,0.04,0.0,0.03,0.0,0.04,0.0,0.06,0.0,0.03,0.0,0.04,0.0,0.06,0.0,0.03,0.0,0.04,0.0,0.06,0.0,0.03,0.0,0.04,0.0,0.06,0.0,0.03,0.0,0.0,665,472
652,22.5,-117.5,10536.089031119785,1.177393099126617,1.0,1.177393099126617,False,0,,,,,,0.0,0.0,0.5,1.0,1.177393099126617,0.0,0.0,0.01,0.03,0.01,0.03,0.0,0.01,0.01,0.04,0.01,0.03,0.0,0.01,0.01,0.04,0.01,0.03,0.0,0.01,0.01,0.04,0.01,0.03,0.0,0.01,0.01,0.04,0.01,0.03,0.0,0.0,665,762
653,22.5,-112.5,10932.999357693452,1.2056912191843743,1.0,1.2056912191843743,False,0,,,,,,0.0,0.0,0.5,1.0,1.2056912191843743,0.0,0.0,0.0,0.01,0.0,0.01,0.0,0.0,0.0,0.01,0.0,0.01,0.0,0.0,0.0,0.01,0.0,0.01,0.0,0.0,0.0,0.01,0.0,0.01,0.0,0.0,0.0,0.01,0.0,0.01,0.0,0.0,913,950
654,22.5,-107.5,11316.18063115471,1.1200179592922566,1.0,1.1200179592922566,True,674,cam,17.737128135832492,15.941382868160899,165.35469953696125,5.809886460621574,0.981322820489751,0.5470892464003181,0.47800073944998156,0.9879644411243261,1.1065379172013825,0.0,0.02,0.0,0.04,0.0,0.03,0.0,0.02,0.0,0.04,0.0,0.03,0.0,0.02,0.0,0.04,0.0,0.03,0.0,0.02,0.0,0.04,0.0,0.03,0.0,0.02,0.0,0.04,0.0,0.03,0.0,0.0,665,762
655,22.5,-102.5,11683.628035001135,1.0463683626739155,1.0,1.0463683626739155,True,1039,cam,160.17134850453758,49.07532219077637,141.55286610166593,14.526046701659519,0.5422971020486141,0.07231028672829243,0.8963349802883441,1.0286590960651023,1.076356334099271,0.0,0.02,0.0,0.05,0.0,0.03,0.0,0.03,0.0,0.06,0.0,0.04,0.0,0.03,0.0,0.06,0.0,0.04,0.0,0.03,0.0,0.06,0.0,0.04,0.0,0.03,0.0,0.06,0.0,0.04,0.0,0.0,526,472
656,22.5,-97.5,12033.06835479353,1.0383844189412132,1.0,1.0383844189412132,True,361,cam,321.6444885766054,68.01313850166659,106.47948122032273,9.383103935998578,0.9499773091951943,0.32232422135624783,0.939873739689475,1.1417819606404709,1.1856085977572146,0.0,0.07,0.02,0.13,0.02,0.07,0.0,0.07,0.02,0.13,0.02,0.07,0.0,0.07,0.02,0.13,0.02,0.07,0.0,0.07,0.02,0.13,0.02,0.07,0.0,0.07,0.02,0.13,0.02,0.07,0.0,0.0,135,11
657,22.5,-92.5,12361.944129144405,1.0327822256074137,1.0922776617332124,1.128084954466089,False,0,,,,,,0.0,0.0,0.5,1.0,1.128084954466089,0.0,0.01,0.02,0.04,0.02,0.03,0.0,0.01,0.02,0.04,0.02,0.03,0.0,0.01,0.02,0.04,0.02,0.03,0.0,0.01,0.02,0.04,0.02,0.03,0.0,0.01,0.02,0.04,0.02,0.03,0.0,0.0,665,762
658,22.5,-87.5,12667.4120781337,1.01394084769184,1.1170092175006174,1.132581272872175,False,0,,,,,,0.0,0.0,0.5,1.0,1.132581272872175,0.01,0.02,0.02,0.08,0.02,0.07,0.01,0.02,0.02,0.08,0.02,0.07,0.01,0.02,0.02,0.08,0.02,0.07,0.01,0.02,0.02,0.08,0.02,0.07,0.01,0.02,0.02,0.08,0.02,0.07,0.0,0.0,135,221
659,22.5,-82.5,12946.364288485815,0.8876455437983368,1.1086680199777763,0.9841042274849986,False,0,,,,,,0.0,0.0,0.5,1.0,0.9841042274849986,0.01,0.03,0.01,0.07,0.01,0.05,0.01,0.04,0.01,0.08,0.01,0.05,0.01,0.04,0.01,0.08,0.01,0.05,0.01,0.04,0.01,0.08,0.01,0.05,0.01,0.04,0.01,0.08,0.01,0.05,0.0,0.0,366,221
660,22.5,-77.5,13195.482194138642,0.7575191548718547,1.0732192251257564,0.8129841204094898,False,0,,,,,,0.0,0.0,0.5,1.0,0.8129841204094898,0.0,0.04,0.01,0.07,0.01,0.04,0.0,0.04,0.01,0.07,0.01,0.04,0.0,0.04,0.01,0.07,0.01,0.04,0.0,0.04,0.01,0.07,0.01,0.04,0.0,0.04,0.01,0.07,0.01,0.04,0.0,0.0,526,339
661,22.5,-72.5,13411.333278975892,0.9898595931836857,0.9989966777982766,0.9888664450772556,True,12,car,6.8893467653033404,4.133950826222037,99.2223328399415,6.09966052948026,0.9986450349360634,0.6273195395565456,0.13835297263553767,0.7731317533117321,0.7652918828105407,0.0,0.04,0.01,0.07,0.01,0.06,0.0,0.04,0.01,0.07,0.01,0.06,0.0,0.04,0.01,0.07,0.01,0.06,0.0,0.04,0.01,0.07,0.01,0.06,0.0,0.04,0.01,0.07,0.01,0.06,0.0,0.0,240,339
662,22.5,-67.5,13590.517101096802,1.203604139631778,1.0,1.203604139631778,False,0,,,,,,0.0,0.0,0.5,1.0,1.203604139631778,0.0,0.02,0.0,0.08,0.0,0.06,0.0,0.03,0.0,0.08,0.0,0.05,0.0,0.03,0.0,0.08,0.0,0.05,0.0,0.03,0.0,0.08,0.0,0.05,0.0,0.03,0.0,0.08,0.0,0.05,0.0,0.0,366,221
663,22.5,97.5,3443.508966668646,1.1439888652056784,1.0,1.1439888652056784,True,1384,sum,119.75325793463237,39.935381047359336,174.6533677475427,20.72854463768321,0.8431270843024032,0.05778516286203001,0.9365083609723845,1.025223706729427,1.1728445048433565,0.0,0.01,0.01,0.03,0.01,0.03,0.0,0.01,0.01,0.04,0.01,0.04,0.0,0.01,0.01,0.04,0.01,0.04,0.0,0.01,0.01,0.04,0.01,0.04,0.01,0.01,0.02,0.04,0.02,0.04,0.0,0.0,526,762
664,22.5,102.5,2986.6171267405202,1.0298577066898185,1.0,1.0298577066898185,False,0,,,,,,0.0,0.0,0.5,1.0,1.0298577066898185,0.0,0.01,0.0,0.04,0.0,0.04,0.01,0.0,0.01,0.04,0.01,0.04,0.01,0.0,0.01,0.04,0.01,0.04,0.01,0.0,0.01,0.04,0.01,0.04,0.01,0.0,0.01,0.04,0.01,0.04,0.0,0.0,526,762
665,22.5,107.5,2540.1542668246652,0.9926460169618022,1.0,0.9926460169618022,False,0,,,,,,0.0,0.0,0.5,1.0,0.9926460169618022,0.01,0.02,0.01,0.04,0.01,0.03,0.0,0.02,0.01,0.05,0.01,0.03,0.0,0.02,0.01,0.05,0.01,0.03,0.0,0.02,0.01,0.05,0.01,0.03,0.0,0.02,0.01,0.05,0.01,0.03,0.0,0.0,665,618
666,22.5,112.5,2111.791016896147,1.1580759734692754,0.9884710608924544,1.1447245860892366,False,0,,,,,,0.0,0.0,0.5,1.0,1.1447245860892366,0.0,0.01,0.01,0.04,0.01,0.04,0.0,0.02,0.01,0.06,0.01,0.04,0.0,0.01,0.01,0.06,0.01,0.06,0.0,0.01,0.01,0.06,0.01,0.06,0.0,0.01,0.01,0.06,0.01,0.06,0.0,0.0,240,472
667,22.5,117.5,1716.150376968876,1.088108042013568,0.9662707791651043,1.0514070055722664,False,0,,,,,,0.0,0.0,0.5,1.0,1.0514070055722664,0.0,0.02,0.0,0.04,0.0,0.03,0.02,0.02,0.02,0.07,0.02,0.06,0.0,0.02,0.02,0.07,0.02,0.06,0.01,0.02,0.02,0.07,0.02,0.06,0.01,0.02,0.02,0.07,0.02,0.06,0.0,0.0,240,339
668,22.5,122.5,1382.5654693321592,0.9741966030423315,0.9566476245207418,0.9319628661166225,True,15387,"man,ryu",26.111126983078943,20.32932473001374,5.166844337054023,10.888212938561743,0.6669852762668577,0.14397891969341817,0.3742552998003961,0.9818954139080883,0.9565591767721037,0.0,0.02,0.0,0.04,0.0,0.03,0.01,0.03,0.01,0.08,0.01,0.07,0.01,0.04,0.01,0.08,0.01,0.07,0.01,0.04,0.01,0.08,0.01,0.07,0.01,0.04,0.01,0.08,0.01,0.07,0.0,0.0,135,221
669,22.5,127.5,1166.3336525533591,0.8928139047708522,1.0837843425331302,0.9676177307865147,True,1252,ryu,12.377947246845153,7.0153345258294015,66.18406161432283,8.437773014743456,0.8810623999205429,0.3275617974842249,0.17379773220180622,0.8931485988165931,0.7974154880500579,0.0,0.03,0.0,0.04,0.0,0.01,0.01,0.02,0.01,0.07,0.01,0.05,0.0,0.03,0.0,0.07,0.0,0.04,0.01,0.03,0.01,0.07,0.01,0.04,0.0,0.04,0.0,0.07,0.0,0.03,0.0,0.010000000000000002,665,339
670,22.5,132.5,1136.9366375636712,0.949866934045389,1.1354549617986598,1.0785311233103172,False,0,,,,,,0.0,0.0,0.5,1.0,1.0785311233103172,0.0,0.03,0.0,0.06,0.0,0.04,0.01,0.02,0.04,0.09,0.04,0.08,0.02,0.02,0.04,0.09,0.04,0.08,0.0,0.02,0.04,0.09,0.04,0.08,0.0,0.02,0.04,0.09,0.04,0.08,0.0,0.0,66,146
671,22.5,137.5,1307.0849564497478,1.0443972398705919,1.1367714275431762,1.1872409412898457,False,0,,,,,,0.0,0.0,0.5,1.0,1.1872409412898457,0.0,0.03,0.01,0.06,0.01,0.04,0.02,0.05,0.03,0.09,0.02,0.05,0.02,0.06,0.03,0.1,0.02,0.06,0.0,0.04,0.03,0.1,0.03,0.07,0.0,0.04,0.03,0.1,0.03,0.07,0.0,0.0,135,83
672,22.5,142.5,1614.6781970310888,0.8978651899539096,1.0497987161734559,0.9425777237104505,True,5021,izu,54.4496837325953,24.998076967728885,141.5724091075167,13.559882524919697,0.9389152660045442,0.11529193407714276,0.1631164141425916,0.9611600398276562,0.8629921417359658,0.0,0.01,0.0,0.09,0.0,0.09,0.02,0.02,0.03,0.11,0.03,0.11,0.01,0.02,0.02,0.11,0.02,0.11,0.01,0.02,0.02,0.11,0.02,0.11,0.01,0.02,0.02,0.11,0.02,0.11,0.0,0.0,5,40
673,22.5,147.5,1996.8154308999622,0.9041359534254791,1.0,0.9041359534254791,True,1838,izu,14.847770643167882,9.72619948858503,147.35161817165607,7.902137086953917,0.9073913371371553,0.3018805579015164,0.14786184356338172,0.8936963368765022,0.8080229896146945,0.0,0.02,0.0,0.05,0.0,0.04,0.0,0.02,0.01,0.08,0.01,0.07,0.0,0.03,0.01,0.08,0.01,0.07,0.0,0.03,0.01,0.08,0.01,0.07,0.01,0.03,0.01,0.08,0.01,0.07,0.0,0.0,135,221
674,22.5,152.5,2417.93267462284,0.9887787410419302,1.0,0.9887787410419302,False,0,,,,,,0.0,0.0,0.5,1.0,0.9887787410419302,0.0,0.03,0.01,0.05,0.01,0.02,0.0,0.05,0.01,0.08,0.01,0.03,0.0,0.05,0.01,0.08,0.01,0.03,0.0,0.05,0.01,0.08,0.01,0.03,0.0,0.05,0.01,0.08,0.01,0.03,0.0,0.0,665,221
675,22.5,157.5,2860.30788864675,0.9021909762182108,1.0,0.9021909762182108,False,0,,,,,,0.0,0.0,0.5,1.0,0.9021909762182108,0.0,0.01,0.0,0.03,0.0,0.02,0.0,0.01,0.0,0.05,0.0,0.05,0.0,0.03,0.0,0.05,0.0,0.03,0.0,0.03,0.0,0.05,0.0,0.04,0.0,0.03,0.0,0.05,0.0,0.04,0.0,0.0,526,618
676,22.5,162.5,3314.8197059736717,1.0196243472321542,1.0,1.0196243472321542,False,0,,,,,,0.0,0.0,0.5,1.0,1.0196243472321542,0.0,0.01,0.01,0.02,0.01,0.02,0.0,0.0,0.01,0.02,0.01,0.02,0.0,0.0,0.01,0.02,0.01,0.02,0.0,0.0,0.01,0.02,0.01,0.02,0.0,0.0,0.01,0.02,0.01,0.02,0.0,0.0,818,918
677,22.5,167.5,3776.4105652535973,1.0424162445041774,1.0,1.0424162445041774,False,0,,,,,,0.0,0.0,0.5,1.0,1.0424162445041774,0.0,0.01,0.01,0.06,0.01,0.06,0.0,0.01,0.01,0.07,0.01,0.06,0.0,0.01,0.01,0.07,0.01,0.06,0.0,0.01,0.01,0.07,0.01,0.06,0.0,0.01,0.01,0.07,0.01,0.06,0.0,0.0,240,339
678,22.5,172.5,4242.038483447243,1.0757220128966283,1.0,1.0757220128966283,False,0,,,,,,0.0,0.0,0.5,1.0,1.0757220128966283,0.01,0.04,0.01,0.08,0.01,0.06,0.0,0.05,0.01,0.11,0.01,0.09,0.0,0.05,0.01,0.11,0.01,0.09,0.0,0.05,0.01,0.11,0.01,0.09,0.0,0.05,0.01,0.11,0.01,0.09,0.0,0.0,29,40
679,22.5,177.5,4709.720250358394,1.054517504355081,1.0,1.054517504355081,False,0,,,,,,0.0,0.0,0.5,1.0,1.054517504355081,0.0,0.03,0.01,0.05,0.01,0.03,0.0,0.02,0.01,0.05,0.01,0.03,0.0,0.02,0.01,0.05,0.01,0.03,0.0,0.02,0.01,0.05,0.01,0.03,0.0,0.02,0.01,0.05,0.01,0.03,0.0,0.0,665,618
680,27.5,-177.5,4969.581967587205,1.009226500419593,1.0,1.009226500419593,False,0,,,,,,0.0,0.0,0.5,1.0,1.009226500419593,0.0,0.07,0.01,0.1,0.01,0.06,0.0,0.06,0.01,0.11,0.01,0.07,0.0,0.06,0.01,0.11,0.01,0.07,0.0,0.06,0.01,0.11,0.01,0.07,0.0,0.06,0.01,0.11,0.01,0.07,0.0,0.0,135,40
681,27.5,-172.5,5432.561155999728,1.0,1.0,1.0,False,0,,,,,,0.0,0.0,0.5,1.0,1.0,0.0,0.02,0.0,0.04,0.0,0.02,0.0,0.03,0.0,0.05,0.0,0.04,0.0,0.03,0.0,0.05,0.0,0.04,0.0,0.03,0.0,0.05,0.0,0.04,0.0,0.03,0.0,0.05,0.0,0.04,0.0,0.0,526,618
682,27.5,-167.5,5892.676906331927,1.0,1.0,1.0,False,0,,,,,,0.0,0.0,0.5,1.0,1.0,0.0,0.03,0.01,0.07,0.01,0.06,0.0,0.03,0.01,0.08,0.01,0.06,0.0,0.02,0.01,0.08,0.01,0.07,0.0,0.02,0.01,0.08,0.01,0.07,0.0,0.02,0.01,0.08,0.01,0.07,0.0,0.0,135,221
683,27.5,-162.5,6349.374643921761,1.1181762764260028,1.0,1.1181762764260028,False,0,,,,,,0.0,0.0,0.5,1.0,1.1181762764260028,0.0,0.04,0.01,0.1,0.01,0.06,0.0,0.03,0.01,0.1,0.01,0.07,0.0,0.03,0.01,0.1,0.01,0.07,0.0,0.03,0.01,0.1,0.01,0.07,0.0,0.03,0.01,0.1,0.01,0.07,0.0,0.0,135,83
684,27.5,-157.5,6802.077369694786,1.1325015902553213,1.0,1.1325015902553213,False,0,,,,,,0.0,0.0,0.5,1.0,1.1325015902553213,0.0,0.01,0.01,0.04,0.01,0.04,0.0,0.0,0.01,0.04,0.01,0.04,0.0,0.0,0.01,0.04,0.01,0.04,0.0,0.0,0.01,0.04,0.01,0.04,0.0,0.0,0.01,0.04,0.01,0.04,0.0,0.0,526,762
685,27.5,-152.5,7250.168490218136,1.1070425363217224,1.0,1.1070425363217224,False,0,,,,,,0.0,0.0,0.5,1.0,1.1070425363217224,0.01,0.0,0.03,0.05,0.03,0.05,0.0,0.0,0.03,0.05,0.03,0.05,0.0,0.0,0.03,0.05,0.03,0.05,0.0,0.0,0.03,0.05,0.03,0.05,0.0,0.0,0.03,0.05,0.03,0.05,0.0,0.0,366,618
686,27.5,-147.5,7692.976691766967,1.0717616946970643,1.0,1.0717616946970643,False,0,,,,,,0.0,0.0,0.5,1.0,1.0717616946970643,0.0,0.04,0.01,0.08,0.01,0.05,0.0,0.05,0.01,0.09,0.01,0.06,0.0,0.05,0.01,0.09,0.01,0.06,0.0,0.05,0.01,0.09,0.01,0.06,0.0,0.05,0.01,0.09,0.01,0.06,0.0,0.0,240,146
687,27.5,-142.5,8129.761418474538,1.0485024169207333,1.0,1.0485024169207333,False,0,,,,,,0.0,0.0,0.5,1.0,1.0485024169207333,0.0,0.02,0.0,0.04,0.0,0.03,0.0,0.01,0.0,0.05,0.0,0.04,0.0,0.01,0.0,0.05,0.0,0.04,0.0,0.01,0.0,0.05,0.0,0.04,0.0,0.01,0.0,0.05,0.0,0.04,0.0,0.0,526,618
688,27.5,-137.5,8559.698085443684,1.032839319697792,1.0,1.032839319697792,False,0,,,,,,0.0,0.0,0.5,1.0,1.032839319697792,0.0,0.03,0.02,0.09,0.02,0.06,0.0,0.03,0.02,0.09,0.02,0.06,0.0,0.03,0.02,0.09,0.02,0.06,0.0,0.03,0.02,0.09,0.02,0.06,0.0,0.03,0.02,0.09,0.02,0.06,0.0,0.0,240,146
689,27.5,-132.5,8981.862496855645,1.0084027230365,1.0,1.0084027230365,False,0,,,,,,0.0,0.0,0.5,1.0,1.0084027230365,0.0,0.02,0.01,0.09,0.01,0.08,0.0,0.02,0.01,0.1,0.01,0.09,0.0,0.02,0.01,0.1,0.01,0.09,0.0,0.02,0.01,0.1,0.01,0.09,0.0,0.02,0.01,0.1,0.01,0.09,0.0,0.0,29,83
690,27.5,-127.5,9395.214184043027,1.3251455391762073,1.0,1.3251455391762073,False,0,,,,,,0.0,0.0,0.5,1.0,1.3251455391762073,0.0,0.01,0.01,0.07,0.01,0.06,0.0,0.01,0.01,0.07,0.01,0.06,0.0,0.02,0.01,0.07,0.01,0.05,0.0,0.02,0.01,0.07,0.01,0.05,0.0,0.02,0.01,0.07,0.01,0.05,0.0,0.0,366,339
691,27.5,-122.5,9798.57860943958,1.298274839794099,1.0,1.298274839794099,False,0,,,,,,0.0,0.0,0.5,1.0,1.298274839794099,0.01,0.02,0.01,0.07,0.01,0.06,0.01,0.02,0.01,0.07,0.01,0.06,0.0,0.02,0.01,0.07,0.01,0.06,0.0,0.02,0.01,0.07,0.01,0.06,0.0,0.02,0.01,0.07,0.01,0.06,0.0,0.0,240,339
692,27.5,-117.5,10190.628456791894,1.2871856332476241,1.0,1.2871856332476241,False,0,,,,,,0.0,0.0,0.5,1.0,1.2871856332476241,0.01,0.04,0.01,0.06,0.01,0.05,0.01,0.04,0.01,0.06,0.01,0.05,0.01,0.04,0.01,0.06,0.01,0.05,0.01,0.04,0.01,0.06,0.01,0.05,0.01,0.04,0.01,0.06,0.01,0.05,0.0,0.0,366,472
693,27.5,-112.5,10569.864596029842,1.2109944449586054,1.0,1.2109944449586054,False,0,,,,,,0.0,0.0,0.5,1.0,1.2109944449586054,0.01,0.01,0.01,0.06,0.01,0.05,0.01,0.01,0.01,0.06,0.01,0.05,0.01,0.01,0.01,0.06,0.01,0.05,0.01,0.01,0.01,0.06,0.01,0.05,0.01,0.01,0.01,0.06,0.01,0.05,0.0,0.0,366,472
694,27.5,-107.5,10934.597820155255,1.001200821086445,1.0,1.001200821086445,False,0,,,,,,0.0,0.0,0.5,1.0,1.001200821086445,0.0,0.01,0.0,0.08,0.0,0.08,0.0,0.01,0.0,0.08,0.0,0.08,0.0,0.01,0.0,0.08,0.0,0.08,0.0,0.01,0.0,0.08,0.0,0.08,0.0,0.01,0.0,0.08,0.0,0.08,0.0,0.0,66,221
695,27.5,-102.5,11282.933142513739,1.1296897425822126,1.0,1.1296897425822126,False,0,,,,,,0.0,0.0,0.5,1.0,1.1296897425822126,0.0,0.04,0.0,0.09,0.0,0.07,0.0,0.05,0.0,0.09,0.0,0.06,0.0,0.05,0.0,0.09,0.0,0.06,0.0,0.05,0.0,0.09,0.0,0.06,0.0,0.05,0.0,0.09,0.0,0.06,0.0,0.0,240,146
696,27.5,-97.5,11612.75933627257,1.1540768558291292,1.0,1.1540768558291292,False,0,,,,,,0.0,0.0,0.5,1.0,1.1540768558291292,0.0,0.01,0.0,0.02,0.0,0.01,0.0,0.03,0.0,0.03,0.0,0.0,0.0,0.03,0.0,0.03,0.0,0.0,0.0,0.03,0.0,0.03,0.0,0.0,0.0,0.03,0.0,0.03,0.0,0.0,0.0,0.0,954,868
697,27.5,-92.5,11921.74746470447,1.1608584791104797,1.0,1.1608584791104797,False,0,,,,,,0.0,0.0,0.5,1.0,1.1608584791104797,0.01,0.04,0.01,0.06,0.0,0.03,0.01,0.05,0.01,0.06,0.0,0.02,0.01,0.05,0.01,0.06,0.0,0.02,0.01,0.05,0.01,0.06,0.0,0.02,0.01,0.05,0.01,0.06,0.0,0.02,0.0,0.0,818,472
698,27.5,-87.5,12207.363266239601,1.0693860940795685,1.0,1.0693860940795685,False,0,,,,,,0.0,0.0,0.5,1.0,1.0693860940795685,0.0,0.04,0.01,0.07,0.01,0.03,0.0,0.04,0.01,0.07,0.01,0.03,0.0,0.04,0.01,0.07,0.01,0.03,0.0,0.04,0.01,0.07,0.01,0.03,0.0,0.04,0.01,0.07,0.01,0.03,0.0,0.0,665,339
699,27.5,-82.5,12466.899143343151,1.0156702965458382,1.0,1.0156702965458382,False,0,,,,,,0.0,0.0,0.5,1.0,1.0156702965458382,0.01,0.04,0.02,0.1,0.02,0.09,0.0,0.04,0.02,0.1,0.02,0.08,0.0,0.04,0.02,0.1,0.02,0.08,0.0,0.04,0.02,0.1,0.02,0.08,0.0,0.04,0.02,0.1,0.02,0.08,0.0,0.0,66,83
700,27.5,-77.5,12697.531677930818,0.8991260443965325,1.0,0.8991260443965325,False,0,,,,,,0.0,0.0,0.5,1.0,0.8991260443965325,0.0,0.04,0.02,0.1,0.02,0.07,0.0,0.03,0.02,0.1,0.02,0.07,0.0,0.03,0.02,0.1,0.02,0.07,0.0,0.03,0.02,0.1,0.02,0.07,0.0,0.03,0.02,0.1,0.02,0.07,0.0,0.0,135,83
701,27.5,-72.5,12896.409389389803,0.8846210930374901,1.0,0.8846210930374901,False,0,,,,,,0.0,0.0,0.5,1.0,0.8846210930374901,0.01,0.04,0.02,0.09,0.02,0.06,0.01,0.03,0.02,0.09,0.02,0.06,0.01,0.03,0.02,0.09,0.02,0.06,0.01,0.03,0.02,0.09,0.02,0.06,0.01,0.03,0.02,0.09,0.02,0.06,0.0,0.0,240,146
702,27.5,-67.5,13060.772166116665,1.2044323152267291,1.0,1.2044323152267291,False,0,,,,,,0.0,0.0,0.5,1.0,1.2044323152267291,0.01,0.03,0.02,0.13,0.02,0.12,0.0,0.03,0.02,0.13,0.02,0.12,0.0,0.03,0.02,0.13,0.02,0.12,0.0,0.03,0.02,0.13,0.02,0.12,0.0,0.03,0.02,0.13,0.02,0.12,0.0,0.0,2,11
703,27.5,97.5,3231.9893612163023,1.0557765634082361,1.0,1.0557765634082361,True,944,sum,83.12920291856182,30.199081213572637,15.417940548801802,14.259596223097011,0.7437781843864762,0.10194166983220326,0.7125547279304344,1.021668183895958,1.0786533241372083,0.0,0.02,0.0,0.02,0.0,0.0,0.0,0.03,0.0,0.04,0.0,0.02,0.0,0.03,0.0,0.04,0.0,0.02,0.0,0.03,0.0,0.04,0.0,0.02,0.0,0.03,0.0,0.04,0.0,0.02,0.0,0.0,818,762
704,27.5,102.5,2764.220574046695,1.029942161130833,1.0,1.029942161130833,False,0,,,,,,0.0,0.0,0.5,1.0,1.029942161130833,0.0,0.03,0.0,0.06,0.0,0.05,0.01,0.03,0.02,0.08,0.02,0.07,0.01,0.03,0.02,0.08,0.02,0.07,0.01,0.03,0.02,0.08,0.02,0.07,0.01,0.03,0.02,0.08,0.02,0.07,0.0,0.0,135,221
705,27.5,107.5,2298.673436111699,1.097015646612765,1.0,1.097015646612765,False,0,,,,,,0.0,0.0,0.5,1.0,1.097015646612765,0.0,0.03,0.0,0.06,0.0,0.05,0.0,0.05,0.01,0.11,0.01,0.07,0.0,0.07,0.01,0.13,0.01,0.08,0.0,0.07,0.01,0.13,0.01,0.08,0.0,0.07,0.01,0.13,0.01,0.08,0.0,0.0,66,11
706,27.5,112.5,1838.3641031545633,1.175809348999571,1.0131370988308759,1.191256072623646,False,0,,,,,,0.0,0.0,0.5,1.0,1.191256072623646,0.01,0.04,0.01,0.11,0.01,0.1,0.0,0.01,0.03,0.12,0.03,0.11,0.02,0.01,0.05,0.12,0.05,0.11,0.02,0.03,0.05,0.13,0.04,0.1,0.02,0.03,0.05,0.13,0.04,0.1,0.0,0.0,13,11
707,27.5,117.5,1389.8920485386338,1.1575305257879216,0.9777760004781914,1.131805567936332,False,0,,,,,,0.0,0.0,0.5,1.0,1.131805567936332,0.01,0.05,0.01,0.09,0.01,0.06,0.0,0.05,0.01,0.12,0.01,0.08,0.0,0.05,0.02,0.12,0.02,0.08,0.0,0.05,0.02,0.12,0.02,0.08,0.0,0.05,0.02,0.12,0.02,0.08,0.0,0.0,66,18
708,27.5,122.5,971.2916989440944,1.1182901942127839,0.9604118320078469,1.0740191341403107,True,2547,ryu,232.17123326366473,44.631033342297265,69.03232904901654,21.188139816995335,0.5512572955981806,0.031825601172448585,0.3851987686272487,0.9963463817962248,1.1142043888021047,0.0,0.01,0.0,0.02,0.0,0.02,0.0,0.0,0.01,0.04,0.01,0.04,0.0,0.01,0.02,0.05,0.02,0.05,0.0,0.01,0.01,0.05,0.01,0.05,0.0,0.01,0.02,0.05,0.02,0.05,0.0,0.0,366,618
709,27.5,127.5,645.2334203363911,1.0769629834819525,0.9222422376877272,0.9932207517932466,True,8129,ryu,58.765366550265746,16.870988762598323,42.28258781845308,13.36426417825194,0.9659549489403875,0.11571493553490378,0.1308365080247901,0.9572822703242486,1.0309575698827798,0.0,0.04,0.01,0.1,0.01,0.09,0.01,0.04,0.05,0.15,0.04,0.12,0.01,0.04,0.06,0.15,0.05,0.12,0.01,0.04,0.05,0.15,0.04,0.12,0.01,0.04,0.05,0.15,0.04,0.12,0.0,0.0,2,3
710,27.5,132.5,592.9337091580668,1.0260643019122382,1.2413978677040303,1.2737540365210769,True,1390,ryu,11.280188722115252,7.636938466609285,36.02369024968493,10.565624949149768,0.964925937140178,0.22240670780140287,0.20711046784228157,0.9348594034033088,0.9592258611391075,0.0,0.02,0.0,0.05,0.0,0.04,0.0,0.02,0.02,0.06,0.02,0.05,0.0,0.02,0.02,0.06,0.02,0.05,0.0,0.0,0.07,0.07,0.07,0.07,0.0,0.02,0.02,0.06,0.02,0.05,-0.010000000000000009,0.02,366,472
711,27.5,137.5,865.6006122128358,0.9247036980570574,1.1096190237132062,1.0260688146620636,True,2627,izu,440.3154516975983,50.35408391872447,145.10231898108458,23.650746543381516,0.8767224126525589,0.0451009128526126,0.4503092543043936,0.9977589020088011,0.9226313464568876,0.0,0.03,0.01,0.06,0.01,0.04,0.0,0.07,0.03,0.12,0.03,0.07,0.0,0.07,0.03,0.12,0.03,0.07,0.0,0.06,0.03,0.12,0.03,0.07,0.0,0.07,0.03,0.12,0.03,0.07,0.0,0.010000000000000009,135,18
712,27.5,142.5,1268.3232664183204,1.0305680661178733,1.0468220442885758,1.0788213697520364,True,5969,izu,36.55326223420258,19.46251465496897,173.90318917493047,11.694131228295957,0.9114346792964494,0.1658882398746807,0.4576235679432956,0.9929702482739443,1.0233234284762633,0.0,0.02,0.02,0.05,0.02,0.04,0.01,0.04,0.03,0.08,0.03,0.06,0.02,0.04,0.04,0.08,0.03,0.06,0.01,0.02,0.04,0.08,0.04,0.07,0.02,0.04,0.04,0.08,0.03,0.06,0.0,0.02,240,221
713,27.5,147.5,1711.1529018147078,1.0770847838091584,1.0,1.0770847838091584,False,0,,,,,,0.0,0.0,0.5,1.0,1.0770847838091584,0.0,0.01,0.0,0.04,0.0,0.03,0.0,0.02,0.0,0.06,0.0,0.05,0.02,0.02,0.02,0.06,0.02,0.05,0.02,0.02,0.02,0.06,0.02,0.05,0.02,0.02,0.02,0.06,0.02,0.05,0.0,0.0,366,472
714,27.5,152.5,2169.0724185296644,1.0728838156838805,1.0,1.0728838156838805,False,0,,,,,,0.0,0.0,0.5,1.0,1.0728838156838805,0.0,0.02,0.01,0.09,0.01,0.07,0.01,0.04,0.02,0.12,0.02,0.1,0.0,0.03,0.02,0.12,0.02,0.11,0.0,0.03,0.02,0.12,0.02,0.11,0.0,0.03,0.02,0.12,0.02,0.11,0.0,0.0,5,18
715,27.5,157.5,2633.549071205611,0.9418147123112853,1.0,0.9418147123112853,False,0,,,,,,0.0,0.0,0.5,1.0,0.9418147123112853,0.0,0.04,0.0,0.08,0.0,0.05,0.01,0.05,0.03,0.11,0.02,0.06,0.01,0.05,0.03,0.11,0.02,0.06,0.01,0.05,0.03,0.11,0.02,0.06,0.01,0.05,0.03,0.11,0.02,0.06,0.0,0.0,240,40
716,27.5,162.5,3100.9005326419233,0.9863496401264654,1.0,0.9863496401264654,False,0,,,,,,0.0,0.0,0.5,1.0,0.9863496401264654,0.01,0.02,0.01,0.05,0.01,0.04,0.0,0.05,0.01,0.09,0.01,0.04,0.0,0.05,0.01,0.09,0.01,0.04,0.0,0.05,0.01,0.09,0.01,0.04,0.0,0.05,0.01,0.09,0.01,0.04,0.0,0.0,526,146
717,27.5,167.5,3569.2037896992338,1.0182958857305386,1.0,1.0182958857305386,False,0,,,,,,0.0,0.0,0.5,1.0,1.0182958857305386,0.0,0.02,0.0,0.04,0.0,0.02,0.0,0.03,0.0,0.06,0.0,0.05,0.0,0.03,0.0,0.06,0.0,0.05,0.0,0.03,0.0,0.06,0.0,0.05,0.0,0.03,0.0,0.06,0.0,0.05,0.0,0.0,366,472
718,27.5,172.5,4037.2790976634533,1.0354962264793968,1.0,1.0354962264793968,False,0,,,,,,0.0,0.0,0.5,1.0,1.0354962264793968,0.0,0.02,0.0,0.05,0.0,0.05,0.0,0.05,0.0,0.09,0.0,0.08,0.0,0.05,0.0,0.09,0.0,0.08,0.0,0.05,0.0,0.09,0.0,0.08,0.0,0.05,0.0,0.09,0.0,0.08,0.0,0.0,66,146
719,27.5,177.5,4504.293221517922,1.026024926432125,1.0,1.026024926432125,False,0,,,,,,0.0,0.0,0.5,1.0,1.026024926432125,0.0,0.05,0.01,0.09,0.01,0.06,0.0,0.04,0.01,0.1,0.01,0.07,0.0,0.04,0.01,0.1,0.01,0.08,0.0,0.04,0.01,0.1,0.01,0.08,0.0,0.04,0.01,0.1,0.01,0.08,0.0,0.0,66,83
720,32.5,-177.5,4804.528444362638,1.0,1.0,1.0,False,0,,,,,,0.0,0.0,0.5,1.0,1.0,0.0,0.02,0.0,0.04,0.0,0.04,0.0,0.03,0.0,0.06,0.0,0.03,0.0,0.03,0.0,0.06,0.0,0.03,0.0,0.03,0.0,0.06,0.0,0.03,0.0,0.03,0.0,0.06,0.0,0.03,0.0,0.0,665,472
721,32.5,-172.5,5256.270802837248,1.0,1.0,1.0,False,0,,,,,,0.0,0.0,0.5,1.0,1.0,0.0,0.03,0.01,0.06,0.01,0.03,0.0,0.03,0.01,0.06,0.01,0.03,0.0,0.02,0.01,0.06,0.01,0.04,0.0,0.02,0.01,0.06,0.01,0.04,0.0,0.02,0.01,0.06,0.01,0.04,0.0,0.0,526,472
722,32.5,-167.5,5704.347935115312,1.0,1.0,1.0,False,0,,,,,,0.0,0.0,0.5,1.0,1.0,0.0,0.01,0.0,0.04,0.0,0.04,0.0,0.0,0.0,0.04,0.0,0.04,0.0,0.0,0.0,0.04,0.0,0.04,0.0,0.0,0.0,0.04,0.0,0.04,0.0,0.0,0.0,0.04,0.0,0.04,0.0,0.0,526,762
723,32.5,-162.5,6148.271244084088,1.0,1.0,1.0,False,0,,,,,,0.0,0.0,0.5,1.0,1.0,0.0,0.02,0.0,0.02,0.0,0.0,0.0,0.03,0.0,0.03,0.0,0.01,0.0,0.03,0.0,0.03,0.0,0.01,0.0,0.03,0.0,0.03,0.0,0.01,0.0,0.03,0.0,0.03,0.0,0.01,0.0,0.0,913,868
724,32.5,-157.5,6587.502001743254,1.0,1.0,1.0,False,0,,,,,,0.0,0.0,0.5,1.0,1.0,0.01,0.04,0.02,0.1,0.02,0.06,0.0,0.04,0.02,0.1,0.02,0.06,0.0,0.03,0.02,0.1,0.02,0.07,0.0,0.03,0.02,0.1,0.02,0.07,0.0,0.03,0.02,0.1,0.02,0.07,0.0,0.0,135,83
725,32.5,-152.5,7021.443730533551,1.003933484768947,1.0,1.003933484768947,False,0,,,,,,0.0,0.0,0.5,1.0,1.003933484768947,0.0,0.01,0.0,0.07,0.0,0.06,0.0,0.01,0.0,0.07,0.0,0.06,0.0,0.01,0.0,0.07,0.0,0.06,0.0,0.01,0.0,0.07,0.0,0.06,0.0,0.01,0.0,0.07,0.0,0.06,0.0,0.0,240,339
726,32.5,-147.5,7449.433661291656,1.016603339609548,1.0,1.016603339609548,False,0,,,,,,0.0,0.0,0.5,1.0,1.016603339609548,0.0,0.01,0.01,0.06,0.01,0.06,0.0,0.01,0.01,0.06,0.01,0.06,0.0,0.01,0.01,0.06,0.01,0.06,0.0,0.01,0.01,0.06,0.01,0.06,0.0,0.01,0.01,0.06,0.01,0.06,0.0,0.0,240,472
727,32.5,-142.5,7870.733204449464,1.027585046028404,1.0,1.027585046028404,False,0,,,,,,0.0,0.0,0.5,1.0,1.027585046028404,0.0,0.03,0.0,0.05,0.0,0.03,0.0,0.03,0.0,0.05,0.0,0.02,0.0,0.03,0.0,0.05,0.0,0.02,0.0,0.03,0.0,0.05,0.0,0.02,0.0,0.03,0.0,0.05,0.0,0.02,0.0,0.0,818,618
728,32.5,-137.5,8284.517407355152,1.0184143667146395,1.0,1.0184143667146395,False,0,,,,,,0.0,0.0,0.5,1.0,1.0184143667146395,0.0,0.02,0.01,0.08,0.01,0.06,0.01,0.04,0.02,0.09,0.02,0.06,0.01,0.04,0.02,0.09,0.02,0.06,0.01,0.04,0.02,0.09,0.02,0.06,0.01,0.04,0.02,0.09,0.02,0.06,0.0,0.0,240,146
729,32.5,-132.5,8689.863431958891,1.271526634013751,1.0,1.271526634013751,False,0,,,,,,0.0,0.0,0.5,1.0,1.271526634013751,0.0,0.01,0.0,0.03,0.0,0.02,0.0,0.01,0.0,0.03,0.0,0.02,0.0,0.02,0.0,0.04,0.0,0.03,0.0,0.02,0.0,0.04,0.0,0.03,0.0,0.02,0.0,0.04,0.0,0.03,0.0,0.0,665,762
730,32.5,-127.5,9085.738184597374,1.3056499546274292,1.0,1.3056499546274292,False,0,,,,,,0.0,0.0,0.5,1.0,1.3056499546274292,0.0,0.03,0.0,0.06,0.0,0.04,0.0,0.03,0.0,0.06,0.0,0.04,0.0,0.03,0.0,0.06,0.0,0.04,0.0,0.03,0.0,0.06,0.0,0.04,0.0,0.03,0.0,0.06,0.0,0.04,0.0,0.0,526,472
731,32.5,-122.5,9470.985377235713,1.3070227701313288,1.0,1.3070227701313288,False,0,,,,,,0.0,0.0,0.5,1.0,1.3070227701313288,0.0,0.03,0.0,0.07,0.0,0.06,0.0,0.04,0.0,0.08,0.0,0.06,0.0,0.04,0.0,0.08,0.0,0.06,0.0,0.04,0.0,0.08,0.0,0.06,0.0,0.04,0.0,0.08,0.0,0.07,0.0,0.0,135,221
732,32.5,-117.5,9844.312513936373,1.2955928175515503,1.0,1.2955928175515503,False,0,,,,,,0.0,0.0,0.5,1.0,1.2955928175515503,0.01,0.02,0.02,0.08,0.02,0.06,0.01,0.02,0.02,0.08,0.02,0.06,0.01,0.02,0.02,0.08,0.02,0.06,0.01,0.02,0.02,0.08,0.02,0.06,0.01,0.02,0.02,0.08,0.02,0.06,0.0,0.0,240,221
733,32.5,-112.5,10204.278595179305,1.2220019898594134,1.0,1.2220019898594134,False,0,,,,,,0.0,0.0,0.5,1.0,1.2220019898594134,0.0,0.02,0.01,0.08,0.01,0.06,0.0,0.02,0.01,0.08,0.01,0.06,0.0,0.02,0.01,0.08,0.01,0.06,0.01,0.03,0.01,0.08,0.0,0.05,0.0,0.02,0.01,0.08,0.01,0.06,0.0,-0.009999999999999998,240,221
734,32.5,-107.5,10549.283730615423,0.9858047991284916,1.0,0.9858047991284916,False,0,,,,,,0.0,0.0,0.5,1.0,0.9858047991284916,0.0,0.01,0.0,0.02,0.0,0.02,0.0,0.01,0.0,0.02,0.0,0.02,0.0,0.01,0.0,0.02,0.0,0.02,0.0,0.01,0.0,0.02,0.0,0.02,0.0,0.01,0.0,0.02,0.0,0.02,0.0,0.0,818,918
735,32.5,-102.5,10877.562351761497,1.1888102578324662,1.0,1.1888102578324662,False,0,,,,,,0.0,0.0,0.5,1.0,1.1888102578324662,0.0,0.02,0.0,0.05,0.0,0.04,0.0,0.02,0.0,0.05,0.0,0.04,0.0,0.02,0.0,0.05,0.0,0.04,0.0,0.02,0.0,0.05,0.0,0.04,0.0,0.02,0.0,0.05,0.0,0.04,0.0,0.0,526,618
736,32.5,-97.5,11187.18229996539,1.2380170258633887,1.0,1.2380170258633887,False,0,,,,,,0.0,0.0,0.5,1.0,1.2380170258633887,0.01,0.06,0.01,0.09,0.01,0.04,0.01,0.05,0.01,0.09,0.01,0.05,0.01,0.06,0.01,0.1,0.01,0.06,0.01,0.06,0.01,0.1,0.01,0.06,0.01,0.06,0.01,0.1,0.01,0.06,0.0,0.0,240,83
737,32.5,-92.5,11476.052668471273,1.2718252883651606,1.0,1.2718252883651606,False,0,,,,,,0.0,0.0,0.5,1.0,1.2718252883651606,0.0,0.02,0.01,0.07,0.01,0.05,0.0,0.02,0.01,0.07,0.01,0.05,0.0,0.02,0.01,0.07,0.01,0.05,0.0,0.02,0.01,0.07,0.01,0.05,0.0,0.02,0.01,0.07,0.01,0.05,0.0,0.0,366,339
738,32.5,-87.5,11741.943771025557,1.2819801209440898,1.0,1.2819801209440898,False,0,,,,,,0.0,0.0,0.5,1.0,1.2819801209440898,0.0,0.05,0.0,0.07,0.0,0.02,0.0,0.06,0.0,0.08,0.0,0.02,0.0,0.06,0.0,0.08,0.0,0.02,0.0,0.06,0.0,0.08,0.0,0.02,0.0,0.06,0.0,0.08,0.0,0.02,0.0,0.0,818,221
739,32.5,-82.5,11982.52277802454,1.2612507794570407,1.0,1.2612507794570407,False,0,,,,,,0.0,0.0,0.5,1.0,1.2612507794570407,0.0,0.06,0.0,0.07,0.0,0.05,0.0,0.04,0.0,0.07,0.0,0.04,0.0,0.04,0.0,0.07,0.0,0.04,0.0,0.04,0.0,0.07,0.0,0.04,0.0,0.04,0.0,0.07,0.0,0.04,0.0,0.0,526,339
740,32.5,-77.5,12195.40810596778,1.2635031737712636,1.0,1.2635031737712636,False,0,,,,,,0.0,0.0,0.5,1.0,1.2635031737712636,0.0,0.04,0.01,0.07,0.01,0.04,0.0,0.05,0.01,0.08,0.01,0.05,0.0,0.05,0.01,0.08,0.01,0.05,0.0,0.05,0.01,0.08,0.01,0.05,0.0,0.05,0.01,0.08,0.01,0.05,0.0,0.0,366,221
741,32.5,-72.5,12378.244234492251,1.2644822042004753,1.0,1.2644822042004753,False,0,,,,,,0.0,0.0,0.5,1.0,1.2644822042004753,0.0,0.02,0.0,0.02,0.0,0.01,0.0,0.02,0.0,0.02,0.0,0.01,0.0,0.02,0.0,0.02,0.0,0.01,0.0,0.02,0.0,0.02,0.0,0.01,0.0,0.02,0.0,0.02,0.0,0.01,0.0,0.0,913,918
742,32.5,-67.5,12528.796015385939,1.1963218927143595,1.0,1.1963218927143595,False,0,,,,,,0.0,0.0,0.5,1.0,1.1963218927143595,0.0,0.02,0.01,0.05,0.01,0.04,0.0,0.03,0.01,0.05,0.01,0.03,0.0,0.03,0.01,0.05,0.01,0.03,0.01,0.04,0.01,0.05,0.0,0.02,0.01,0.04,0.01,0.05,0.0,0.02,0.0,0.0,818,618
743,32.5,97.5,3098.9180173413242,1.1036748923774478,1.0,1.1036748923774478,False,0,,,,,,0.0,0.0,0.5,1.0,1.1036748923774478,0.0,0.04,0.0,0.1,0.0,0.09,0.02,0.05,0.02,0.14,0.02,0.1,0.02,0.04,0.03,0.14,0.03,0.11,0.02,0.04,0.03,0.14,0.03,0.11,0.02,0.04,0.03,0.14,0.03,0.11,0.0,0.0,5,6
744,32.5,102.5,2635.3205350201742,0.999794182206022,1.0,0.999794182206022,False,0,,,,,,0.0,0.0,0.5,1.0,0.999794182206022,0.0,0.0,0.0,0.02,0.0,0.02,0.0,0.03,0.0,0.05,0.0,0.02,0.0,0.03,0.0,0.05,0.0,0.02,0.0,0.03,0.0,0.05,0.0,0.02,0.0,0.03,0.0,0.05,0.0,0.02,0.0,0.0,818,618
745,32.5,107.5,2170.184863197731,0.8945334197076437,1.0,0.8945334197076437,False,0,,,,,,0.0,0.0,0.5,1.0,0.8945334197076437,0.0,0.02,0.0,0.07,0.0,0.06,0.0,0.02,0.02,0.08,0.02,0.06,0.0,0.02,0.02,0.08,0.02,0.06,0.0,0.02,0.02,0.08,0.02,0.06,0.0,0.02,0.02,0.08,0.02,0.06,0.0,0.0,240,221
746,32.5,112.5,1703.8073988443484,0.899780915502454,1.0403571455210268,0.9360935048464292,False,0,,,,,,0.0,0.0,0.5,1.0,0.9360935048464292,0.0,0.03,0.0,0.06,0.0,0.04,0.0,0.04,0.0,0.09,0.0,0.07,0.0,0.04,0.0,0.09,0.0,0.07,0.0,0.04,0.0,0.09,0.0,0.07,0.0,0.04,0.0,0.09,0.0,0.07,0.0,0.0,135,146
747,32.5,117.5,1236.4732791771312,0.9140274930788226,1.0692760386649571,0.977347697030185,False,0,,,,,,0.0,0.0,0.5,1.0,0.977347697030185,0.0,0.02,0.0,0.06,0.0,0.05,0.0,0.02,0.02,0.08,0.02,0.07,0.02,0.01,0.02,0.07,0.02,0.06,0.0,0.02,0.02,0.08,0.02,0.07,0.0,0.02,0.02,0.08,0.02,0.07,0.0,0.0,135,221
748,32.5,122.5,768.4652434701637,0.898191752380277,1.0887786272426827,0.9779319831572977,False,0,,,,,,0.0,0.0,0.5,1.0,0.9779319831572977,0.0,0.03,0.0,0.09,0.0,0.07,0.03,0.05,0.06,0.15,0.06,0.12,0.02,0.05,0.03,0.14,0.03,0.1,0.03,0.04,0.06,0.14,0.06,0.11,0.03,0.04,0.06,0.14,0.06,0.11,0.0,0.0,5,6
749,32.5,127.5,300.12645026098346,0.8608775147862121,1.0870637479248728,0.9358287377277499,True,2677,ryu,324.6040327677621,36.553206644961385,24.800792130091253,13.949052864321713,0.621675167180081,0.08508048180491619,0.7582180565937253,1.0219693166657233,0.8797904055189513,0.0,0.05,0.0,0.06,0.0,0.04,0.0,0.02,0.04,0.08,0.04,0.06,0.0,0.03,0.02,0.08,0.02,0.06,0.0,0.02,0.02,0.08,0.02,0.06,0.0,0.03,0.02,0.08,0.02,0.06,0.0,0.009999999999999998,240,221
750,32.5,132.5,169.0756029851898,1.0021345258881036,1.0886161971486064,1.090939876603629,True,8444,"izu,ryu",33.96827032186565,12.417766163484098,47.54521915791323,4.599420626980773,0.8796558811022388,0.5525740408218157,0.2576916893042885,0.8661067176341627,0.8679554448448132,0.0,0.02,0.0,0.04,0.0,0.03,0.0,0.0,0.0,0.0,0.0,0.0,0.0,0.0,0.0,0.0,0.0,0.0,0.0,0.0,0.0,0.0,0.0,0.0,0.0,0.0,0.0,0.0,0.0,0.0,0.0,0.0,954,960
751,32.5,137.5,637.3434423651411,1.1182475683378335,1.0542902171528183,1.1789574716535054,True,11663,"izu,ryu",70.67009682281675,12.80015074577904,62.635722753102236,7.436415504195544,0.4679213818460158,0.14290523966803564,0.24831460010895628,0.964032837607625,1.078027376452548,0.0,0.03,0.01,0.05,0.01,0.05,0.0,0.0,0.02,0.07,0.02,0.07,0.0,0.0,0.03,0.07,0.03,0.07,0.0,0.0,0.04,0.07,0.04,0.07,0.0,0.0,0.03,0.07,0.03,0.07,0.0,0.0,135,339
752,32.5,142.5,1105.4865498535562,1.1125671765829475,1.0260781221506052,1.1415808393146316,True,4224,izu,28.274074283342987,15.71250351819393,174.62313162546732,14.903015107110816,0.966742134619741,0.11894177981727232,0.479329640400344,0.9975414306397539,1.109831853011385,0.0,0.05,0.0,0.08,0.0,0.06,0.01,0.02,0.02,0.11,0.02,0.09,0.01,0.03,0.02,0.12,0.02,0.1,0.01,0.03,0.02,0.12,0.02,0.1,0.01,0.03,0.02,0.12,0.02,0.1,0.0,0.0,13,18
753,32.5,147.5,1573.0381931632849,1.0799999790692913,1.0,1.0799999790692913,False,0,,,,,,0.0,0.0,0.5,1.0,1.0799999790692913,0.0,0.02,0.0,0.04,0.0,0.04,0.0,0.05,0.0,0.11,0.0,0.1,0.0,0.05,0.0,0.11,0.0,0.1,0.0,0.05,0.0,0.11,0.0,0.1,0.0,0.05,0.0,0.11,0.0,0.1,0.0,0.0,13,40
754,32.5,152.5,2039.7119195887574,0.9849871700126958,1.0,0.9849871700126958,False,0,,,,,,0.0,0.0,0.5,1.0,0.9849871700126958,0.01,0.05,0.02,0.1,0.02,0.06,0.0,0.04,0.02,0.1,0.02,0.06,0.0,0.04,0.02,0.1,0.02,0.06,0.0,0.04,0.02,0.1,0.02,0.06,0.0,0.04,0.02,0.1,0.02,0.06,0.0,0.0,240,83
755,32.5,157.5,2505.224590569569,0.9967536688354942,1.0,0.9967536688354942,False,0,,,,,,0.0,0.0,0.5,1.0,0.9967536688354942,0.0,0.03,0.0,0.04,0.0,0.01,0.0,0.01,0.0,0.04,0.0,0.03,0.0,0.01,0.0,0.04,0.0,0.03,0.0,0.01,0.0,0.04,0.0,0.03,0.0,0.01,0.0,0.04,0.0,0.03,0.0,0.0,665,762
756,32.5,162.5,2969.283482590398,1.0001731674944092,1.0,1.0001731674944092,False,0,,,,,,0.0,0.0,0.5,1.0,1.0001731674944092,0.0,0.03,0.02,0.07,0.02,0.07,0.0,0.02,0.02,0.08,0.02,0.08,0.0,0.02,0.02,0.08,0.02,0.08,0.0,0.02,0.02,0.08,0.02,0.08,0.0,0.02,0.02,0.08,0.02,0.08,0.0,0.0,66,221
757,32.5,167.5,3431.5812144305264,1.0,1.0,1.0,False,0,,,,,,0.0,0.0,0.5,1.0,1.0,0.0,0.03,0.0,0.06,0.0,0.04,0.01,0.02,0.01,0.07,0.01,0.05,0.01,0.02,0.01,0.07,0.01,0.05,0.01,0.02,0.01,0.07,0.01,0.05,0.01,0.02,0.01,0.07,0.01,0.05,0.0,0.0,366,339
758,32.5,172.5,3891.791703009192,1.0,1.0,1.0,False,0,,,,,,0.0,0.0,0.5,1.0,1.0,0.01,0.0,0.01,0.06,0.01,0.06,0.0,0.04,0.01,0.1,0.01,0.09,0.0,0.04,0.01,0.1,0.01,0.09,0.0,0.04,0.01,0.1,0.01,0.09,0.0,0.04,0.01,0.1,0.01,0.09,0.0,0.0,29,83
759,32.5,177.5,4349.566104072286,1.0,1.0,1.0,False,0,,,,,,0.0,0.0,0.5,1.0,1.0,0.01,0.06,0.01,0.11,0.01,0.07,0.0,0.08,0.01,0.15,0.01,0.08,0.0,0.08,0.01,0.15,0.01,0.08,0.0,0.08,0.01,0.15,0.01,0.08,0.0,0.08,0.01,0.15,0.01,0.08,0.0,0.0,66,3
760,37.5,-177.5,4687.689152327003,1.0,1.0,1.0,False,0,,,,,,0.0,0.0,0.5,1.0,1.0,0.0,0.01,0.02,0.06,0.02,0.05,0.0,0.01,0.02,0.06,0.02,0.05,0.0,0.01,0.02,0.06,0.02,0.05,0.0,0.01,0.02,0.06,0.02,0.05,0.0,0.01,0.02,0.06,0.02,0.05,0.0,0.0,366,472
761,37.5,-172.5,5121.206030051971,1.0,1.0,1.0,False,0,,,,,,0.0,0.0,0.5,1.0,1.0,0.0,0.01,0.01,0.05,0.01,0.05,0.0,0.0,0.01,0.05,0.01,0.05,0.0,0.0,0.01,0.05,0.01,0.05,0.0,0.0,0.01,0.05,0.01,0.05,0.0,0.0,0.01,0.05,0.01,0.05,0.0,0.0,366,618
762,37.5,-167.5,5551.171596007647,1.0,1.0,1.0,False,0,,,,,,0.0,0.0,0.5,1.0,1.0,0.0,0.01,0.0,0.03,0.0,0.02,0.0,0.03,0.0,0.05,0.0,0.04,0.0,0.03,0.0,0.05,0.0,0.04,0.0,0.03,0.0,0.05,0.0,0.04,0.0,0.03,0.0,0.05,0.0,0.04,0.0,0.0,526,618
763,37.5,-162.5,5976.970675113258,1.0,1.0,1.0,False,0,,,,,,0.0,0.0,0.5,1.0,1.0,0.0,0.04,0.01,0.06,0.01,0.05,0.01,0.03,0.02,0.07,0.02,0.06,0.01,0.03,0.02,0.07,0.02,0.06,0.01,0.03,0.02,0.07,0.02,0.06,0.01,0.03,0.02,0.07,0.02,0.06,0.0,0.0,240,339
764,37.5,-157.5,6397.966428528335,1.0,1.0,1.0,False,0,,,,,,0.0,0.0,0.5,1.0,1.0,0.0,0.03,0.0,0.06,0.0,0.04,0.01,0.02,0.01,0.06,0.01,0.04,0.01,0.02,0.01,0.06,0.01,0.04,0.01,0.02,0.01,0.06,0.01,0.04,0.01,0.02,0.01,0.06,0.01,0.04,0.0,0.0,526,472
765,37.5,-152.5,6813.484859399294,1.0,1.0,1.0,False,0,,,,,,0.0,0.0,0.5,1.0,1.0,0.0,0.04,0.0,0.09,0.0,0.08,0.0,0.04,0.0,0.1,0.0,0.09,0.0,0.04,0.0,0.1,0.0,0.09,0.0,0.04,0.0,0.1,0.0,0.09,0.0,0.04,0.0,0.1,0.0,0.09,0.0,0.0,29,83
766,37.5,-147.5,7222.8018367537725,1.0026838587324614,1.0,1.0026838587324614,False,0,,,,,,0.0,0.0,0.5,1.0,1.0026838587324614,0.0,0.0,0.01,0.08,0.01,0.08,0.0,0.0,0.01,0.08,0.01,0.08,0.0,0.0,0.01,0.08,0.01,0.08,0.0,0.0,0.01,0.08,0.01,0.08,0.0,0.0,0.01,0.08,0.01,0.08,0.0,0.0,66,221
767,37.5,-142.5,7625.131388759612,1.004269792353532,1.0,1.004269792353532,False,0,,,,,,0.0,0.0,0.5,1.0,1.004269792353532,0.0,0.03,0.01,0.06,0.01,0.05,0.0,0.03,0.01,0.06,0.01,0.05,0.0,0.03,0.01,0.06,0.01,0.05,0.0,0.03,0.01,0.06,0.01,0.05,0.0,0.03,0.01,0.06,0.01,0.05,0.0,0.0,366,472
768,37.5,-137.5,8019.614605533606,0.9836570492212748,1.0,0.9836570492212748,False,0,,,,,,0.0,0.0,0.5,1.0,0.9836570492212748,0.0,0.01,0.0,0.03,0.0,0.02,0.0,0.01,0.0,0.03,0.0,0.02,0.0,0.01,0.0,0.03,0.0,0.02,0.0,0.01,0.0,0.03,0.0,0.02,0.0,0.01,0.0,0.03,0.0,0.02,0.0,0.0,818,868
769,37.5,-132.5,8405.308855298434,1.2453093538478608,1.0,1.2453093538478608,False,0,,,,,,0.0,0.0,0.5,1.0,1.2453093538478608,0.0,0.01,0.0,0.06,0.0,0.05,0.0,0.01,0.0,0.06,0.0,0.05,0.01,0.02,0.01,0.07,0.01,0.05,0.01,0.02,0.01,0.07,0.01,0.05,0.01,0.02,0.01,0.07,0.01,0.05,0.0,0.0,366,339
770,37.5,-127.5,8781.1772836354,1.2795561244980496,1.0,1.2795561244980496,False,0,,,,,,0.0,0.0,0.5,1.0,1.2795561244980496,0.0,0.01,0.0,0.06,0.0,0.06,0.0,0.01,0.0,0.06,0.0,0.06,0.0,0.01,0.0,0.06,0.0,0.06,0.0,0.01,0.0,0.06,0.0,0.06,0.0,0.01,0.0,0.06,0.0,0.06,0.0,0.0,240,472
771,37.5,-122.5,9146.078801248246,1.277799971752736,1.0,1.277799971752736,True,985,cas,162.86851740792548,41.54535218946427,10.970500664474637,18.306972288934492,0.9656930316001339,0.08137216285151057,0.7002792274161111,1.0162971539090786,1.2986244745574065,0.0,0.02,0.01,0.08,0.01,0.07,0.0,0.02,0.01,0.08,0.01,0.07,0.0,0.02,0.01,0.08,0.01,0.07,0.0,0.02,0.01,0.08,0.01,0.07,0.0,0.02,0.01,0.08,0.01,0.07,0.0,0.0,135,221
772,37.5,-117.5,9498.759009381132,1.261224314380124,1.0,1.261224314380124,True,370,cas,376.30273239751807,59.497025495856526,12.848951571903408,19.42028335889566,0.9438814185267739,0.07465503567885505,0.8232793473140126,1.0241344312079645,1.2916632458333435,0.0,0.02,0.0,0.03,0.0,0.01,0.0,0.02,0.0,0.03,0.0,0.01,0.0,0.02,0.0,0.03,0.0,0.01,0.0,0.02,0.0,0.03,0.0,0.01,0.0,0.02,0.0,0.03,0.0,0.01,0.0,0.0,913,868
773,37.5,-112.5,9837.842785524806,1.2069885581780933,1.0,1.2069885581780933,False,0,,,,,,0.0,0.0,0.5,1.0,1.2069885581780933,0.0,0.04,0.0,0.06,0.0,0.03,0.0,0.04,0.0,0.06,0.0,0.03,0.0,0.04,0.0,0.06,0.0,0.03,0.0,0.04,0.0,0.06,0.0,0.03,0.0,0.04,0.0,0.06,0.0,0.03,0.0,0.0,665,472
774,37.5,-107.5,10161.829563443132,1.0027121161038617,1.0,1.0027121161038617,False,0,,,,,,0.0,0.0,0.5,1.0,1.0027121161038617,0.0,0.01,0.01,0.03,0.01,0.03,0.0,0.01,0.01,0.03,0.01,0.03,0.0,0.01,0.01,0.03,0.01,0.03,0.0,0.01,0.01,0.03,0.01,0.03,0.0,0.01,0.01,0.03,0.01,0.03,0.0,0.0,665,868
775,37.5,-102.5,10469.092682905111,1.1957391999715203,1.0,1.1957391999715203,False,0,,,,,,0.0,0.0,0.5,1.0,1.1957391999715203,0.0,0.01,0.01,0.04,0.01,0.03,0.0,0.02,0.01,0.05,0.01,0.03,0.0,0.02,0.01,0.05,0.01,0.03,0.0,0.02,0.01,0.05,0.01,0.03,0.0,0.02,0.01,0.05,0.01,0.03,0.0,0.0,665,618
776,37.5,-97.5,10757.884525379082,1.2729849486549545,1.0,1.2729849486549545,False,0,,,,,,0.0,0.0,0.5,1.0,1.2729849486549545,0.0,0.01,0.0,0.01,0.0,0.0,0.0,0.01,0.0,0.01,0.0,0.0,0.0,0.01,0.0,0.01,0.0,0.0,0.0,0.01,0.0,0.01,0.0,0.0,0.0,0.01,0.0,0.01,0.0,0.0,0.0,0.0,954,950
777,37.5,-92.5,11026.349430995733,1.3101066385398665,1.0,1.3101066385398665,False,0,,,,,,0.0,0.0,0.5,1.0,1.3101066385398665,0.0,0.02,0.0,0.08,0.0,0.07,0.0,0.03,0.0,0.09,0.0,0.07,0.0,0.03,0.0,0.09,0.0,0.07,0.0,0.03,0.0,0.09,0.0,0.07,0.0,0.03,0.0,0.09,0.0,0.07,0.0,0.0,135,146
778,37.5,-87.5,11272.546510045779,1.31914609314276,1.0,1.31914609314276,False,0,,,,,,0.0,0.0,0.5,1.0,1.31914609314276,0.0,0.03,0.0,0.06,0.0,0.04,0.0,0.03,0.0,0.06,0.0,0.04,0.0,0.03,0.0,0.06,0.0,0.04,0.0,0.03,0.0,0.06,0.0,0.04,0.0,0.03,0.0,0.06,0.0,0.04,0.0,0.0,526,472
779,37.5,-82.5,11494.484282546198,1.2985495892024155,1.0,1.2985495892024155,False,0,,,,,,0.0,0.0,0.5,1.0,1.2985495892024155,0.0,0.04,0.0,0.06,0.0,0.03,0.0,0.06,0.0,0.08,0.0,0.05,0.0,0.06,0.0,0.08,0.0,0.05,0.0,0.06,0.0,0.08,0.0,0.05,0.0,0.06,0.0,0.08,0.0,0.05,0.0,0.0,366,221
780,37.5,-77.5,11690.168445442878,1.278919639836583,1.0,1.278919639836583,False,0,,,,,,0.0,0.0,0.5,1.0,1.278919639836583,0.0,0.03,0.0,0.04,0.0,0.03,0.0,0.03,0.0,0.04,0.0,0.03,0.0,0.02,0.0,0.04,0.0,0.03,0.0,0.02,0.0,0.04,0.0,0.03,0.0,0.02,0.0,0.04,0.0,0.03,0.0,0.0,665,762
781,37.5,-72.5,11857.66284610667,1.2689138595691367,1.0,1.2689138595691367,False,0,,,,,,0.0,0.0,0.5,1.0,1.2689138595691367,0.0,0.03,0.0,0.07,0.0,0.05,0.0,0.03,0.0,0.07,0.0,0.05,0.0,0.03,0.0,0.07,0.0,0.05,0.0,0.03,0.0,0.07,0.0,0.05,0.0,0.03,0.0,0.07,0.0,0.05,0.0,0.0,366,339
782,37.5,-67.5,11995.161897308844,1.261426717573932,1.0,1.261426717573932,False,0,,,,,,0.0,0.0,0.5,1.0,1.261426717573932,0.0,0.04,0.04,0.11,0.04,0.08,0.0,0.03,0.04,0.11,0.04,0.08,0.0,0.03,0.04,0.11,0.04,0.08,0.0,0.03,0.04,0.11,0.04,0.08,0.0,0.03,0.04,0.11,0.04,0.08,0.0,0.0,66,40
783,37.5,97.5,3054.632160869517,1.072250334829782,1.0,1.072250334829782,False,0,,,,,,0.0,0.0,0.5,1.0,1.072250334829782,0.0,0.03,0.0,0.04,0.0,0.01,0.0,0.04,0.0,0.06,0.0,0.03,0.0,0.04,0.0,0.06,0.0,0.03,0.0,0.04,0.0,0.06,0.0,0.03,0.0,0.04,0.0,0.06,0.0,0.03,0.0,0.0,665,472
784,37.5,102.5,2613.833062462827,1.1565197642211613,1.0,1.1565197642211613,False,0,,,,,,0.0,0.0,0.5,1.0,1.1565197642211613,0.0,0.01,0.0,0.03,0.0,0.02,0.0,0.02,0.0,0.04,0.0,0.03,0.0,0.02,0.0,0.04,0.0,0.03,0.0,0.02,0.0,0.04,0.0,0.03,0.0,0.02,0.0,0.04,0.0,0.03,0.0,0.0,665,762
785,37.5,107.5,2174.8398771303227,1.1593837798859583,1.0,1.1593837798859583,False,0,,,,,,0.0,0.0,0.5,1.0,1.1593837798859583,0.0,0.02,0.0,0.08,0.0,0.07,0.01,0.03,0.01,0.11,0.01,0.09,0.0,0.02,0.01,0.11,0.01,0.09,0.0,0.02,0.01,0.11,0.01,0.09,0.0,0.02,0.01,0.11,0.01,0.09,0.0,0.0,29,40
786,37.5,112.5,1740.6499335794135,1.179746504497825,1.0,1.179746504497825,False,0,,,,,,0.0,0.0,0.5,1.0,1.179746504497825,0.0,0.01,0.01,0.06,0.01,0.05,0.0,0.02,0.01,0.08,0.01,0.07,0.0,0.02,0.02,0.08,0.02,0.07,0.0,0.02,0.02,0.08,0.02,0.07,0.0,0.02,0.02,0.08,0.02,0.07,0.0,0.0,135,221
787,37.5,117.5,1317.726021315574,1.227278537700304,1.0522704451980394,1.2914289332478976,False,0,,,,,,0.0,0.0,0.5,1.0,1.2914289332478976,0.0,0.05,0.01,0.1,0.01,0.06,0.01,0.06,0.04,0.14,0.03,0.1,0.0,0.03,0.07,0.14,0.07,0.12,0.0,0.01,0.09,0.14,0.09,0.13,0.0,0.01,0.09,0.14,0.09,0.13,0.0,0.0,1,6
788,37.5,122.5,923.5212686683252,1.2632839965586653,1.0826739648778025,1.3677246933208465,False,0,,,,,,0.0,0.0,0.5,1.0,1.3677246933208465,0.0,0.01,0.0,0.02,0.0,0.02,0.0,0.02,0.0,0.04,0.0,0.03,0.0,0.01,0.03,0.06,0.03,0.05,0.0,0.0,0.06,0.08,0.06,0.08,0.0,0.0,0.06,0.08,0.06,0.08,0.0,0.0,66,221
789,37.5,127.5,617.7255212720617,1.170256498923404,1.13481251818781,1.3280217244689183,True,253,kur,544.8912196592732,25.18265048502969,20.556943308982902,8.627941395816276,0.9742386547149801,0.34981546598687013,0.5950027499077043,1.0332334312289977,1.2091481378006628,0.01,0.0,0.02,0.03,0.02,0.03,0.0,0.0,0.03,0.03,0.03,0.03,0.0,0.0,0.03,0.03,0.03,0.03,0.0,0.0,0.06,0.06,0.06,0.06,0.0,0.0,0.04,0.04,0.04,0.04,-0.019999999999999997,0.0,526,762
790,37.5,132.5,568.9234633932454,0.9406550641395194,1.0370106034421072,0.9754692756941971,True,8996,"izu,kur,ryu",422.01981128227544,24.975873501985934,7.2955974281314955,10.840135635547899,0.7697012158448479,0.17884101554384707,0.24786129384313985,0.9549072577329955,0.8982383477701233,0.0,0.04,0.0,0.05,0.0,0.02,0.01,0.02,0.04,0.08,0.04,0.07,0.01,0.02,0.02,0.08,0.02,0.07,0.01,0.02,0.03,0.08,0.03,0.07,0.01,0.02,0.02,0.08,0.02,0.07,0.0,0.0,135,221
791,37.5,137.5,824.199494129174,0.9884656718460538,0.9773419757237736,0.9660689926571495,True,13901,"izu,kur,ryu",168.8650138954366,29.21527785084418,12.230929822127152,13.895283249476499,0.356863693931683,0.04837371688582828,0.5465839298970283,1.0022534378362682,0.990693117790844,0.0,0.0,0.0,0.05,0.0,0.05,0.02,0.01,0.04,0.06,0.04,0.05,0.03,0.01,0.04,0.06,0.04,0.05,0.03,0.01,0.04,0.06,0.04,0.05,0.03,0.01,0.04,0.06,0.04,0.05,0.0,0.0,366,472
792,37.5,142.5,1203.153864985906,1.043712501913628,1.0,1.043712501913628,True,7019,"izu,kur",34.7414275938352,13.306878955784557,16.626549177812148,11.86136534154429,0.9521410484476162,0.18587116619735775,0.303568294186483,0.9634890097623053,1.0056055249452995,0.0,0.02,0.0,0.05,0.0,0.03,0.01,0.01,0.01,0.07,0.01,0.06,0.01,0.02,0.01,0.08,0.01,0.07,0.01,0.02,0.01,0.08,0.01,0.07,0.01,0.01,0.01,0.07,0.01,0.06,-0.009999999999999995,-0.01,240,339
793,37.5,147.5,1620.6613019649017,1.049402863381543,1.0,1.049402863381543,False,0,,,,,,0.0,0.0,0.5,1.0,1.049402863381543,0.0,0.02,0.01,0.06,0.01,0.04,0.01,0.02,0.02,0.07,0.02,0.06,0.02,0.03,0.03,0.08,0.03,0.07,0.02,0.03,0.03,0.08,0.03,0.07,0.02,0.03,0.03,0.08,0.03,0.07,0.0,0.0,135,221
794,37.5,152.5,2052.598675222822,1.0391786583217932,1.0205126294515396,1.0604949450738963,False,0,,,,,,0.0,0.0,0.5,1.0,1.0604949450738963,0.0,0.02,0.0,0.07,0.0,0.05,0.0,0.02,0.0,0.08,0.0,0.06,0.02,0.03,0.02,0.09,0.02,0.07,0.02,0.03,0.02,0.09,0.02,0.07,0.02,0.03,0.02,0.09,0.02,0.07,0.0,0.0,135,146
795,37.5,157.5,2490.6382899539003,1.0493055219707368,1.027258686465042,1.0779082122001742,False,0,,,,,,0.0,0.0,0.5,1.0,1.0779082122001742,0.0,0.01,0.01,0.02,0.01,0.01,0.0,0.02,0.01,0.03,0.01,0.01,0.01,0.04,0.01,0.04,0.0,0.01,0.01,0.04,0.01,0.04,0.0,0.01,0.01,0.04,0.01,0.04,0.0,0.01,0.0,0.0,913,762
796,37.5,162.5,2931.1376264454843,0.997876140740265,1.0279184111665542,1.025735257130746,False,0,,,,,,0.0,0.0,0.5,1.0,1.025735257130746,0.0,0.06,0.01,0.09,0.01,0.05,0.0,0.04,0.01,0.11,0.01,0.09,0.0,0.04,0.01,0.11,0.01,0.09,0.0,0.04,0.01,0.11,0.01,0.09,0.0,0.04,0.01,0.11,0.01,0.09,0.0,0.0,29,40
797,37.5,167.5,3372.158944473994,1.0,1.0229854226393564,1.0229854226393564,False,0,,,,,,0.0,0.0,0.5,1.0,1.0229854226393564,0.01,0.04,0.04,0.11,0.04,0.08,0.01,0.02,0.04,0.12,0.04,0.11,0.01,0.02,0.04,0.12,0.04,0.11,0.01,0.02,0.04,0.12,0.04,0.11,0.01,0.02,0.04,0.12,0.04,0.11,0.0,0.0,5,18
798,37.5,172.5,3812.485199428118,1.0,1.0,1.0,False,0,,,,,,0.0,0.0,0.5,1.0,1.0,0.0,0.03,0.0,0.05,0.0,0.02,0.0,0.04,0.01,0.06,0.01,0.03,0.0,0.04,0.01,0.06,0.01,0.03,0.0,0.04,0.01,0.06,0.01,0.03,0.0,0.04,0.01,0.06,0.01,0.03,0.0,0.0,665,472
799,37.5,177.5,4251.234812899869,1.0,1.0,1.0,False,0,,,,,,0.0,0.0,0.5,1.0,1.0,0.0,0.03,0.01,0.06,0.01,0.05,0.0,0.02,0.01,0.08,0.01,0.08,0.0,0.02,0.01,0.08,0.01,0.07,0.0,0.02,0.01,0.08,0.01,0.07,0.0,0.02,0.01,0.08,0.01,0.07,0.0,0.0,135,221
800,42.5,-177.5,4622.861557594579,0.7708364037350798,1.0,0.7708364037350798,False,0,,,,,,0.0,0.0,0.5,1.0,0.7708364037350798,0.0,0.05,0.02,0.1,0.02,0.08,0.0,0.04,0.02,0.11,0.02,0.08,0.0,0.05,0.02,0.11,0.02,0.07,0.0,0.04,0.02,0.11,0.02,0.08,0.0,0.04,0.02,0.11,0.02,0.08,0.0,0.0,66,40
801,42.5,-172.5,5030.883298133822,0.7493987829830185,1.0,0.7493987829830185,False,0,,,,,,0.0,0.0,0.5,1.0,0.7493987829830185,0.0,0.03,0.02,0.08,0.02,0.07,0.0,0.05,0.02,0.11,0.02,0.09,0.0,0.04,0.02,0.1,0.02,0.08,0.0,0.04,0.02,0.1,0.02,0.08,0.0,0.04,0.02,0.1,0.02,0.08,0.0,0.0,66,83
802,42.5,-167.5,5436.3813446845215,0.7484776751333564,1.0,0.7484776751333564,False,0,,,,,,0.0,0.0,0.5,1.0,0.7484776751333564,0.0,0.0,0.01,0.04,0.01,0.04,0.0,0.0,0.01,0.04,0.01,0.04,0.0,0.0,0.01,0.04,0.01,0.04,0.0,0.0,0.01,0.04,0.01,0.04,0.0,0.0,0.01,0.04,0.01,0.04,0.0,0.0,526,762
803,42.5,-162.5,5838.436656038088,0.8147364452141318,1.0,0.8147364452141318,False,0,,,,,,0.0,0.0,0.5,1.0,0.8147364452141318,0.0,0.02,0.02,0.06,0.02,0.04,0.0,0.02,0.02,0.06,0.02,0.04,0.0,0.02,0.02,0.06,0.02,0.04,0.0,0.02,0.02,0.06,0.02,0.04,0.0,0.02,0.02,0.06,0.02,0.04,0.0,0.0,526,472
804,42.5,-157.5,6236.185699108148,0.9936585030465159,1.0,0.9936585030465159,False,0,,,,,,0.0,0.0,0.5,1.0,0.9936585030465159,0.02,0.01,0.03,0.07,0.03,0.06,0.0,0.01,0.03,0.07,0.03,0.06,0.0,0.01,0.03,0.07,0.03,0.06,0.0,0.01,0.03,0.07,0.03,0.06,0.0,0.01,0.03,0.07,0.03,0.06,0.0,0.0,240,339
805,42.5,-152.5,6628.78319190421,1.0,1.0,1.0,False,0,,,,,,0.0,0.0,0.5,1.0,1.0,0.01,0.02,0.02,0.05,0.01,0.04,0.01,0.02,0.02,0.06,0.01,0.04,0.01,0.02,0.02,0.06,0.01,0.04,0.01,0.02,0.02,0.06,0.01,0.04,0.01,0.02,0.02,0.06,0.01,0.04,0.0,0.0,526,472
806,42.5,-147.5,7015.3754399354675,1.0,1.0,1.0,False,0,,,,,,0.0,0.0,0.5,1.0,1.0,0.0,0.02,0.0,0.06,0.0,0.04,0.01,0.03,0.01,0.07,0.01,0.05,0.01,0.03,0.01,0.07,0.01,0.05,0.01,0.03,0.01,0.07,0.01,0.05,0.01,0.03,0.01,0.07,0.01,0.05,0.0,0.0,366,339
807,42.5,-142.5,7395.08014612507,1.0136835613992936,1.0,1.0136835613992936,False,0,,,,,,0.0,0.0,0.5,1.0,1.0136835613992936,0.0,0.03,0.0,0.06,0.0,0.04,0.0,0.03,0.0,0.07,0.0,0.05,0.0,0.03,0.0,0.07,0.0,0.05,0.0,0.03,0.0,0.07,0.0,0.05,0.0,0.03,0.0,0.07,0.0,0.05,0.0,0.0,366,339
808,42.5,-137.5,7766.9703455177605,1.2434660702106024,1.0,1.2434660702106024,False,0,,,,,,0.0,0.0,0.5,1.0,1.2434660702106024,0.01,0.02,0.02,0.08,0.02,0.08,0.02,0.02,0.03,0.08,0.03,0.08,0.02,0.02,0.03,0.08,0.03,0.08,0.02,0.02,0.03,0.08,0.03,0.08,0.02,0.02,0.03,0.08,0.03,0.08,0.0,0.0,66,221
809,42.5,-132.5,8130.061152311215,1.2271590644020736,1.0,1.2271590644020736,False,0,,,,,,0.0,0.0,0.5,1.0,1.2271590644020736,0.0,0.05,0.0,0.1,0.0,0.09,0.01,0.04,0.01,0.1,0.01,0.08,0.01,0.03,0.01,0.1,0.01,0.09,0.01,0.03,0.01,0.1,0.01,0.09,0.01,0.03,0.01,0.1,0.01,0.09,0.0,0.0,29,83
810,42.5,-127.5,8483.298659413573,1.2244811333886574,1.0,1.2244811333886574,True,479,cas,7.037759541514106,5.998030451344268,176.926546281243,6.976923200492012,0.9903466142800867,0.4462443744481296,0.1612501085295293,0.848834766586388,1.0393821570493968,0.0,0.03,0.03,0.09,0.03,0.07,0.0,0.03,0.03,0.1,0.03,0.07,0.0,0.03,0.03,0.1,0.03,0.07,0.0,0.03,0.03,0.1,0.03,0.07,0.0,0.03,0.03,0.1,0.03,0.07,0.0,0.0,135,83
811,42.5,-122.5,8825.550782846647,1.217332784481938,1.0,1.217332784481938,True,9648,cas,74.25030824250634,24.80024293166435,178.86481337853283,13.122361188715693,0.9332017485864431,0.14405181625475716,0.49259537902947664,0.998933350900518,1.2160343175636004,0.0,0.03,0.01,0.06,0.01,0.05,0.0,0.02,0.01,0.06,0.01,0.05,0.0,0.02,0.01,0.06,0.01,0.05,0.0,0.02,0.01,0.06,0.01,0.05,0.0,0.02,0.01,0.06,0.01,0.05,0.0,0.0,366,472
812,42.5,-117.5,9155.600192588476,1.1954393517295627,1.0,1.1954393517295627,True,527,cas,385.03057940806866,56.370602977707186,0.9461624766129573,14.90156102457289,0.8351119304367656,0.11086004789039036,0.826546248044565,1.0362009326966477,1.2387153712444487,0.0,0.02,0.01,0.04,0.01,0.04,0.0,0.01,0.01,0.04,0.01,0.04,0.0,0.0,0.01,0.04,0.01,0.04,0.0,0.0,0.01,0.04,0.01,0.04,0.0,0.0,0.01,0.04,0.01,0.04,0.0,0.0,526,762
813,42.5,-112.5,9472.13976886481,1.1660639943624809,1.0,1.1660639943624809,False,0,,,,,,0.0,0.0,0.5,1.0,1.1660639943624809,0.0,0.02,0.0,0.11,0.0,0.1,0.01,0.03,0.01,0.12,0.01,0.1,0.01,0.03,0.01,0.12,0.01,0.1,0.01,0.03,0.01,0.12,0.01,0.1,0.01,0.03,0.01,0.12,0.01,0.1,0.0,0.0,13,18
814,42.5,-107.5,9773.771290139293,1.05355903624137,1.0,1.05355903624137,False,0,,,,,,0.0,0.0,0.5,1.0,1.05355903624137,0.01,0.04,0.01,0.1,0.01,0.06,0.02,0.05,0.02,0.1,0.02,0.05,0.02,0.06,0.02,0.1,0.02,0.04,0.02,0.06,0.02,0.1,0.02,0.04,0.02,0.05,0.02,0.1,0.02,0.05,0.0,-0.009999999999999995,366,83
815,42.5,-102.5,10059.00829537228,1.0936465033602076,1.0,1.0936465033602076,False,0,,,,,,0.0,0.0,0.5,1.0,1.0936465033602076,0.01,0.03,0.01,0.08,0.01,0.07,0.01,0.04,0.01,0.09,0.01,0.08,0.01,0.04,0.01,0.09,0.01,0.08,0.01,0.04,0.01,0.09,0.01,0.08,0.01,0.04,0.01,0.09,0.01,0.08,0.0,0.0,66,146
816,42.5,-97.5,10326.284247077348,1.2345330006759674,1.0,1.2345330006759674,False,0,,,,,,0.0,0.0,0.5,1.0,1.2345330006759674,0.0,0.04,0.02,0.08,0.02,0.05,0.0,0.03,0.02,0.08,0.02,0.05,0.0,0.03,0.02,0.08,0.02,0.05,0.0,0.03,0.02,0.08,0.02,0.05,0.0,0.03,0.02,0.08,0.02,0.05,0.0,0.0,366,221
817,42.5,-92.5,10573.967211318102,1.305506662250421,1.0,1.305506662250421,False,0,,,,,,0.0,0.0,0.5,1.0,1.305506662250421,0.0,0.02,0.0,0.05,0.0,0.03,0.0,0.04,0.0,0.07,0.0,0.04,0.0,0.04,0.0,0.07,0.0,0.04,0.0,0.04,0.0,0.07,0.0,0.04,0.0,0.04,0.0,0.07,0.0,0.04,0.0,0.0,526,339
818,42.5,-87.5,10800.38220548913,1.313107559070525,1.0,1.313107559070525,False,0,,,,,,0.0,0.0,0.5,1.0,1.313107559070525,0.0,0.03,0.0,0.07,0.0,0.05,0.0,0.04,0.0,0.08,0.0,0.05,0.0,0.04,0.0,0.08,0.0,0.05,0.0,0.04,0.0,0.08,0.0,0.05,0.0,0.04,0.0,0.08,0.0,0.05,0.0,0.0,366,221
819,42.5,-82.5,11003.842072906373,1.2872144507642744,1.0,1.2872144507642744,False,0,,,,,,0.0,0.0,0.5,1.0,1.2872144507642744,0.01,0.02,0.01,0.04,0.01,0.04,0.01,0.02,0.01,0.04,0.01,0.04,0.01,0.01,0.01,0.04,0.01,0.04,0.01,0.02,0.01,0.04,0.01,0.03,0.01,0.02,0.01,0.04,0.01,0.03,0.0,0.0,665,762
820,42.5,-77.5,11182.68715905967,1.276900799673729,1.0,1.276900799673729,False,0,,,,,,0.0,0.0,0.5,1.0,1.276900799673729,0.0,0.0,0.0,0.01,0.0,0.01,0.0,0.0,0.0,0.01,0.0,0.01,0.0,0.0,0.0,0.01,0.0,0.01,0.0,0.0,0.0,0.01,0.0,0.01,0.0,0.0,0.0,0.01,0.0,0.01,0.0,0.0,913,950
821,42.5,-72.5,11335.333155674389,1.2745328672750145,1.0,1.2745328672750145,False,0,,,,,,0.0,0.0,0.5,1.0,1.2745328672750145,0.0,0.01,0.0,0.03,0.0,0.02,0.0,0.01,0.0,0.03,0.0,0.02,0.0,0.01,0.0,0.03,0.0,0.02,0.0,0.01,0.0,0.03,0.0,0.02,0.0,0.01,0.0,0.03,0.0,0.02,0.0,0.0,818,868
822,42.5,-67.5,11460.325282698366,1.2733607933821998,1.0,1.2733607933821998,False,0,,,,,,0.0,0.0,0.5,1.0,1.2733607933821998,0.0,0.02,0.0,0.04,0.0,0.03,0.0,0.02,0.0,0.04,0.0,0.03,0.0,0.02,0.0,0.04,0.0,0.03,0.0,0.02,0.0,0.04,0.0,0.03,0.0,0.02,0.0,0.04,0.0,0.03,0.0,0.0,665,762
823,42.5,97.5,3102.9568920852644,0.8571301603609905,1.0,0.8571301603609905,False,0,,,,,,0.0,0.0,0.5,1.0,0.8571301603609905,0.0,0.04,0.01,0.06,0.01,0.04,0.0,0.02,0.01,0.08,0.01,0.07,0.0,0.02,0.01,0.08,0.01,0.07,0.0,0.02,0.01,0.08,0.01,0.07,0.0,0.02,0.01,0.08,0.01,0.07,0.0,0.0,135,221
824,42.5,102.5,2702.3289395818783,0.992765238817497,1.0,0.992765238817497,False,0,,,,,,0.0,0.0,0.5,1.0,0.992765238817497,0.0,0.03,0.01,0.08,0.01,0.07,0.01,0.03,0.02,0.1,0.01,0.08,0.01,0.03,0.02,0.1,0.01,0.08,0.01,0.03,0.02,0.1,0.01,0.08,0.01,0.03,0.02,0.1,0.01,0.08,0.0,0.0,66,83
825,42.5,107.5,2311.833304259204,1.1349812751781507,1.0,1.1349812751781507,False,0,,,,,,0.0,0.0,0.5,1.0,1.1349812751781507,0.0,0.01,0.0,0.04,0.0,0.04,0.01,0.01,0.01,0.05,0.01,0.05,0.01,0.02,0.01,0.06,0.01,0.05,0.01,0.02,0.01,0.06,0.01,0.05,0.01,0.02,0.01,0.06,0.01,0.05,0.0,0.0,366,472
826,42.5,112.5,1939.1419965989123,1.218160954978878,1.0,1.218160954978878,False,0,,,,,,0.0,0.0,0.5,1.0,1.218160954978878,0.0,0.0,0.01,0.05,0.01,0.05,0.0,0.01,0.01,0.07,0.01,0.06,0.01,0.01,0.03,0.07,0.03,0.06,0.01,0.01,0.03,0.07,0.03,0.06,0.01,0.01,0.03,0.07,0.03,0.06,0.0,0.0,240,339
827,42.5,117.5,1598.2462482060812,1.2320096803927436,1.0,1.2320096803927436,False,0,,,,,,0.0,0.0,0.5,1.0,1.2320096803927436,0.0,0.01,0.01,0.06,0.01,0.05,0.02,0.01,0.03,0.08,0.03,0.08,0.01,0.01,0.03,0.09,0.03,0.08,0.01,0.01,0.03,0.09,0.03,0.08,0.01,0.01,0.03,0.09,0.03,0.08,0.0,0.0,66,146
828,42.5,122.5,1315.4687006710014,1.1518596608775686,1.0,1.1518596608775686,False,0,,,,,,0.0,0.0,0.5,1.0,1.1518596608775686,0.0,0.03,0.0,0.05,0.0,0.02,0.0,0.04,0.01,0.09,0.01,0.06,0.0,0.03,0.02,0.09,0.02,0.07,0.0,0.03,0.02,0.09,0.02,0.07,0.0,0.03,0.02,0.09,0.02,0.07,0.0,0.0,135,146
829,42.5,127.5,1136.1565261654634,1.0942655343545278,1.0559849762835465,1.1555279643432683,False,0,,,,,,0.0,0.0,0.5,1.0,1.1555279643432683,0.01,0.0,0.02,0.07,0.02,0.07,0.02,0.02,0.06,0.11,0.06,0.09,0.02,0.02,0.06,0.11,0.06,0.09,0.01,0.02,0.06,0.11,0.06,0.09,0.01,0.02,0.06,0.11,0.06,0.09,0.0,0.0,29,40
830,42.5,132.5,1112.1294912110366,1.0054799449733378,1.0,1.0054799449733378,True,9458,kur,459.0848547826581,28.95708658671851,3.5286058912138354,13.70402021220496,0.9629218557705211,0.15088472755164772,0.12864410770369897,0.9439680673661736,0.9491409604319282,0.0,0.01,0.0,0.04,0.0,0.03,0.01,0.01,0.02,0.05,0.02,0.04,0.01,0.02,0.02,0.05,0.01,0.03,0.01,0.02,0.02,0.05,0.01,0.03,0.02,0.02,0.02,0.05,0.01,0.03,0.0,0.0,665,618
831,42.5,137.5,1252.4189730334806,0.8711762239210155,1.0,0.8711762239210155,True,10000,kur,273.602957147647,27.034908853957834,7.781091150586751,14.96781848564243,0.8548379788061133,0.10975101628774153,0.34024121026189413,0.9824663104653433,0.8559012904808098,0.01,0.03,0.01,0.07,0.01,0.06,0.02,0.02,0.03,0.1,0.03,0.09,0.01,0.03,0.02,0.09,0.02,0.08,0.01,0.03,0.02,0.09,0.02,0.08,0.01,0.03,0.02,0.09,0.02,0.08,0.0,0.0,66,146
832,42.5,142.5,1511.6435462586617,0.9876640974251412,0.9265413253096454,0.915111601789045,True,9779,kur,83.12311700471192,21.44233191398499,37.93330381111229,15.319505773724233,0.7125023787080735,0.08541546108405966,0.25666246878285875,0.9792152125720311,0.9671357091099229,0.0,0.02,0.01,0.1,0.01,0.09,0.02,0.02,0.05,0.12,0.05,0.11,0.02,0.02,0.04,0.12,0.04,0.11,0.02,0.02,0.03,0.12,0.03,0.11,0.03,0.02,0.04,0.12,0.04,0.11,0.0,0.0,5,18
833,42.5,147.5,1839.6486199206063,1.0453615855644958,0.9364385384860825,0.9789168753755103,True,4806,kur,30.517348756580258,15.415144101037441,57.07193388737163,11.90049345584699,0.9706023938532301,0.16735651431144474,0.08285691634826124,0.9301883875509176,0.9723832076839088,0.0,0.05,0.0,0.06,0.0,0.04,0.0,0.02,0.0,0.07,0.0,0.06,0.0,0.02,0.0,0.07,0.0,0.06,0.0,0.02,0.0,0.07,0.0,0.06,0.0,0.02,0.0,0.07,0.0,0.06,0.0,0.0,240,339
834,42.5,152.5,2205.237843070263,1.0994973802595587,0.9558768462597211,1.0509840883133323,True,386,kur,13.175071634871752,7.363374949217648,55.05189318554927,8.992705094133937,0.9996221271395178,0.3012836314456639,0.004930030324912736,0.850843521716595,0.9355002231382131,0.0,0.0,0.0,0.01,0.0,0.01,0.0,0.02,0.0,0.05,0.0,0.05,0.0,0.01,0.0,0.05,0.0,0.05,0.0,0.01,0.0,0.05,0.0,0.05,0.0,0.02,0.0,0.05,0.0,0.05,0.0,0.01,366,618
835,42.5,157.5,2591.7156982522806,1.1683822504294938,0.9760770430825714,1.1404310921893808,False,0,,,,,,0.0,0.0,0.5,1.0,1.1404310921893808,0.0,0.02,0.01,0.04,0.01,0.03,0.0,0.02,0.01,0.08,0.01,0.07,0.0,0.03,0.01,0.09,0.01,0.08,0.0,0.03,0.01,0.09,0.01,0.08,0.0,0.03,0.01,0.09,0.01,0.08,0.0,0.0,66,146
836,42.5,162.5,2990.059246134088,1.1943594090731058,0.9912255009644187,1.1838795035900564,False,0,,,,,,0.0,0.0,0.5,1.0,1.1838795035900564,0.0,0.06,0.01,0.08,0.01,0.03,0.0,0.07,0.01,0.1,0.01,0.03,0.0,0.07,0.01,0.1,0.01,0.03,0.0,0.07,0.01,0.1,0.01,0.03,0.0,0.07,0.01,0.1,0.01,0.03,0.0,0.0,665,83
837,42.5,167.5,3395.0809901462617,1.1179500852325965,0.999503293585186,1.1173947922538197,False,0,,,,,,0.0,0.0,0.5,1.0,1.1173947922538197,0.02,0.02,0.02,0.06,0.02,0.05,0.0,0.04,0.02,0.09,0.02,0.08,0.0,0.04,0.02,0.1,0.02,0.08,0.0,0.04,0.02,0.1,0.02,0.08,0.0,0.04,0.02,0.1,0.02,0.08,0.0,0.0,66,83
838,42.5,172.5,3803.56311637436,0.8206688612309706,1.0020626853390835,0.822361642859274,False,0,,,,,,0.0,0.0,0.5,1.0,0.822361642859274,0.0,0.0,0.01,0.04,0.01,0.04,0.0,0.01,0.01,0.05,0.01,0.04,0.0,0.0,0.01,0.04,0.01,0.04,0.0,0.0,0.01,0.04,0.01,0.04,0.0,0.0,0.01,0.04,0.01,0.04,0.0,0.0,526,762
839,42.5,177.5,4213.345850036377,0.7787892719961131,1.001570034905875,0.7800119983374679,False,0,,,,,,0.0,0.0,0.5,1.0,0.7800119983374679,0.0,0.02,0.0,0.06,0.0,0.04,0.01,0.02,0.01,0.06,0.01,0.04,0.01,0.02,0.01,0.06,0.01,0.04,0.01,0.02,0.01,0.06,0.01,0.04,0.01,0.02,0.01,0.06,0.01,0.04,0.0,0.0,526,472
840,47.5,-177.5,4612.31500029777,0.9333827342489291,0.9802343401978404,0.9149338086585552,False,0,,,,,,0.0,0.0,0.5,1.0,0.9149338086585552,0.0,0.05,0.0,0.07,0.0,0.04,0.0,0.01,0.0,0.07,0.0,0.06,0.0,0.01,0.0,0.07,0.0,0.06,0.0,0.01,0.0,0.07,0.0,0.06,0.0,0.01,0.0,0.07,0.0,0.06,0.0,0.0,240,339
841,47.5,-172.5,4987.860641316053,0.9098451054161528,1.0,0.9098451054161528,False,0,,,,,,0.0,0.0,0.5,1.0,0.9098451054161528,0.0,0.02,0.01,0.05,0.01,0.04,0.0,0.03,0.01,0.07,0.01,0.06,0.0,0.03,0.01,0.07,0.01,0.06,0.0,0.03,0.01,0.07,0.01,0.06,0.0,0.03,0.01,0.07,0.01,0.06,0.0,0.0,240,339
842,47.5,-167.5,5362.632904068948,0.8986221614373192,1.0082080983883532,0.9059981405523514,False,0,,,,,,0.0,0.0,0.5,1.0,0.9059981405523514,0.0,0.02,0.01,0.06,0.01,0.04,0.01,0.02,0.02,0.06,0.02,0.04,0.01,0.02,0.02,0.06,0.02,0.04,0.01,0.02,0.02,0.06,0.02,0.04,0.01,0.02,0.02,0.06,0.02,0.04,0.0,0.0,526,472
843,47.5,-162.5,5735.310351259636,0.9045266392320962,1.0124525626923595,0.9157903139140431,False,0,,,,,,0.0,0.0,0.5,1.0,0.9157903139140431,0.0,0.03,0.0,0.07,0.0,0.05,0.0,0.03,0.0,0.07,0.0,0.05,0.0,0.03,0.0,0.07,0.0,0.05,0.0,0.03,0.0,0.07,0.0,0.05,0.0,0.03,0.0,0.07,0.0,0.05,0.0,0.0,366,339
844,47.5,-157.5,6104.722442495946,0.9418833602896933,1.0172115363141527,0.9580946199490156,False,0,,,,,,0.0,0.0,0.5,1.0,0.9580946199490156,0.0,0.02,0.0,0.04,0.0,0.02,0.0,0.02,0.0,0.04,0.0,0.02,0.0,0.02,0.0,0.04,0.0,0.02,0.0,0.02,0.0,0.04,0.0,0.02,0.0,0.02,0.0,0.04,0.0,0.02,0.0,0.0,818,762
845,47.5,-152.5,6469.789087643719,1.0037840991984621,1.0214197821714377,1.025284935950446,False,0,,,,,,0.0,0.0,0.5,1.0,1.025284935950446,0.0,0.02,0.02,0.09,0.02,0.08,0.0,0.02,0.02,0.09,0.02,0.07,0.0,0.02,0.02,0.09,0.02,0.07,0.0,0.02,0.02,0.09,0.02,0.07,0.0,0.01,0.02,0.09,0.02,0.08,0.0,-0.01,66,146
846,47.5,-147.5,6829.478043076542,1.0826513676760492,1.0238028841305602,1.1084215927346348,False,0,,,,,,0.0,0.0,0.5,1.0,1.1084215927346348,0.0,0.0,0.01,0.06,0.01,0.06,0.0,0.02,0.01,0.08,0.01,0.08,0.0,0.02,0.01,0.08,0.01,0.08,0.0,0.02,0.01,0.08,0.01,0.08,0.0,0.02,0.01,0.08,0.01,0.08,0.0,0.0,66,221
847,47.5,-142.5,7182.773954210947,1.2553866865459484,1.023407428629897,1.2847720608141957,False,0,,,,,,0.0,0.0,0.5,1.0,1.2847720608141957,0.0,0.06,0.0,0.09,0.0,0.04,0.0,0.07,0.0,0.09,0.0,0.02,0.0,0.07,0.0,0.09,0.0,0.02,0.0,0.07,0.0,0.09,0.0,0.02,0.0,0.07,0.0,0.09,0.0,0.02,0.0,0.0,818,146
848,47.5,-137.5,7528.655249127849,1.231952881374611,1.0201736638640548,1.2568058846998162,False,0,,,,,,0.0,0.0,0.5,1.0,1.2568058846998162,0.0,0.02,0.01,0.05,0.01,0.04,0.0,0.02,0.01,0.06,0.01,0.05,0.0,0.03,0.01,0.07,0.01,0.06,0.0,0.03,0.01,0.07,0.01,0.06,0.0,0.03,0.01,0.07,0.01,0.06,0.0,0.0,240,339
849,47.5,-132.5,7866.076573337707,1.2101774437233463,1.0,1.2101774437233463,False,0,,,,,,0.0,0.0,0.5,1.0,1.2101774437233463,0.01,0.04,0.02,0.08,0.02,0.07,0.01,0.04,0.02,0.09,0.02,0.08,0.01,0.04,0.02,0.09,0.02,0.08,0.01,0.04,0.02,0.09,0.02,0.08,0.01,0.04,0.02,0.09,0.02,0.08,0.0,0.0,66,146
850,47.5,-127.5,8193.955407404806,1.1763620615180717,1.0,1.1763620615180717,True,2948,cas,13.948536002907263,8.42016186931313,154.133879993039,9.431438037843417,0.8984885985149239,0.2685383715283838,0.26805322322875713,0.9377133902845929,1.1030904569082838,0.0,0.02,0.02,0.05,0.02,0.04,0.0,0.01,0.02,0.05,0.02,0.04,0.0,0.01,0.02,0.05,0.02,0.04,0.0,0.01,0.02,0.05,0.02,0.04,0.0,0.01,0.02,0.05,0.02,0.04,0.0,0.0,526,618
851,47.5,-122.5,8511.16214696087,1.147365148082422,1.0,1.147365148082422,True,9931,cas,69.51942592880077,21.675041421528658,160.79994227905183,12.31628575439388,0.7684649840356551,0.1342357078851137,0.47417384019995734,0.9965332071572872,1.1433874707990719,0.0,0.02,0.0,0.04,0.0,0.03,0.0,0.02,0.0,0.05,0.0,0.03,0.0,0.02,0.0,0.05,0.0,0.03,0.0,0.02,0.0,0.05,0.0,0.03,0.0,0.02,0.0,0.05,0.0,0.03,0.0,0.0,665,618
852,47.5,-117.5,8816.513374571063,1.1156927299038708,1.0,1.1156927299038708,True,1621,cas,318.19906740137685,51.94108856471342,6.000786928658743,14.272153927020732,0.7381032191095542,0.1060797326629012,0.6679083242849393,1.0178116701520221,1.1355650807999276,0.0,0.01,0.0,0.08,0.0,0.08,0.0,0.04,0.0,0.09,0.0,0.07,0.0,0.04,0.0,0.09,0.0,0.07,0.0,0.04,0.0,0.09,0.0,0.07,0.0,0.04,0.0,0.09,0.0,0.07,0.0,0.0,135,146
853,47.5,-112.5,9108.768385264244,1.081797746691872,1.0,1.081797746691872,False,0,,,,,,0.0,0.0,0.5,1.0,1.081797746691872,0.01,0.01,0.01,0.08,0.01,0.08,0.0,0.03,0.01,0.09,0.01,0.08,0.0,0.03,0.01,0.09,0.01,0.08,0.0,0.03,0.01,0.09,0.01,0.08,0.0,0.03,0.01,0.09,0.01,0.08,0.0,0.0,66,146
854,47.5,-107.5,9386.62927757751,1.0625138046158165,1.0,1.0625138046158165,False,0,,,,,,0.0,0.0,0.5,1.0,1.0625138046158165,0.0,0.01,0.0,0.04,0.0,0.04,0.0,0.0,0.0,0.04,0.0,0.04,0.0,0.01,0.0,0.04,0.0,0.03,0.0,0.01,0.0,0.04,0.0,0.03,0.0,0.01,0.0,0.04,0.0,0.03,0.0,0.0,665,762
855,47.5,-102.5,9648.745100972988,0.9896749948126042,1.0,0.9896749948126042,False,0,,,,,,0.0,0.0,0.5,1.0,0.9896749948126042,0.0,0.01,0.01,0.03,0.01,0.03,0.0,0.01,0.01,0.03,0.01,0.03,0.0,0.01,0.01,0.03,0.01,0.03,0.0,0.01,0.01,0.03,0.01,0.03,0.0,0.01,0.01,0.03,0.01,0.03,0.0,0.0,665,868
856,47.5,-97.5,9893.720651932554,1.0576055672070166,1.0,1.0576055672070166,False,0,,,,,,0.0,0.0,0.5,1.0,1.0576055672070166,0.0,0.01,0.01,0.05,0.01,0.04,0.0,0.02,0.01,0.06,0.01,0.04,0.0,0.02,0.01,0.06,0.01,0.04,0.0,0.02,0.01,0.06,0.01,0.04,0.0,0.02,0.01,0.06,0.01,0.04,0.0,0.0,526,472
857,47.5,-92.5,10120.130515077522,1.2118690333164772,1.0,1.2118690333164772,False,0,,,,,,0.0,0.0,0.5,1.0,1.2118690333164772,0.0,0.01,0.01,0.04,0.01,0.04,0.0,0.0,0.01,0.04,0.01,0.04,0.0,0.0,0.01,0.04,0.01,0.04,0.0,0.0,0.01,0.04,0.01,0.04,0.0,0.0,0.01,0.04,0.01,0.04,0.0,0.0,526,762
858,47.5,-87.5,10326.53882436618,1.2590698442936819,1.0,1.2590698442936819,False,0,,,,,,0.0,0.0,0.5,1.0,1.2590698442936819,0.0,0.06,0.02,0.12,0.02,0.1,0.0,0.06,0.02,0.12,0.02,0.1,0.0,0.05,0.02,0.12,0.02,0.1,0.0,0.05,0.02,0.12,0.02,0.1,0.0,0.05,0.02,0.12,0.02,0.1,0.0,0.0,13,18
859,47.5,-82.5,10511.52494463205,1.262127441941781,1.0,1.262127441941781,False,0,,,,,,0.0,0.0,0.5,1.0,1.262127441941781,0.0,0.01,0.01,0.06,0.01,0.05,0.0,0.03,0.01,0.06,0.01,0.03,0.0,0.03,0.01,0.06,0.01,0.03,0.0,0.03,0.01,0.06,0.01,0.03,0.0,0.03,0.01,0.06,0.01,0.03,0.0,0.0,665,472
860,47.5,-77.5,10673.714828565062,1.2696968836126894,1.0,1.2696968836126894,False,0,,,,,,0.0,0.0,0.5,1.0,1.2696968836126894,0.0,0.01,0.0,0.02,0.0,0.02,0.0,0.01,0.0,0.02,0.0,0.02,0.0,0.02,0.0,0.03,0.0,0.03,0.0,0.02,0.0,0.03,0.0,0.03,0.0,0.02,0.0,0.03,0.0,0.03,0.0,0.0,665,868
861,47.5,-72.5,10811.81719768229,1.2748946647535266,1.0,1.2748946647535266,False,0,,,,,,0.0,0.0,0.5,1.0,1.2748946647535266,0.0,0.04,0.03,0.12,0.03,0.09,0.0,0.06,0.03,0.13,0.03,0.08,0.0,0.06,0.03,0.13,0.03,0.08,0.0,0.06,0.03,0.13,0.03,0.08,0.0,0.06,0.03,0.13,0.03,0.08,0.0,0.0,66,11
862,47.5,-67.5,10924.662977178414,1.2746812707037791,1.0,1.2746812707037791,False,0,,,,,,0.0,0.0,0.5,1.0,1.2746812707037791,0.0,0.02,0.0,0.07,0.0,0.06,0.0,0.03,0.0,0.08,0.0,0.06,0.0,0.03,0.0,0.08,0.0,0.06,0.0,0.03,0.0,0.08,0.0,0.06,0.0,0.03,0.0,0.08,0.0,0.06,0.0,0.0,240,221
863,47.5,97.5,3239.7284256068615,0.8190886518651224,1.0,0.8190886518651224,False,0,,,,,,0.0,0.0,0.5,1.0,0.8190886518651224,0.0,0.03,0.01,0.07,0.01,0.04,0.01,0.01,0.02,0.07,0.02,0.06,0.0,0.01,0.01,0.07,0.01,0.06,0.0,0.01,0.01,0.07,0.01,0.06,0.0,0.01,0.01,0.07,0.01,0.06,0.0,0.0,240,339
864,47.5,102.5,2890.696229525225,0.7063007007080941,1.0,0.7063007007080941,False,0,,,,,,0.0,0.0,0.5,1.0,0.7063007007080941,0.0,0.03,0.0,0.08,0.0,0.07,0.01,0.03,0.01,0.1,0.01,0.08,0.0,0.02,0.0,0.09,0.0,0.08,0.0,0.02,0.0,0.09,0.0,0.08,0.0,0.02,0.0,0.09,0.0,0.08,0.0,0.0,66,146
865,47.5,107.5,2559.978592789882,0.7682761996242282,1.0,0.7682761996242282,False,0,,,,,,0.0,0.0,0.5,1.0,0.7682761996242282,0.0,0.01,0.0,0.03,0.0,0.02,0.0,0.03,0.0,0.05,0.0,0.03,0.0,0.03,0.0,0.05,0.0,0.03,0.0,0.03,0.0,0.05,0.0,0.03,0.0,0.03,0.0,0.05,0.0,0.03,0.0,0.0,665,618
866,47.5,112.5,2257.0071002758464,0.936251380193589,1.0,0.936251380193589,False,0,,,,,,0.0,0.0,0.5,1.0,0.936251380193589,0.0,0.02,0.0,0.03,0.0,0.02,0.0,0.02,0.0,0.04,0.0,0.03,0.0,0.02,0.0,0.04,0.0,0.03,0.0,0.02,0.0,0.04,0.0,0.03,0.0,0.02,0.0,0.04,0.0,0.03,0.0,0.0,665,762
867,47.5,117.5,1995.6880060017488,1.0182968745134182,1.0,1.0182968745134182,False,0,,,,,,0.0,0.0,0.5,1.0,1.0182968745134182,0.0,0.01,0.0,0.02,0.0,0.01,0.0,0.03,0.0,0.05,0.0,0.03,0.0,0.03,0.0,0.05,0.0,0.03,0.0,0.03,0.0,0.05,0.0,0.03,0.0,0.03,0.0,0.05,0.0,0.03,0.0,0.0,665,618
868,47.5,122.5,1795.330544778286,0.9407156065819713,1.0,0.9407156065819713,False,0,,,,,,0.0,0.0,0.5,1.0,0.9407156065819713,0.0,0.0,0.01,0.02,0.01,0.02,0.0,0.03,0.02,0.07,0.02,0.06,0.0,0.04,0.02,0.07,0.02,0.06,0.0,0.04,0.02,0.07,0.02,0.06,0.0,0.04,0.02,0.07,0.02,0.06,0.0,0.0,240,339
869,47.5,127.5,1678.6519149557116,0.7470938305197368,1.0,0.7470938305197368,False,0,,,,,,0.0,0.0,0.5,1.0,0.7470938305197368,0.0,0.03,0.0,0.04,0.0,0.02,0.01,0.01,0.01,0.05,0.01,0.05,0.0,0.02,0.0,0.04,0.0,0.02,0.0,0.02,0.0,0.04,0.0,0.02,0.0,0.02,0.0,0.04,0.0,0.02,0.0,0.0,818,762
870,47.5,132.5,1663.7486410777276,0.7886138255135464,1.0,0.7886138255135464,True,823,kur,477.21792112627367,28.87284636852019,20.367623674223776,10.569355359718179,0.9577176695828262,0.25385407896408724,0.25311464400203093,0.9373271453434148,0.7391891458469623,0.0,0.02,0.01,0.07,0.01,0.05,0.01,0.0,0.03,0.09,0.03,0.09,0.01,0.01,0.02,0.09,0.02,0.09,0.01,0.01,0.02,0.09,0.02,0.09,0.01,0.01,0.02,0.09,0.02,0.09,0.0,0.0,29,146
871,47.5,137.5,1753.2637727091308,0.8143651974379119,0.9794135261914184,0.797600289630236,True,4227,kur,390.02593827699036,34.95467658160446,73.14079655097082,13.201166589279016,0.9133872913696669,0.155479112088689,0.8089253431604132,1.0480314380562745,0.8534803289738367,0.0,0.0,0.0,0.05,0.0,0.05,0.01,0.02,0.01,0.09,0.01,0.07,0.01,0.02,0.01,0.08,0.01,0.07,0.01,0.02,0.01,0.08,0.01,0.07,0.01,0.02,0.01,0.08,0.01,0.07,0.0,0.0,135,221
872,47.5,142.5,1932.4879779704577,0.9331732349320084,0.9094546338393265,0.8486787226837494,True,8288,kur,432.7389989068038,39.320359459531566,75.93833815964022,14.416571282004252,0.9693980294766292,0.1323414059015311,0.8213717262050948,1.0425307860629842,0.9728618261466045,0.0,0.02,0.01,0.05,0.01,0.04,0.0,0.01,0.01,0.06,0.01,0.05,0.0,0.01,0.01,0.06,0.01,0.05,0.0,0.01,0.01,0.06,0.01,0.05,0.0,0.01,0.01,0.06,0.01,0.05,0.0,0.0,366,472
873,47.5,147.5,2178.909459209553,0.9775184028986813,0.8320876784989488,0.8133810185579639,True,9902,kur,339.25779651354793,44.43573626177263,60.53763556481735,21.149793445010236,0.9166204616103653,0.059053748415828757,0.5282451389243379,1.001667981328008,0.9791488853425006,0.0,0.02,0.0,0.04,0.0,0.03,0.0,0.03,0.0,0.07,0.0,0.06,0.0,0.03,0.0,0.06,0.0,0.05,0.0,0.03,0.0,0.06,0.0,0.05,0.0,0.03,0.0,0.06,0.0,0.05,0.0,0.0,366,472
874,47.5,152.5,2471.846689894291,1.0212727461503444,0.8005992959578877,0.8176302415489443,True,8854,kur,71.9338673126234,24.39018414211961,41.14578403177001,15.54140485756982,0.9757545291878069,0.10524959251216118,0.06697744367142079,0.9544245523978426,0.9747277836206579,0.0,0.0,0.01,0.06,0.01,0.06,0.02,0.01,0.03,0.08,0.03,0.07,0.02,0.01,0.03,0.08,0.03,0.07,0.0,0.01,0.01,0.08,0.01,0.07,0.02,0.01,0.03,0.08,0.03,0.07,0.0,0.0,135,221
875,47.5,157.5,2795.9114834929374,1.0395036082967093,0.8345626009346006,0.8675308350210039,True,2228,kur,17.109763474171395,10.42718068941362,42.495300943152145,9.4282555572689,0.9957637485476731,0.24464575409003422,0.027238768292292926,0.8843409719643346,0.9192756313215449,0.01,0.02,0.03,0.08,0.03,0.06,0.01,0.03,0.04,0.1,0.04,0.07,0.01,0.03,0.04,0.1,0.04,0.07,0.01,0.03,0.04,0.1,0.04,0.07,0.01,0.03,0.04,0.1,0.04,0.07,0.0,0.0,135,83
876,47.5,162.5,3140.5650394008007,1.016194196191255,0.8724560296627015,0.8865847537753028,False,0,,,,,,0.0,0.0,0.5,1.0,0.8865847537753028,0.0,0.0,0.01,0.04,0.01,0.04,0.0,0.02,0.02,0.06,0.02,0.05,0.0,0.02,0.02,0.06,0.02,0.05,0.0,0.02,0.02,0.06,0.02,0.05,0.0,0.02,0.02,0.06,0.02,0.05,0.0,0.0,366,472
877,47.5,167.5,3498.7161250388194,0.7827639340977133,0.9078846714215364,0.7106593771089316,False,0,,,,,,0.0,0.0,0.5,1.0,0.7106593771089316,0.0,0.04,0.0,0.05,0.0,0.04,0.0,0.01,0.0,0.05,0.0,0.04,0.0,0.01,0.0,0.05,0.0,0.04,0.0,0.02,0.0,0.05,0.0,0.04,0.0,0.02,0.0,0.05,0.0,0.04,0.0,0.0,526,618
878,47.5,172.5,3865.519552254753,0.9642484065235376,0.9385067093174326,0.9049535989709833,False,0,,,,,,0.0,0.0,0.5,1.0,0.9049535989709833,0.01,0.02,0.03,0.05,0.03,0.05,0.0,0.02,0.03,0.06,0.03,0.05,0.0,0.02,0.03,0.06,0.03,0.05,0.0,0.02,0.03,0.06,0.03,0.05,0.0,0.02,0.03,0.06,0.03,0.05,0.0,0.0,366,472
879,47.5,177.5,4237.5567851140595,0.9711195906265184,0.9629445761029647,0.9351343425411374,False,0,,,,,,0.0,0.0,0.5,1.0,0.9351343425411374,0.0,0.01,0.01,0.05,0.01,0.05,0.0,0.02,0.01,0.07,0.01,0.06,0.0,0.02,0.01,0.07,0.01,0.06,0.0,0.02,0.01,0.07,0.01,0.06,0.0,0.02,0.01,0.07,0.01,0.06,0.0,0.0,240,339
880,52.5,-177.5,4656.430367767824,1.0842895238960069,0.9851470513016731,1.068184627223446,True,4464,alu,43.38621515248269,23.169958684288318,86.36365801525517,15.872420105808857,0.9829930236410744,0.10620945546811968,0.4083723498212704,0.9902682771686938,1.073737518780562,0.0,0.05,0.01,0.08,0.01,0.05,0.0,0.07,0.01,0.11,0.01,0.05,0.0,0.07,0.01,0.11,0.01,0.06,0.0,0.07,0.01,0.11,0.01,0.06,0.0,0.07,0.01,0.11,0.01,0.06,0.0,0.0,240,40
881,52.5,-172.5,4993.4198334667535,1.0449413630560873,1.0347502306909937,1.0812533164808478,True,4845,alu,42.5423518103622,22.349031140774006,75.76714680588874,16.0203513351569,0.9298887439241443,0.09330061934551855,0.32657199623149646,0.9838190598365417,1.0280332293861543,0.02,0.04,0.02,0.07,0.02,0.04,0.02,0.04,0.02,0.08,0.02,0.05,0.02,0.04,0.02,0.08,0.02,0.04,0.02,0.05,0.02,0.08,0.01,0.03,0.02,0.04,0.02,0.08,0.02,0.04,0.0,-0.010000000000000002,526,221
882,52.5,-167.5,5331.748795260094,1.0216612002746417,1.0477460026112653,1.0704414386107832,True,5535,alu,40.167741396197286,20.185056694258098,68.75875473496811,14.484858307751507,0.9753999931367737,0.11798031037840873,0.20922990499390468,0.9656948539424215,0.9866129635778591,0.0,0.01,0.0,0.02,0.0,0.02,0.0,0.0,0.0,0.02,0.0,0.02,0.0,0.0,0.0,0.02,0.0,0.02,0.0,0.0,0.0,0.02,0.0,0.02,0.0,0.0,0.0,0.02,0.0,0.02,0.0,0.0,818,918
883,52.5,-162.5,5669.717096024905,1.0186209263945296,1.0602723970228243,1.0800156512859378,True,3664,alu,24.92813390012793,14.449783958641502,67.90181483557907,13.966943191871914,0.9789438894911903,0.13704700236565434,0.1743578260545337,0.9553717162169388,0.9731616226240299,0.0,0.03,0.0,0.07,0.0,0.04,0.0,0.05,0.0,0.09,0.0,0.06,0.0,0.05,0.0,0.09,0.0,0.06,0.0,0.05,0.0,0.09,0.0,0.06,0.0,0.05,0.0,0.09,0.0,0.06,0.0,0.0,240,146
884,52.5,-157.5,6005.848139800263,1.0479702738751864,1.0705481979345601,1.1219026881860683,True,1744,alu,11.890493062706518,6.546298621515132,61.87332759709458,9.131348318079814,0.9523240828064254,0.2875819693157045,0.06777575554067655,0.8757001005923952,0.9177076742503407,0.0,0.02,0.01,0.05,0.01,0.05,0.0,0.01,0.01,0.06,0.01,0.06,0.0,0.01,0.01,0.06,0.01,0.06,0.0,0.01,0.01,0.06,0.01,0.06,0.0,0.01,0.01,0.06,0.01,0.06,0.0,0.0,240,472
885,52.5,-152.5,6338.818128502145,1.097227532505577,1.0770459688419745,1.1817644907875582,True,21,alu,6.841806093851427,2.6909660384761898,37.14692171683292,6.286211354390952,0.9768289072097446,0.48520043140909447,0.015409794462500539,0.7648766232165835,0.8392436899631297,0.01,0.01,0.02,0.08,0.02,0.07,0.01,0.02,0.02,0.08,0.02,0.06,0.02,0.02,0.03,0.08,0.03,0.06,0.02,0.03,0.03,0.09,0.03,0.07,0.01,0.02,0.02,0.08,0.02,0.06,-0.009999999999999995,-0.009999999999999998,240,221
886,52.5,-147.5,6667.404317519744,1.1430068048158946,1.0784002907863814,1.2326188706842733,False,0,,,,,,0.0,0.0,0.5,1.0,1.2326188706842733,0.0,0.02,0.0,0.04,0.0,0.03,0.0,0.01,0.0,0.04,0.0,0.03,0.0,0.01,0.0,0.04,0.0,0.03,0.0,0.01,0.0,0.04,0.0,0.03,0.0,0.01,0.0,0.04,0.0,0.03,0.0,0.0,665,762
887,52.5,-142.5,6990.446751340662,1.1420819427133024,1.0735801098470255,1.2261164575124515,False,0,,,,,,0.0,0.0,0.5,1.0,1.2261164575124515,0.01,0.02,0.01,0.08,0.01,0.07,0.0,0.01,0.01,0.08,0.01,0.07,0.0,0.01,0.01,0.08,0.01,0.07,0.0,0.01,0.01,0.08,0.01,0.07,0.0,0.01,0.01,0.08,0.01,0.07,0.0,0.0,135,221
888,52.5,-137.5,7306.819707457193,1.1490815980638651,1.062675812252808,1.2211012205672724,False,0,,,,,,0.0,0.0,0.5,1.0,1.2211012205672724,0.01,0.06,0.01,0.09,0.01,0.06,0.0,0.05,0.01,0.09,0.01,0.06,0.0,0.05,0.01,0.09,0.01,0.06,0.0,0.04,0.01,0.09,0.01,0.06,0.0,0.04,0.01,0.09,0.01,0.06,0.0,0.0,240,146
889,52.5,-132.5,7615.410327661308,1.1281356524606174,1.04768419876841,1.1819298971502794,False,0,,,,,,0.0,0.0,0.5,1.0,1.1819298971502794,0.0,0.02,0.0,0.03,0.0,0.02,0.0,0.01,0.0,0.03,0.0,0.02,0.0,0.01,0.0,0.03,0.0,0.02,0.0,0.01,0.0,0.03,0.0,0.02,0.0,0.01,0.0,0.03,0.0,0.02,0.0,0.0,818,868
890,52.5,-127.5,7915.102795370539,1.0889197277365221,1.0320713637666534,1.1238428684374453,True,104,cas,23.040014654868372,12.063849348116674,146.31533036792933,10.616119929231706,0.9836420062812314,0.2477119597743199,0.3853835365314892,0.9716081312118134,1.0580032617057589,0.0,0.03,0.0,0.05,0.0,0.03,0.0,0.04,0.0,0.07,0.0,0.04,0.0,0.04,0.0,0.07,0.0,0.04,0.0,0.05,0.0,0.07,0.0,0.03,0.0,0.05,0.0,0.07,0.0,0.03,0.0,0.0,665,339
891,52.5,-122.5,8204.767039856015,1.025885931527387,1.0,1.025885931527387,True,24,cas,56.77148977915412,16.266241590183323,127.00224357138694,7.113766292732078,0.9810944103525668,0.44632492826110537,0.5333561303477512,1.0148876724845282,1.0411589852824517,0.0,0.03,0.01,0.08,0.01,0.06,0.0,0.02,0.01,0.08,0.01,0.06,0.0,0.02,0.01,0.08,0.01,0.06,0.0,0.02,0.01,0.08,0.01,0.06,0.0,0.02,0.01,0.08,0.01,0.06,0.0,0.0,240,221
892,52.5,-117.5,8483.251393074175,0.9348624322722405,1.0,0.9348624322722405,False,0,,,,,,0.0,0.0,0.5,1.0,0.9348624322722405,0.0,0.0,0.01,0.06,0.01,0.06,0.0,0.01,0.01,0.06,0.01,0.05,0.0,0.01,0.01,0.06,0.01,0.05,0.0,0.01,0.01,0.06,0.01,0.05,0.0,0.01,0.01,0.06,0.01,0.05,0.0,0.0,366,472
893,52.5,-112.5,8749.37894391683,0.8452602081709494,1.0,0.8452602081709494,False,0,,,,,,0.0,0.0,0.5,1.0,0.8452602081709494,0.0,0.0,0.01,0.04,0.01,0.04,0.0,0.0,0.01,0.04,0.01,0.04,0.0,0.0,0.01,0.04,0.01,0.04,0.0,0.0,0.01,0.04,0.01,0.04,0.0,0.0,0.01,0.04,0.01,0.04,0.0,0.0,526,762
894,52.5,-107.5,9001.947558274958,0.9479535076972386,1.0,0.9479535076972386,False,0,,,,,,0.0,0.0,0.5,1.0,0.9479535076972386,0.0,0.02,0.0,0.06,0.0,0.05,0.0,0.02,0.0,0.07,0.0,0.05,0.0,0.02,0.0,0.07,0.0,0.05,0.0,0.02,0.0,0.07,0.0,0.05,0.0,0.02,0.0,0.07,0.0,0.05,0.0,0.0,366,339
895,52.5,-102.5,9239.733675606489,1.0404513973030165,1.0,1.0404513973030165,False,0,,,,,,0.0,0.0,0.5,1.0,1.0404513973030165,0.0,0.02,0.0,0.05,0.0,0.03,0.0,0.03,0.0,0.05,0.0,0.02,0.0,0.03,0.0,0.05,0.0,0.02,0.0,0.03,0.0,0.05,0.0,0.02,0.0,0.03,0.0,0.05,0.0,0.02,0.0,0.0,818,618
896,52.5,-97.5,9461.50005650846,1.1371773423992209,1.0,1.1371773423992209,False,0,,,,,,0.0,0.0,0.5,1.0,1.1371773423992209,0.0,0.02,0.0,0.04,0.0,0.04,0.0,0.01,0.0,0.04,0.0,0.04,0.0,0.02,0.0,0.05,0.0,0.04,0.0,0.02,0.0,0.05,0.0,0.04,0.0,0.02,0.0,0.05,0.0,0.04,0.0,0.0,526,618
897,52.5,-92.5,9666.007636607066,1.1152863849779222,1.0,1.1152863849779222,False,0,,,,,,0.0,0.0,0.5,1.0,1.1152863849779222,0.0,0.01,0.02,0.05,0.02,0.04,0.0,0.01,0.02,0.05,0.02,0.04,0.0,0.01,0.02,0.05,0.02,0.04,0.0,0.01,0.02,0.05,0.02,0.04,0.0,0.01,0.02,0.05,0.02,0.04,0.0,0.0,526,618
898,52.5,-87.5,9852.031532607545,1.144376762465351,1.0,1.144376762465351,False,0,,,,,,0.0,0.0,0.5,1.0,1.144376762465351,0.0,0.01,0.01,0.04,0.01,0.04,0.0,0.01,0.01,0.05,0.01,0.04,0.0,0.01,0.01,0.05,0.01,0.04,0.0,0.01,0.01,0.05,0.01,0.04,0.0,0.01,0.01,0.05,0.01,0.04,0.0,0.0,526,618
899,52.5,-82.5,10018.381041973651,1.2076435099699063,1.0,1.2076435099699063,False,0,,,,,,0.0,0.0,0.5,1.0,1.2076435099699063,0.0,0.05,0.0,0.06,0.0,0.05,0.0,0.05,0.0,0.06,0.0,0.05,0.0,0.05,0.0,0.06,0.0,0.05,0.0,0.05,0.0,0.06,0.0,0.05,0.0,0.05,0.0,0.06,0.0,0.05,0.0,0.0,366,472
900,52.5,-77.5,10163.923182801913,1.2370149991400903,1.0,1.2370149991400903,False,0,,,,,,0.0,0.0,0.5,1.0,1.2370149991400903,0.0,0.02,0.0,0.05,0.0,0.05,0.0,0.01,0.0,0.05,0.0,0.05,0.0,0.01,0.0,0.05,0.0,0.05,0.0,0.01,0.0,0.05,0.0,0.05,0.0,0.01,0.0,0.05,0.0,0.05,0.0,0.0,366,618
901,52.5,-72.5,10287.608954695632,1.2436596438234073,1.0,1.2436596438234073,False,0,,,,,,0.0,0.0,0.5,1.0,1.2436596438234073,0.0,0.01,0.01,0.02,0.01,0.01,0.0,0.02,0.01,0.03,0.01,0.01,0.0,0.02,0.01,0.03,0.01,0.01,0.0,0.02,0.01,0.03,0.01,0.01,0.0,0.02,0.01,0.03,0.01,0.01,0.0,0.0,913,868
902,52.5,-67.5,10388.501104336916,1.239405440816969,1.0,1.239405440816969,False,0,,,,,,0.0,0.0,0.5,1.0,1.239405440816969,0.0,0.02,0.0,0.05,0.0,0.03,0.0,0.01,0.0,0.05,0.0,0.04,0.0,0.01,0.0,0.05,0.0,0.04,0.0,0.01,0.0,0.05,0.0,0.04,0.0,0.01,0.0,0.05,0.0,0.04,0.0,0.0,526,618
903,52.5,97.5,3454.3958866743897,0.9019794093133218,1.0,0.9019794093133218,False,0,,,,,,0.0,0.0,0.5,1.0,0.9019794093133218,0.0,0.0,0.02,0.02,0.02,0.02,0.0,0.03,0.02,0.05,0.02,0.04,0.0,0.03,0.02,0.05,0.02,0.04,0.0,0.03,0.02,0.05,0.02,0.04,0.0,0.03,0.02,0.05,0.02,0.04,0.0,0.0,526,618
904,52.5,102.5,3161.072544662686,0.8485053154573682,1.0,0.8485053154573682,False,0,,,,,,0.0,0.0,0.5,1.0,0.8485053154573682,0.0,0.01,0.0,0.04,0.0,0.04,0.01,0.02,0.01,0.06,0.01,0.05,0.0,0.01,0.0,0.05,0.0,0.04,0.0,0.01,0.0,0.05,0.0,0.04,0.0,0.01,0.0,0.05,0.0,0.04,0.0,0.0,526,618
905,52.5,107.5,2890.7420162442395,0.8628554054754225,1.0,0.8628554054754225,False,0,,,,,,0.0,0.0,0.5,1.0,0.8628554054754225,0.0,0.04,0.0,0.07,0.0,0.05,0.0,0.04,0.0,0.09,0.0,0.07,0.0,0.02,0.0,0.07,0.0,0.05,0.0,0.02,0.0,0.07,0.0,0.05,0.0,0.02,0.0,0.07,0.0,0.05,0.0,0.0,366,339
906,52.5,112.5,2651.620703072535,0.8994758375517435,1.0,0.8994758375517435,False,0,,,,,,0.0,0.0,0.5,1.0,0.8994758375517435,0.0,0.01,0.0,0.04,0.0,0.03,0.0,0.03,0.0,0.07,0.0,0.05,0.0,0.03,0.0,0.07,0.0,0.05,0.0,0.03,0.0,0.07,0.0,0.05,0.0,0.03,0.0,0.07,0.0,0.05,0.0,0.0,366,339
907,52.5,117.5,2453.85996803934,0.8944128618855742,1.0,0.8944128618855742,False,0,,,,,,0.0,0.0,0.5,1.0,0.8944128618855742,0.0,0.0,0.0,0.02,0.0,0.02,0.0,0.03,0.0,0.07,0.0,0.07,0.0,0.05,0.0,0.07,0.0,0.07,0.0,0.05,0.0,0.07,0.0,0.07,0.0,0.05,0.0,0.07,0.0,0.07,0.0,0.0,135,339
908,52.5,122.5,2308.9192224113935,0.8626829337109484,1.0,0.8626829337109484,False,0,,,,,,0.0,0.0,0.5,1.0,0.8626829337109484,0.01,0.02,0.01,0.05,0.01,0.04,0.0,0.0,0.02,0.05,0.02,0.05,0.01,0.01,0.02,0.05,0.02,0.04,0.01,0.01,0.02,0.05,0.02,0.04,0.01,0.0,0.02,0.05,0.02,0.05,0.0,-0.01,366,618
909,52.5,127.5,2227.6982694393064,0.9072551610407624,1.0,0.9072551610407624,False,0,,,,,,0.0,0.0,0.5,1.0,0.9072551610407624,0.0,0.02,0.0,0.04,0.0,0.03,0.0,0.02,0.0,0.04,0.0,0.02,0.0,0.02,0.0,0.04,0.0,0.02,0.0,0.02,0.0,0.04,0.0,0.02,0.0,0.02,0.0,0.04,0.0,0.02,0.0,0.0,818,762
910,52.5,132.5,2217.5108297581555,0.942289241556735,1.0,0.942289241556735,False,0,,,,,,0.0,0.0,0.5,1.0,0.942289241556735,0.0,0.03,0.01,0.07,0.01,0.07,0.0,0.0,0.02,0.08,0.02,0.08,0.0,0.0,0.02,0.08,0.02,0.08,0.0,0.0,0.02,0.08,0.02,0.08,0.0,0.0,0.02,0.08,0.02,0.08,0.0,0.0,66,221
911,52.5,137.5,2279.3453459105594,0.9819493670269536,0.992899180366976,0.974976721682933,False,0,,,,,,0.0,0.0,0.5,1.0,0.974976721682933,0.0,0.02,0.0,0.04,0.0,0.03,0.0,0.02,0.01,0.06,0.01,0.04,0.0,0.02,0.01,0.06,0.01,0.04,0.0,0.02,0.01,0.06,0.01,0.04,0.0,0.02,0.01,0.06,0.01,0.04,0.0,0.0,526,472
912,52.5,142.5,2407.450781488566,0.8470255246630013,0.941655290606145,0.7976060665773609,False,0,,,,,,0.0,0.0,0.5,1.0,0.7976060665773609,0.0,0.01,0.0,0.06,0.0,0.05,0.01,0.02,0.01,0.09,0.01,0.09,0.0,0.02,0.0,0.07,0.0,0.05,0.0,0.02,0.0,0.07,0.0,0.05,0.0,0.02,0.0,0.07,0.0,0.05,0.0,0.0,366,339
913,52.5,147.5,2591.5996399430874,0.8182471661991229,0.8589122472924102,0.7028025123607349,True,1034,kur,548.6480879510798,63.75401526084828,45.27283836878337,16.598628752051486,0.9638005983784401,0.10336973229031284,0.5373279503270878,1.0038585802322573,0.8214044385397193,0.0,0.03,0.0,0.05,0.0,0.04,0.0,0.01,0.01,0.05,0.01,0.04,0.0,0.01,0.01,0.05,0.01,0.04,0.01,0.01,0.01,0.05,0.01,0.04,0.0,0.01,0.01,0.05,0.01,0.04,0.0,0.0,526,618
914,52.5,152.5,2820.239839121458,0.815407086790946,0.7977986229692787,0.6505306510012079,True,7665,kur,372.1499800677436,53.04603837880043,37.9065931299261,16.28871923151753,0.9882663154456176,0.10663963063006537,0.18361109624983446,0.966260404168631,0.7878955812445855,0.0,0.04,0.0,0.06,0.0,0.03,0.01,0.03,0.01,0.08,0.01,0.05,0.0,0.03,0.0,0.08,0.0,0.05,0.0,0.03,0.0,0.07,0.0,0.05,0.0,0.03,0.0,0.07,0.0,0.05,0.0,0.0,366,339
915,52.5,157.5,3082.7454502131204,0.8005979533721359,0.7512100655620232,0.6014172410415038,True,9810,kur,145.02780591214636,35.629842763369766,37.009017424783195,14.635946323956103,0.972326648399095,0.12436670234711074,0.10402265358233184,0.9507536032218751,0.761171388900617,0.0,0.01,0.0,0.02,0.0,0.01,0.0,0.02,0.0,0.03,0.0,0.01,0.0,0.02,0.0,0.03,0.0,0.01,0.0,0.01,0.0,0.02,0.0,0.01,0.0,0.02,0.0,0.03,0.0,0.01,0.009999999999999998,0.01,913,868
916,52.5,162.5,3370.3468220847235,0.8373564728866878,0.7395649073714922,0.6192794623073626,True,3579,kur,19.199783810703448,11.464445652329712,26.976639000041974,10.719821742967616,0.9840316388126712,0.2149404664914739,0.08284904135714499,0.9103373783519392,0.762276896273694,0.0,0.03,0.01,0.08,0.01,0.07,0.02,0.02,0.03,0.09,0.02,0.08,0.02,0.02,0.03,0.09,0.02,0.08,0.02,0.02,0.03,0.09,0.02,0.08,0.02,0.02,0.03,0.09,0.02,0.08,0.0,0.0,66,146
917,52.5,167.5,3676.1866810390266,1.003770832081181,0.7943968051256906,0.7973923420836461,True,1707,alu,10.849560218936224,5.711959422188602,126.55581572402815,6.1353453843862145,0.9601094813897033,0.3466438369163043,0.19448052655764161,0.894093557473292,0.8974650341433894,0.0,0.01,0.0,0.06,0.0,0.06,0.0,0.0,0.0,0.06,0.0,0.06,0.0,0.0,0.0,0.06,0.0,0.06,0.0,0.0,0.0,0.06,0.0,0.06,0.0,0.0,0.0,0.06,0.0,0.06,0.0,0.0,240,472
918,52.5,172.5,3995.0128161572234,1.1123224557997387,0.8507913512656663,0.946354325213004,True,3672,alu,32.34269722887757,20.181059348199174,126.49812688136353,14.858806999504516,0.9592594631832951,0.12485102833106826,0.5425841271014122,1.0053166720591922,1.118236309521301,0.0,0.03,0.01,0.04,0.01,0.01,0.0,0.02,0.01,0.04,0.01,0.02,0.0,0.02,0.01,0.04,0.01,0.02,0.0,0.02,0.01,0.04,0.01,0.02,0.0,0.02,0.01,0.04,0.01,0.02,0.0,0.0,818,762
919,52.5,177.5,4322.801858852549,1.1190730667577702,0.9029572721105796,1.0104751636520168,True,3922,alu,48.474674856458066,26.879791835849275,103.2313853179762,17.6332717010313,0.9698369658090268,0.0884536640031216,0.5792698759144081,1.007011710969702,1.1269196836558537,0.0,0.03,0.02,0.06,0.02,0.04,0.0,0.03,0.02,0.07,0.02,0.04,0.0,0.03,0.02,0.07,0.02,0.04,0.0,0.03,0.02,0.07,0.02,0.04,0.0,0.03,0.02,0.07,0.02,0.04,0.0,0.0,526,339
920,57.5,-177.5,4753.636464457379,1.1617629794613469,1.0167079336035716,1.1811736381852747,False,0,,,,,,0.0,0.0,0.5,1.0,1.1811736381852747,0.0,0.02,0.0,0.08,0.0,0.08,0.0,0.03,0.0,0.1,0.0,0.09,0.0,0.03,0.0,0.1,0.0,0.09,0.0,0.03,0.0,0.1,0.0,0.09,0.0,0.03,0.0,0.1,0.0,0.09,0.0,0.0,29,83
921,57.5,-172.5,5047.392854943255,1.1144531807841078,1.0862949348833233,1.210624845450385,False,0,,,,,,0.0,0.0,0.5,1.0,1.210624845450385,0.01,0.01,0.02,0.06,0.02,0.05,0.0,0.02,0.02,0.07,0.02,0.06,0.0,0.02,0.02,0.07,0.02,0.06,0.0,0.02,0.02,0.07,0.02,0.06,0.0,0.02,0.02,0.07,0.02,0.06,0.0,0.0,240,339
922,57.5,-167.5,5344.521118561369,1.07991982437935,1.1093551049213874,1.19801457008104,True,86,alu,186.59647689760635,58.61567129509196,65.50759971532908,20.104043478591965,0.9963495219992605,0.0735932260873187,0.6910956818640053,1.014063347719728,1.0951071123790244,0.0,0.0,0.01,0.02,0.01,0.02,0.0,0.03,0.01,0.05,0.01,0.04,0.0,0.04,0.01,0.06,0.01,0.04,0.0,0.05,0.01,0.07,0.01,0.04,0.0,0.04,0.01,0.06,0.01,0.04,-0.010000000000000009,-0.010000000000000002,526,472
923,57.5,-162.5,5643.085848030311,1.0830568387033541,1.1282978759125581,1.2220107306015646,True,2509,alu,135.00251508018565,45.72232265852815,63.92617044317626,20.414448126551537,0.9665753342424768,0.06713478970333402,0.5421176800794659,1.0028275615949271,1.0861192486255948,0.0,0.04,0.0,0.1,0.0,0.08,0.0,0.02,0.0,0.1,0.0,0.08,0.0,0.02,0.0,0.1,0.0,0.08,0.01,0.02,0.01,0.1,0.01,0.08,0.0,0.02,0.0,0.1,0.0,0.08,0.0,0.0,66,83
924,57.5,-157.5,5941.395378976851,1.1174624989869988,1.1413587750354985,1.275425628991908,True,6532,alu,78.38313471154473,31.394755577844023,47.29697913131431,17.24330665000132,0.9693779405131869,0.09542612271043441,0.1376351733612454,0.9654209295872249,1.0788216845508918,0.0,0.04,0.0,0.05,0.0,0.03,0.0,0.02,0.0,0.05,0.0,0.04,0.0,0.02,0.0,0.05,0.0,0.04,0.0,0.01,0.0,0.05,0.0,0.04,0.0,0.02,0.0,0.05,0.0,0.04,0.0,0.01,526,618
925,57.5,-152.5,6237.939946042886,1.1487962466516013,1.147719401130575,1.318495740228028,True,8377,alu,27.908717691147018,11.468505391546497,49.40557849604883,14.302864820467803,0.7171954652351339,0.09365807348519634,0.0777900742796723,0.9604566317507063,1.1033689736268506,0.0,0.01,0.01,0.09,0.01,0.08,0.0,0.03,0.01,0.11,0.01,0.09,0.0,0.04,0.01,0.12,0.01,0.1,0.0,0.04,0.01,0.12,0.01,0.11,0.0,0.04,0.01,0.12,0.01,0.1,0.0,0.0,13,18
926,57.5,-147.5,6531.343263962564,1.1473723074073836,1.146592818126561,1.3155688473906069,True,4124,alu,12.433994669896052,4.120505484761728,44.794942354681766,10.29962321924806,0.8527380653141595,0.18577572033588838,0.03268918078489625,0.91318499593956,1.0477631758809753,0.0,0.01,0.0,0.03,0.0,0.02,0.0,0.01,0.0,0.03,0.0,0.02,0.0,0.02,0.0,0.04,0.0,0.03,0.0,0.02,0.0,0.04,0.0,0.03,0.0,0.01,0.0,0.03,0.0,0.02,-0.010000000000000002,-0.01,818,868
927,57.5,-142.5,6820.324894585465,1.1003085820008502,1.1369958330910312,1.251046272849268,True,73,alu,12.809797460978787,4.361942819398568,46.05366306005315,10.340008484132712,0.917948855662934,0.25555467142790234,0.030320689198866203,0.8799712580517326,0.9682399271484061,0.0,0.03,0.01,0.1,0.01,0.09,0.0,0.04,0.01,0.12,0.01,0.1,0.0,0.05,0.01,0.13,0.01,0.11,0.0,0.04,0.01,0.13,0.01,0.11,0.0,0.04,0.01,0.12,0.01,0.1,-0.010000000000000009,0.0,13,18
928,57.5,-137.5,7103.6711860615305,1.0283729954757357,1.1186897500677433,1.1504303292851672,True,237,alu,2.2663908965477253,2.609216914523879,163.42656734712727,4.27988603044642,0.8260439480503109,0.41030407372129774,0.0703423485978901,0.823709715324189,0.8470808273504018,0.0,0.0,0.0,0.03,0.0,0.03,0.0,0.01,0.0,0.04,0.0,0.04,0.01,0.01,0.01,0.04,0.01,0.04,0.01,0.01,0.01,0.04,0.01,0.04,0.0,0.01,0.0,0.04,0.0,0.04,0.0,0.0,526,762
929,57.5,-132.5,7380.213059402125,0.937499002737395,1.0936573632779663,1.0253026874095021,False,0,,,,,,0.0,0.0,0.5,1.0,1.0253026874095021,0.0,0.02,0.01,0.03,0.01,0.01,0.0,0.02,0.01,0.03,0.01,0.01,0.0,0.02,0.01,0.03,0.01,0.01,0.0,0.02,0.01,0.03,0.01,0.01,0.0,0.02,0.01,0.03,0.01,0.01,0.0,0.0,913,868
930,57.5,-127.5,7648.809365548443,0.8395532089762796,1.066404415317436,0.8953032489462265,False,0,,,,,,0.0,0.0,0.5,1.0,0.8953032489462265,0.0,0.01,0.0,0.05,0.0,0.05,0.0,0.01,0.0,0.05,0.0,0.05,0.0,0.01,0.0,0.05,0.0,0.05,0.0,0.01,0.0,0.05,0.0,0.05,0.0,0.01,0.0,0.05,0.0,0.05,0.0,0.0,366,618
931,57.5,-122.5,7908.334909861199,0.816309402078772,1.042066075690899,0.8506483351738102,False,0,,,,,,0.0,0.0,0.5,1.0,0.8506483351738102,0.0,0.03,0.0,0.06,0.0,0.05,0.0,0.03,0.0,0.06,0.0,0.04,0.0,0.03,0.0,0.06,0.0,0.04,0.0,0.03,0.0,0.06,0.0,0.04,0.0,0.03,0.0,0.06,0.0,0.04,0.0,0.0,526,472
932,57.5,-117.5,8157.672536864067,0.909834648697921,1.0,0.909834648697921,False,0,,,,,,0.0,0.0,0.5,1.0,0.909834648697921,0.0,0.02,0.0,0.07,0.0,0.05,0.0,0.02,0.0,0.07,0.0,0.05,0.0,0.02,0.0,0.07,0.0,0.05,0.0,0.02,0.0,0.07,0.0,0.05,0.0,0.02,0.0,0.07,0.0,0.05,0.0,0.0,366,339
933,57.5,-112.5,8395.708891908764,0.9892308215008759,1.0,0.9892308215008759,False,0,,,,,,0.0,0.0,0.5,1.0,0.9892308215008759,0.0,0.02,0.03,0.08,0.03,0.06,0.0,0.02,0.03,0.08,0.03,0.06,0.0,0.02,0.03,0.08,0.03,0.06,0.0,0.02,0.03,0.08,0.03,0.06,0.0,0.02,0.03,0.08,0.03,0.06,0.0,0.0,240,221
934,57.5,-107.5,8621.333634922717,1.0295735024993398,1.0,1.0295735024993398,False,0,,,,,,0.0,0.0,0.5,1.0,1.0295735024993398,0.02,0.02,0.03,0.05,0.03,0.05,0.01,0.04,0.03,0.07,0.03,0.06,0.01,0.04,0.03,0.07,0.03,0.06,0.01,0.04,0.03,0.07,0.03,0.06,0.01,0.04,0.03,0.07,0.03,0.06,0.0,0.0,240,339
935,57.5,-102.5,8833.441979166217,1.0622212672940499,1.0,1.0622212672940499,False,0,,,,,,0.0,0.0,0.5,1.0,1.0622212672940499,0.0,0.0,0.0,0.05,0.0,0.05,0.0,0.0,0.0,0.05,0.0,0.05,0.0,0.0,0.0,0.05,0.0,0.05,0.0,0.0,0.0,0.05,0.0,0.05,0.0,0.0,0.0,0.05,0.0,0.05,0.0,0.0,366,618
936,57.5,-97.5,9030.940467068012,1.0431092991212625,1.0,1.0431092991212625,False,0,,,,,,0.0,0.0,0.5,1.0,1.0431092991212625,0.0,0.03,0.0,0.05,0.0,0.03,0.0,0.02,0.0,0.05,0.0,0.03,0.0,0.02,0.0,0.05,0.0,0.03,0.0,0.02,0.0,0.05,0.0,0.03,0.0,0.02,0.0,0.05,0.0,0.03,0.0,0.0,665,618
937,57.5,-92.5,9212.75587638222,1.052977560062857,1.0,1.052977560062857,False,0,,,,,,0.0,0.0,0.5,1.0,1.052977560062857,0.0,0.03,0.0,0.06,0.0,0.04,0.0,0.03,0.0,0.06,0.0,0.04,0.0,0.03,0.0,0.06,0.0,0.04,0.0,0.03,0.0,0.06,0.0,0.04,0.0,0.03,0.0,0.06,0.0,0.04,0.0,0.0,526,472
938,57.5,-87.5,9377.847074273684,1.0379522815076205,1.0,1.0379522815076205,False,0,,,,,,0.0,0.0,0.5,1.0,1.0379522815076205,0.0,0.01,0.03,0.07,0.03,0.06,0.0,0.03,0.03,0.09,0.03,0.08,0.0,0.03,0.03,0.09,0.03,0.08,0.0,0.03,0.03,0.09,0.03,0.08,0.0,0.03,0.03,0.09,0.03,0.08,0.0,0.0,66,146
939,57.5,-82.5,9525.219508626584,0.9950582459555393,1.0,0.9950582459555393,False,0,,,,,,0.0,0.0,0.5,1.0,0.9950582459555393,0.0,0.0,0.0,0.02,0.0,0.02,0.0,0.0,0.0,0.02,0.0,0.02,0.0,0.0,0.0,0.02,0.0,0.02,0.0,0.0,0.0,0.02,0.0,0.02,0.0,0.0,0.0,0.02,0.0,0.02,0.0,0.0,818,918
940,57.5,-77.5,9653.941854555063,0.9547732309963836,1.0,0.9547732309963836,False,0,,,,,,0.0,0.0,0.5,1.0,0.9547732309963836,0.01,0.03,0.01,0.1,0.01,0.08,0.01,0.04,0.01,0.11,0.01,0.09,0.01,0.04,0.01,0.11,0.01,0.09,0.01,0.04,0.01,0.11,0.01,0.09,0.01,0.04,0.01,0.11,0.01,0.09,0.0,0.0,29,40
941,57.5,-72.5,9763.164137020614,0.989311722767776,1.0,0.989311722767776,False,0,,,,,,0.0,0.0,0.5,1.0,0.989311722767776,0.0,0.03,0.01,0.04,0.01,0.02,0.0,0.03,0.01,0.04,0.01,0.02,0.0,0.03,0.01,0.04,0.01,0.02,0.0,0.03,0.01,0.04,0.01,0.02,0.0,0.03,0.01,0.04,0.01,0.02,0.0,0.0,818,762
942,57.5,-67.5,9852.136453129788,1.0522691619796958,1.0,1.0522691619796958,False,0,,,,,,0.0,0.0,0.5,1.0,1.0522691619796958,0.0,0.03,0.0,0.05,0.0,0.02,0.0,0.04,0.0,0.06,0.0,0.02,0.0,0.04,0.0,0.06,0.0,0.02,0.0,0.04,0.0,0.06,0.0,0.02,0.0,0.04,0.0,0.06,0.0,0.02,0.0,0.0,818,472
943,57.5,97.5,3733.4518694980475,0.9858996693528349,1.0,0.9858996693528349,False,0,,,,,,0.0,0.0,0.5,1.0,0.9858996693528349,0.0,0.02,0.01,0.04,0.01,0.02,0.0,0.01,0.01,0.04,0.01,0.03,0.0,0.01,0.01,0.04,0.01,0.03,0.0,0.01,0.01,0.04,0.01,0.03,0.0,0.01,0.01,0.04,0.01,0.03,0.0,0.0,665,762
944,57.5,102.5,3494.3895610186255,0.9517760250324984,1.0,0.9517760250324984,False,0,,,,,,0.0,0.0,0.5,1.0,0.9517760250324984,0.0,0.02,0.02,0.07,0.02,0.07,0.0,0.01,0.02,0.08,0.02,0.07,0.0,0.01,0.02,0.08,0.02,0.07,0.0,0.01,0.02,0.08,0.02,0.07,0.0,0.01,0.02,0.08,0.02,0.07,0.0,0.0,135,221
945,57.5,107.5,3279.1506567029146,0.9736441526546284,1.0,0.9736441526546284,False,0,,,,,,0.0,0.0,0.5,1.0,0.9736441526546284,0.0,0.01,0.02,0.05,0.02,0.05,0.01,0.0,0.03,0.05,0.03,0.05,0.02,0.01,0.03,0.05,0.02,0.04,0.02,0.01,0.03,0.05,0.02,0.04,0.02,0.01,0.03,0.05,0.02,0.04,0.0,0.0,526,618
946,57.5,112.5,3093.7053006677525,1.000063480292201,1.0,1.000063480292201,False,0,,,,,,0.0,0.0,0.5,1.0,1.000063480292201,0.0,0.01,0.01,0.04,0.01,0.04,0.01,0.0,0.02,0.04,0.02,0.04,0.01,0.0,0.02,0.04,0.02,0.04,0.01,0.0,0.02,0.04,0.02,0.04,0.01,0.0,0.02,0.04,0.02,0.04,0.0,0.0,526,762
947,57.5,117.5,2944.520778125812,1.0263133085692466,1.0,1.0263133085692466,False,0,,,,,,0.0,0.0,0.5,1.0,1.0263133085692466,0.0,0.04,0.0,0.05,0.0,0.02,0.01,0.01,0.01,0.05,0.01,0.04,0.01,0.01,0.01,0.05,0.01,0.04,0.01,0.01,0.01,0.05,0.01,0.04,0.01,0.01,0.01,0.05,0.01,0.04,0.0,0.0,526,618
948,57.5,122.5,2837.9713548036098,1.058964431649955,1.0,1.058964431649955,False,0,,,,,,0.0,0.0,0.5,1.0,1.058964431649955,0.0,0.01,0.0,0.05,0.0,0.05,0.0,0.04,0.0,0.09,0.0,0.07,0.0,0.04,0.0,0.09,0.0,0.07,0.0,0.04,0.0,0.09,0.0,0.07,0.0,0.04,0.0,0.09,0.0,0.07,0.0,0.0,135,146
949,57.5,127.5,2779.4142427198594,1.1081159807475467,1.0,1.1081159807475467,False,0,,,,,,0.0,0.0,0.5,1.0,1.1081159807475467,0.01,0.03,0.01,0.11,0.01,0.11,0.0,0.02,0.01,0.12,0.01,0.11,0.02,0.02,0.03,0.12,0.03,0.11,0.02,0.02,0.03,0.12,0.03,0.11,0.02,0.02,0.03,0.12,0.03,0.11,0.0,0.0,5,18
950,57.5,132.5,2772.131493884547,1.1912351691499765,1.0,1.1912351691499765,False,0,,,,,,0.0,0.0,0.5,1.0,1.1912351691499765,0.0,0.02,0.0,0.04,0.0,0.03,0.01,0.02,0.01,0.05,0.0,0.04,0.0,0.01,0.01,0.06,0.01,0.06,0.0,0.01,0.01,0.06,0.01,0.06,0.0,0.01,0.01,0.06,0.01,0.06,0.0,0.0,240,472
951,57.5,137.5,2816.5497045308744,1.2715464763951911,1.0032089521127046,1.2756268081470215,False,0,,,,,,0.0,0.0,0.5,1.0,1.2756268081470215,0.0,0.01,0.0,0.03,0.0,0.02,0.0,0.02,0.0,0.05,0.0,0.03,0.02,0.02,0.02,0.05,0.02,0.03,0.02,0.02,0.02,0.05,0.02,0.03,0.02,0.02,0.02,0.05,0.02,0.03,0.0,0.0,665,618
952,57.5,142.5,2910.131093392563,1.2727080042566994,0.9777555610838522,1.2443973287979189,False,0,,,,,,0.0,0.0,0.5,1.0,1.2443973287979189,0.01,0.02,0.01,0.03,0.0,0.01,0.01,0.03,0.01,0.04,0.0,0.01,0.01,0.03,0.01,0.04,0.0,0.01,0.01,0.03,0.01,0.04,0.0,0.01,0.01,0.03,0.01,0.04,0.0,0.01,0.0,0.0,913,762
953,57.5,147.5,3047.996016997203,0.840333997849904,0.9321374779961041,0.7833068134301931,False,0,,,,,,0.0,0.0,0.5,1.0,0.7833068134301931,0.0,0.02,0.0,0.06,0.0,0.05,0.0,0.02,0.0,0.07,0.0,0.06,0.0,0.02,0.0,0.07,0.0,0.06,0.0,0.02,0.0,0.07,0.0,0.06,0.0,0.02,0.0,0.07,0.0,0.06,0.0,0.0,240,339
954,57.5,152.5,3223.9502237289676,0.9374300868965245,0.8755651479750419,0.8207811127498119,True,280,kur,568.2939019579138,61.54615086705999,36.92317116938657,16.204189781693657,0.9448130966682415,0.10257686754131166,0.3554144449815717,0.9851688666744877,0.9235269362944155,0.0,0.02,0.0,0.05,0.0,0.03,0.01,0.04,0.01,0.08,0.01,0.06,0.01,0.04,0.01,0.08,0.01,0.05,0.01,0.05,0.01,0.08,0.01,0.05,0.01,0.04,0.01,0.08,0.01,0.05,0.0,-0.010000000000000002,366,221
955,57.5,157.5,3431.477428848798,0.9860752180546265,0.8357640786088504,0.8241262460564461,True,1049,kur,267.8922047469483,62.01262062631645,32.6289833316162,14.673558019132502,0.8780205548550767,0.11900838236381725,0.22273610442058153,0.967003272299203,0.953537962591974,0.0,0.01,0.01,0.04,0.01,0.03,0.0,0.04,0.02,0.07,0.02,0.04,0.0,0.04,0.02,0.07,0.02,0.04,0.01,0.03,0.02,0.06,0.02,0.03,0.01,0.04,0.02,0.07,0.02,0.04,0.010000000000000009,0.010000000000000002,526,339
956,57.5,162.5,3664.4291277039856,1.0304640483586451,0.819715387317155,0.8446872365167103,True,2381,kur,66.21251417819207,29.02602850367615,29.8730270668623,16.365007599267585,0.959016239168791,0.09778683292975947,0.1204562996015725,0.9628856235795963,0.9922190177801693,0.0,0.03,0.0,0.05,0.0,0.03,0.0,0.03,0.0,0.06,0.0,0.03,0.0,0.03,0.0,0.06,0.0,0.03,0.0,0.03,0.0,0.06,0.0,0.03,0.0,0.03,0.0,0.06,0.0,0.03,0.0,0.0,665,472
957,57.5,167.5,3917.3726015863213,1.0996006947431307,0.8232637920105348,0.9052614376516483,True,577,alu,16.6520389748204,7.927302567888164,117.7829973859667,9.779265712868686,0.9196294403112286,0.24092747726094665,0.26616918042826526,0.9436637305347224,1.0376532936998752,0.0,0.02,0.0,0.07,0.0,0.05,0.0,0.04,0.0,0.09,0.0,0.05,0.01,0.03,0.01,0.09,0.01,0.06,0.0,0.04,0.0,0.09,0.0,0.05,0.0,0.04,0.0,0.09,0.0,0.05,0.0,0.0,366,146
958,57.5,172.5,4185.68578268754,1.1649453346584304,0.8465680023123081,0.9862054447648306,False,0,,,,,,0.0,0.0,0.5,1.0,0.9862054447648306,0.0,0.04,0.0,0.09,0.0,0.07,0.0,0.03,0.0,0.1,0.0,0.07,0.0,0.03,0.0,0.1,0.0,0.07,0.0,0.03,0.0,0.1,0.0,0.07,0.0,0.03,0.0,0.1,0.0,0.07,0.0,0.0,135,83
959,57.5,177.5,4465.509104347792,1.1929448493814,0.9554641957993169,1.1398160911471367,False,0,,,,,,0.0,0.0,0.5,1.0,1.1398160911471367,0.0,0.0,0.0,0.02,0.0,0.02,0.0,0.0,0.0,0.02,0.0,0.02,0.0,0.0,0.0,0.02,0.0,0.02,0.0,0.0,0.0,0.02,0.0,0.02,0.0,0.0,0.0,0.02,0.0,0.02,0.0,0.0,818,918
